ISO-10303-21;
HEADER;
FILE_DESCRIPTION(('Open CASCADE Model'),'2;1');
FILE_NAME('Open CASCADE Shape Model','2026-08-16T11:42:18',('Author'),(
    'Open CASCADE'),'Open CASCADE STEP processor 7.9','Open CASCADE 7.9'
  ,'Unknown');
FILE_SCHEMA(('AUTOMOTIVE_DESIGN { 1 0 10303 214 1 1 1 1 }'));
ENDSEC;
DATA;
#1 = APPLICATION_PROTOCOL_DEFINITION('international standard',
  'automotive_design',2000,#2);
#2 = APPLICATION_CONTEXT(
  'core data for automotive mechanical design processes');
#3 = SHAPE_DEFINITION_REPRESENTATION(#4,#10);
#4 = PRODUCT_DEFINITION_SHAPE('','',#5);
#5 = PRODUCT_DEFINITION('design','',#6,#9);
#6 = PRODUCT_DEFINITION_FORMATION('','',#7);
#7 = PRODUCT('Open CASCADE STEP translator 7.9 1',
  'Open CASCADE STEP translator 7.9 1','',(#8));
#8 = PRODUCT_CONTEXT('',#2,'mechanical');
#9 = PRODUCT_DEFINITION_CONTEXT('part definition',#2,'design');
#10 = ADVANCED_BREP_SHAPE_REPRESENTATION('',(#11,#15),#2467);
#11 = AXIS2_PLACEMENT_3D('',#12,#13,#14);
#12 = CARTESIAN_POINT('',(0.,0.,0.));
#13 = DIRECTION('',(0.,0.,1.));
#14 = DIRECTION('',(1.,0.,-0.));
#15 = MANIFOLD_SOLID_BREP('',#16);
#16 = CLOSED_SHELL('',(#17,#877,#1279,#1309,#1339,#1685,#2031,#2407));
#17 = ADVANCED_FACE('',(#18,#340,#511,#682),#59,.T.);
#18 = FACE_BOUND('',#19,.T.);
#19 = EDGE_LOOP('',(#20,#136,#159,#186,#187,#289,#312,#339));
#20 = ORIENTED_EDGE('',*,*,#21,.F.);
#21 = EDGE_CURVE('',#22,#24,#26,.T.);
#22 = VERTEX_POINT('',#23);
#23 = CARTESIAN_POINT('',(28.12,-6.887413598405E-15,27.26));
#24 = VERTEX_POINT('',#25);
#25 = CARTESIAN_POINT('',(28.12,-3.787832549763E-15,21.64));
#26 = SURFACE_CURVE('',#27,(#58,#97),.PCURVE_S1.);
#27 = B_SPLINE_CURVE_WITH_KNOTS('',8,(#28,#29,#30,#31,#32,#33,#34,#35,
    #36,#37,#38,#39,#40,#41,#42,#43,#44,#45,#46,#47,#48,#49,#50,#51,#52,
    #53,#54,#55,#56,#57),.UNSPECIFIED.,.F.,.F.,(9,7,7,7,9),(0.,
    0.164637049685,0.360266028045,0.646295351163,1.),.UNSPECIFIED.);
#28 = CARTESIAN_POINT('',(28.12,-3.10862446895E-15,27.26));
#29 = CARTESIAN_POINT('',(28.12,-0.217743108408,27.26));
#30 = CARTESIAN_POINT('',(28.118073486715,-0.433700659655,
    27.240717031263));
#31 = CARTESIAN_POINT('',(28.114273879216,-0.645315420923,
    27.202704349169));
#32 = CARTESIAN_POINT('',(28.108784926611,-0.850134699514,
    27.147036763635));
#33 = CARTESIAN_POINT('',(28.101898803219,-1.045905662379,
    27.075288559485));
#34 = CARTESIAN_POINT('',(28.093982967419,-1.230661813638,
    26.989514919517));
#35 = CARTESIAN_POINT('',(28.085435784169,-1.402800630099,
    26.892236850283));
#36 = CARTESIAN_POINT('',(28.066168574212,-1.749312833736,
    26.660704798034));
#37 = CARTESIAN_POINT('',(28.055235570355,-1.919934797656,
    26.521649294542));
#38 = CARTESIAN_POINT('',(28.044290446587,-2.073237854443,
    26.371895420972));
#39 = CARTESIAN_POINT('',(28.033707970557,-2.209628899925,
    26.213586241823));
#40 = CARTESIAN_POINT('',(28.023782998923,-2.329609345766,26.04847110931
    ));
#41 = CARTESIAN_POINT('',(28.014738643646,-2.433701303114,
    25.877981785653));
#42 = CARTESIAN_POINT('',(28.006738736304,-2.522392721981,
    25.703289143566));
#43 = CARTESIAN_POINT('',(27.989912378947,-2.703871143791,
    25.265161476355));
#44 = CARTESIAN_POINT('',(27.982383965881,-2.779911237124,
    24.997299833754));
#45 = CARTESIAN_POINT('',(27.977724133282,-2.825161307571,
    24.724757828107));
#46 = CARTESIAN_POINT('',(27.97614842458,-2.840182464239,24.449999999998
    ));
#47 = CARTESIAN_POINT('',(27.977724133282,-2.825161307569,
    24.175242171893));
#48 = CARTESIAN_POINT('',(27.982383965881,-2.779911237127,
    23.902700166251));
#49 = CARTESIAN_POINT('',(27.989912378947,-2.703871143789,23.63483852364
    ));
#50 = CARTESIAN_POINT('',(28.012260986647,-2.462833231124,
    23.052921525837));
#51 = CARTESIAN_POINT('',(28.028822361555,-2.27633058184,22.731552406982
    ));
#52 = CARTESIAN_POINT('',(28.049036286603,-2.031512620066,
    22.424252746697));
#53 = CARTESIAN_POINT('',(28.071314306217,-1.726805560562,
    22.145640522414));
#54 = CARTESIAN_POINT('',(28.092913789781,-1.363844718312,
    21.911072585202));
#55 = CARTESIAN_POINT('',(28.110325350198,-0.947890708482,
    21.736812100302));
#56 = CARTESIAN_POINT('',(28.12,-0.487892099542,21.64));
#57 = CARTESIAN_POINT('',(28.12,-3.996802888651E-15,21.64));
#58 = PCURVE('',#59,#64);
#59 = CYLINDRICAL_SURFACE('',#60,28.12);
#60 = AXIS2_PLACEMENT_3D('',#61,#62,#63);
#61 = CARTESIAN_POINT('',(0.,0.,0.));
#62 = DIRECTION('',(0.,0.,1.));
#63 = DIRECTION('',(1.,0.,-0.));
#64 = DEFINITIONAL_REPRESENTATION('',(#65),#96);
#65 = B_SPLINE_CURVE_WITH_KNOTS('',8,(#66,#67,#68,#69,#70,#71,#72,#73,
    #74,#75,#76,#77,#78,#79,#80,#81,#82,#83,#84,#85,#86,#87,#88,#89,#90,
    #91,#92,#93,#94,#95),.UNSPECIFIED.,.F.,.F.,(9,7,7,7,9),(0.,
    0.164637049685,0.360266028045,0.646295351163,1.),.UNSPECIFIED.);
#66 = CARTESIAN_POINT('',(6.28318530718,27.26));
#67 = CARTESIAN_POINT('',(6.275441953396,27.26));
#68 = CARTESIAN_POINT('',(6.267762096621,27.240717031263));
#69 = CARTESIAN_POINT('',(6.260235973488,27.202704349169));
#70 = CARTESIAN_POINT('',(6.25295013804,27.147036763635));
#71 = CARTESIAN_POINT('',(6.245984278724,27.075288559485));
#72 = CARTESIAN_POINT('',(6.239408236257,26.989514919517));
#73 = CARTESIAN_POINT('',(6.233279222333,26.892236850283));
#74 = CARTESIAN_POINT('',(6.220937563367,26.660704798034));
#75 = CARTESIAN_POINT('',(6.21485769886,26.521649294542));
#76 = CARTESIAN_POINT('',(6.209392294601,26.371895420972));
#77 = CARTESIAN_POINT('',(6.204527542957,26.213586241823));
#78 = CARTESIAN_POINT('',(6.200246318969,26.04847110931));
#79 = CARTESIAN_POINT('',(6.19653070104,25.877981785653));
#80 = CARTESIAN_POINT('',(6.193363873105,25.703289143566));
#81 = CARTESIAN_POINT('',(6.186882478812,25.265161476355));
#82 = CARTESIAN_POINT('',(6.184165181656,24.997299833754));
#83 = CARTESIAN_POINT('',(6.182547493286,24.724757828107));
#84 = CARTESIAN_POINT('',(6.182010370283,24.449999999998));
#85 = CARTESIAN_POINT('',(6.182547493286,24.175242171894));
#86 = CARTESIAN_POINT('',(6.184165181656,23.90270016625));
#87 = CARTESIAN_POINT('',(6.186882478812,23.63483852364));
#88 = CARTESIAN_POINT('',(6.195491005027,23.052921525837));
#89 = CARTESIAN_POINT('',(6.202149437134,22.731552406982));
#90 = CARTESIAN_POINT('',(6.210884971316,22.424252746697));
#91 = CARTESIAN_POINT('',(6.221748831627,22.145640522414));
#92 = CARTESIAN_POINT('',(6.234676473809,21.911072585202));
#93 = CARTESIAN_POINT('',(6.24947653288,21.736812100302));
#94 = CARTESIAN_POINT('',(6.265834948021,21.64));
#95 = CARTESIAN_POINT('',(6.28318530718,21.64));
#96 = ( GEOMETRIC_REPRESENTATION_CONTEXT(2)
PARAMETRIC_REPRESENTATION_CONTEXT() REPRESENTATION_CONTEXT('2D SPACE',''
  ) );
#97 = PCURVE('',#98,#103);
#98 = CYLINDRICAL_SURFACE('',#99,2.81);
#99 = AXIS2_PLACEMENT_3D('',#100,#101,#102);
#100 = CARTESIAN_POINT('',(-29.12,0.,24.45));
#101 = DIRECTION('',(1.,0.,1.110223024625E-16));
#102 = DIRECTION('',(1.110223024625E-16,0.,-1.));
#103 = DEFINITIONAL_REPRESENTATION('',(#104),#135);
#104 = B_SPLINE_CURVE_WITH_KNOTS('',8,(#105,#106,#107,#108,#109,#110,
    #111,#112,#113,#114,#115,#116,#117,#118,#119,#120,#121,#122,#123,
    #124,#125,#126,#127,#128,#129,#130,#131,#132,#133,#134),
  .UNSPECIFIED.,.F.,.F.,(9,7,7,7,9),(0.,0.164637049685,0.360266028045,
    0.646295351163,1.),.UNSPECIFIED.);
#105 = CARTESIAN_POINT('',(3.14159265359,57.24));
#106 = CARTESIAN_POINT('',(3.219081304269,57.24));
#107 = CARTESIAN_POINT('',(3.295934442372,57.238073486715));
#108 = CARTESIAN_POINT('',(3.371951441302,57.234273879216));
#109 = CARTESIAN_POINT('',(3.446918752079,57.228784926611));
#110 = CARTESIAN_POINT('',(3.520596274894,57.221898803219));
#111 = CARTESIAN_POINT('',(3.592697895604,57.213982967419));
#112 = CARTESIAN_POINT('',(3.662866187186,57.205435784169));
#113 = CARTESIAN_POINT('',(3.811174615597,57.186168574212));
#114 = CARTESIAN_POINT('',(3.889154518729,57.175235570355));
#115 = CARTESIAN_POINT('',(3.964918946528,57.164290446587));
#116 = CARTESIAN_POINT('',(4.038753139502,57.153707970557));
#117 = CARTESIAN_POINT('',(4.110910863525,57.143782998923));
#118 = CARTESIAN_POINT('',(4.181630404787,57.134738643646));
#119 = CARTESIAN_POINT('',(4.251145313832,57.126738736304));
#120 = CARTESIAN_POINT('',(4.419909004125,57.109912378947));
#121 = CARTESIAN_POINT('',(4.518332874881,57.102383965881));
#122 = CARTESIAN_POINT('',(4.615636266918,57.097724133282));
#123 = CARTESIAN_POINT('',(4.712388980385,57.09614842458));
#124 = CARTESIAN_POINT('',(4.809141693851,57.097724133282));
#125 = CARTESIAN_POINT('',(4.906445085886,57.102383965881));
#126 = CARTESIAN_POINT('',(5.004868956647,57.109912378947));
#127 = CARTESIAN_POINT('',(5.22901928392,57.132260986647));
#128 = CARTESIAN_POINT('',(5.360079881902,57.148822361555));
#129 = CARTESIAN_POINT('',(5.497351172023,57.169036286603));
#130 = CARTESIAN_POINT('',(5.640567656634,57.191314306217));
#131 = CARTESIAN_POINT('',(5.789862224254,57.212913789781));
#132 = CARTESIAN_POINT('',(5.945856409994,57.230325350198));
#133 = CARTESIAN_POINT('',(6.109558225492,57.24));
#134 = CARTESIAN_POINT('',(6.28318530718,57.24));
#135 = ( GEOMETRIC_REPRESENTATION_CONTEXT(2)
PARAMETRIC_REPRESENTATION_CONTEXT() REPRESENTATION_CONTEXT('2D SPACE',''
  ) );
#136 = ORIENTED_EDGE('',*,*,#137,.T.);
#137 = EDGE_CURVE('',#22,#138,#140,.T.);
#138 = VERTEX_POINT('',#139);
#139 = CARTESIAN_POINT('',(28.12,-6.887413598405E-15,75.));
#140 = SEAM_CURVE('',#141,(#145,#152),.PCURVE_S1.);
#141 = LINE('',#142,#143);
#142 = CARTESIAN_POINT('',(28.12,-6.887413598405E-15,0.));
#143 = VECTOR('',#144,1.);
#144 = DIRECTION('',(0.,0.,1.));
#145 = PCURVE('',#59,#146);
#146 = DEFINITIONAL_REPRESENTATION('',(#147),#151);
#147 = LINE('',#148,#149);
#148 = CARTESIAN_POINT('',(0.,-0.));
#149 = VECTOR('',#150,1.);
#150 = DIRECTION('',(0.,1.));
#151 = ( GEOMETRIC_REPRESENTATION_CONTEXT(2)
PARAMETRIC_REPRESENTATION_CONTEXT() REPRESENTATION_CONTEXT('2D SPACE',''
  ) );
#152 = PCURVE('',#59,#153);
#153 = DEFINITIONAL_REPRESENTATION('',(#154),#158);
#154 = LINE('',#155,#156);
#155 = CARTESIAN_POINT('',(6.28318530718,-0.));
#156 = VECTOR('',#157,1.);
#157 = DIRECTION('',(0.,1.));
#158 = ( GEOMETRIC_REPRESENTATION_CONTEXT(2)
PARAMETRIC_REPRESENTATION_CONTEXT() REPRESENTATION_CONTEXT('2D SPACE',''
  ) );
#159 = ORIENTED_EDGE('',*,*,#160,.F.);
#160 = EDGE_CURVE('',#138,#138,#161,.T.);
#161 = SURFACE_CURVE('',#162,(#167,#174),.PCURVE_S1.);
#162 = CIRCLE('',#163,28.12);
#163 = AXIS2_PLACEMENT_3D('',#164,#165,#166);
#164 = CARTESIAN_POINT('',(0.,0.,75.));
#165 = DIRECTION('',(0.,0.,1.));
#166 = DIRECTION('',(1.,0.,-0.));
#167 = PCURVE('',#59,#168);
#168 = DEFINITIONAL_REPRESENTATION('',(#169),#173);
#169 = LINE('',#170,#171);
#170 = CARTESIAN_POINT('',(0.,75.));
#171 = VECTOR('',#172,1.);
#172 = DIRECTION('',(1.,0.));
#173 = ( GEOMETRIC_REPRESENTATION_CONTEXT(2)
PARAMETRIC_REPRESENTATION_CONTEXT() REPRESENTATION_CONTEXT('2D SPACE',''
  ) );
#174 = PCURVE('',#175,#180);
#175 = PLANE('',#176);
#176 = AXIS2_PLACEMENT_3D('',#177,#178,#179);
#177 = CARTESIAN_POINT('',(0.,0.,75.));
#178 = DIRECTION('',(0.,0.,1.));
#179 = DIRECTION('',(1.,0.,-0.));
#180 = DEFINITIONAL_REPRESENTATION('',(#181),#185);
#181 = CIRCLE('',#182,28.12);
#182 = AXIS2_PLACEMENT_2D('',#183,#184);
#183 = CARTESIAN_POINT('',(0.,0.));
#184 = DIRECTION('',(1.,0.));
#185 = ( GEOMETRIC_REPRESENTATION_CONTEXT(2)
PARAMETRIC_REPRESENTATION_CONTEXT() REPRESENTATION_CONTEXT('2D SPACE',''
  ) );
#186 = ORIENTED_EDGE('',*,*,#137,.F.);
#187 = ORIENTED_EDGE('',*,*,#188,.F.);
#188 = EDGE_CURVE('',#24,#22,#189,.T.);
#189 = SURFACE_CURVE('',#190,(#221,#255),.PCURVE_S1.);
#190 = B_SPLINE_CURVE_WITH_KNOTS('',8,(#191,#192,#193,#194,#195,#196,
    #197,#198,#199,#200,#201,#202,#203,#204,#205,#206,#207,#208,#209,
    #210,#211,#212,#213,#214,#215,#216,#217,#218,#219,#220),
  .UNSPECIFIED.,.F.,.F.,(9,7,7,7,9),(0.,0.164637050262,0.360266029299,
    0.646295351593,1.),.UNSPECIFIED.);
#191 = CARTESIAN_POINT('',(28.12,-3.441257505604E-16,21.64));
#192 = CARTESIAN_POINT('',(28.12,0.217743108416,21.64));
#193 = CARTESIAN_POINT('',(28.118073486715,0.433700659651,
    21.659282968739));
#194 = CARTESIAN_POINT('',(28.114273879216,0.645315420915,
    21.697295650829));
#195 = CARTESIAN_POINT('',(28.108784926611,0.850134699514,
    21.752963236362));
#196 = CARTESIAN_POINT('',(28.101898803219,1.045905662387,
    21.824711440518));
#197 = CARTESIAN_POINT('',(28.093982967418,1.230661813642,
    21.910485080487));
#198 = CARTESIAN_POINT('',(28.08543578417,1.402800630092,22.007763149712
    ));
#199 = CARTESIAN_POINT('',(28.066168574212,1.749312833737,
    22.239295201966));
#200 = CARTESIAN_POINT('',(28.055235570355,1.919934797655,
    22.378350705457));
#201 = CARTESIAN_POINT('',(28.044290446587,2.073237854443,
    22.528104579028));
#202 = CARTESIAN_POINT('',(28.033707970557,2.209628899926,
    22.686413758177));
#203 = CARTESIAN_POINT('',(28.023782998923,2.329609345766,22.85152889069
    ));
#204 = CARTESIAN_POINT('',(28.014738643646,2.433701303114,
    23.022018214347));
#205 = CARTESIAN_POINT('',(28.006738736304,2.522392721981,
    23.196710856434));
#206 = CARTESIAN_POINT('',(27.98991237901,2.703871143108,23.634838521995
    ));
#207 = CARTESIAN_POINT('',(27.982383965803,2.779911237965,
    23.902700167968));
#208 = CARTESIAN_POINT('',(27.977724133274,2.825161307652,
    24.175242172232));
#209 = CARTESIAN_POINT('',(27.976148424644,2.840182463543,
    24.449999999999));
#210 = CARTESIAN_POINT('',(27.977724133274,2.825161307653,
    24.724757827767));
#211 = CARTESIAN_POINT('',(27.982383965803,2.779911237965,
    24.997299832034));
#212 = CARTESIAN_POINT('',(27.98991237901,2.703871143107,25.265161478008
    ));
#213 = CARTESIAN_POINT('',(28.01226098659,2.462833231746,25.847078472662
    ));
#214 = CARTESIAN_POINT('',(28.02882236183,2.276330576665,26.168447599097
    ));
#215 = CARTESIAN_POINT('',(28.049036286012,2.03151263525,26.475747241712
    ));
#216 = CARTESIAN_POINT('',(28.071314306908,1.726805536962,
    26.754359489938));
#217 = CARTESIAN_POINT('',(28.092913789344,1.36384473965,26.988927407514
    ));
#218 = CARTESIAN_POINT('',(28.110325350321,0.947890697506,
    27.163187901636));
#219 = CARTESIAN_POINT('',(28.12,0.487892102194,27.26));
#220 = CARTESIAN_POINT('',(28.12,5.161886258406E-16,27.26));
#221 = PCURVE('',#59,#222);
#222 = DEFINITIONAL_REPRESENTATION('',(#223),#254);
#223 = B_SPLINE_CURVE_WITH_KNOTS('',8,(#224,#225,#226,#227,#228,#229,
    #230,#231,#232,#233,#234,#235,#236,#237,#238,#239,#240,#241,#242,
    #243,#244,#245,#246,#247,#248,#249,#250,#251,#252,#253),
  .UNSPECIFIED.,.F.,.F.,(9,7,7,7,9),(0.,0.164637050262,0.360266029299,
    0.646295351593,1.),.UNSPECIFIED.);
#224 = CARTESIAN_POINT('',(0.,21.64));
#225 = CARTESIAN_POINT('',(7.743353784352E-03,21.64));
#226 = CARTESIAN_POINT('',(1.542321055889E-02,21.659282968739));
#227 = CARTESIAN_POINT('',(2.294933369102E-02,21.697295650829));
#228 = CARTESIAN_POINT('',(3.023516913976E-02,21.752963236362));
#229 = CARTESIAN_POINT('',(3.72010284556E-02,21.824711440518));
#230 = CARTESIAN_POINT('',(4.377707092307E-02,21.910485080487));
#231 = CARTESIAN_POINT('',(4.990608484616E-02,22.007763149712));
#232 = CARTESIAN_POINT('',(6.224774381302E-02,22.239295201966));
#233 = CARTESIAN_POINT('',(6.832760831987E-02,22.378350705457));
#234 = CARTESIAN_POINT('',(7.379301257876E-02,22.528104579028));
#235 = CARTESIAN_POINT('',(7.86577642221E-02,22.686413758177));
#236 = CARTESIAN_POINT('',(8.293898821056E-02,22.85152889069));
#237 = CARTESIAN_POINT('',(8.665460613958E-02,23.022018214347));
#238 = CARTESIAN_POINT('',(8.98214340746E-02,23.196710856434));
#239 = CARTESIAN_POINT('',(9.630282834293E-02,23.634838521995));
#240 = CARTESIAN_POINT('',(9.902012555325E-02,23.902700167968));
#241 = CARTESIAN_POINT('',(0.100637813896,24.175242172232));
#242 = CARTESIAN_POINT('',(0.101174936872,24.449999999999));
#243 = CARTESIAN_POINT('',(0.100637813896,24.724757827767));
#244 = CARTESIAN_POINT('',(9.902012555327E-02,24.997299832034));
#245 = CARTESIAN_POINT('',(9.63028283429E-02,25.265161478008));
#246 = CARTESIAN_POINT('',(8.769430217515E-02,25.847078472662));
#247 = CARTESIAN_POINT('',(8.103586986102E-02,26.168447599097));
#248 = CARTESIAN_POINT('',(7.230033640458E-02,26.475747241712));
#249 = CARTESIAN_POINT('',(6.143647471248E-02,26.754359489938));
#250 = CARTESIAN_POINT('',(4.850883412988E-02,26.988927407513));
#251 = CARTESIAN_POINT('',(3.370877390896E-02,27.163187901636));
#252 = CARTESIAN_POINT('',(1.735035925299E-02,27.26));
#253 = CARTESIAN_POINT('',(0.,27.26));
#254 = ( GEOMETRIC_REPRESENTATION_CONTEXT(2)
PARAMETRIC_REPRESENTATION_CONTEXT() REPRESENTATION_CONTEXT('2D SPACE',''
  ) );
#255 = PCURVE('',#98,#256);
#256 = DEFINITIONAL_REPRESENTATION('',(#257),#288);
#257 = B_SPLINE_CURVE_WITH_KNOTS('',8,(#258,#259,#260,#261,#262,#263,
    #264,#265,#266,#267,#268,#269,#270,#271,#272,#273,#274,#275,#276,
    #277,#278,#279,#280,#281,#282,#283,#284,#285,#286,#287),
  .UNSPECIFIED.,.F.,.F.,(9,7,7,7,9),(0.,0.164637050262,0.360266029299,
    0.646295351593,1.),.UNSPECIFIED.);
#258 = CARTESIAN_POINT('',(0.,57.24));
#259 = CARTESIAN_POINT('',(7.748865068184E-02,57.24));
#260 = CARTESIAN_POINT('',(0.15434178878,57.238073486715));
#261 = CARTESIAN_POINT('',(0.230358787709,57.234273879216));
#262 = CARTESIAN_POINT('',(0.305326098489,57.228784926611));
#263 = CARTESIAN_POINT('',(0.379003621307,57.221898803219));
#264 = CARTESIAN_POINT('',(0.451105242016,57.213982967418));
#265 = CARTESIAN_POINT('',(0.521273533593,57.20543578417));
#266 = CARTESIAN_POINT('',(0.669581962008,57.186168574212));
#267 = CARTESIAN_POINT('',(0.747561865139,57.175235570355));
#268 = CARTESIAN_POINT('',(0.823326292938,57.164290446587));
#269 = CARTESIAN_POINT('',(0.897160485912,57.153707970557));
#270 = CARTESIAN_POINT('',(0.969318209935,57.143782998923));
#271 = CARTESIAN_POINT('',(1.040037751197,57.134738643646));
#272 = CARTESIAN_POINT('',(1.109552660242,57.126738736304));
#273 = CARTESIAN_POINT('',(1.278316349899,57.10991237901));
#274 = CARTESIAN_POINT('',(1.376740221996,57.102383965803));
#275 = CARTESIAN_POINT('',(1.474043613373,57.097724133274));
#276 = CARTESIAN_POINT('',(1.570796326795,57.096148424644));
#277 = CARTESIAN_POINT('',(1.667549040216,57.097724133274));
#278 = CARTESIAN_POINT('',(1.764852431594,57.102383965803));
#279 = CARTESIAN_POINT('',(1.863276303691,57.10991237901));
#280 = CARTESIAN_POINT('',(2.087426629752,57.13226098659));
#281 = CARTESIAN_POINT('',(2.21848723148,57.14882236183));
#282 = CARTESIAN_POINT('',(2.355758510697,57.169036286011));
#283 = CARTESIAN_POINT('',(2.498975013745,57.191314306908));
#284 = CARTESIAN_POINT('',(2.648269561808,57.212913789344));
#285 = CARTESIAN_POINT('',(2.804263760625,57.230325350321));
#286 = CARTESIAN_POINT('',(2.967965570958,57.24));
#287 = CARTESIAN_POINT('',(3.14159265359,57.24));
#288 = ( GEOMETRIC_REPRESENTATION_CONTEXT(2)
PARAMETRIC_REPRESENTATION_CONTEXT() REPRESENTATION_CONTEXT('2D SPACE',''
  ) );
#289 = ORIENTED_EDGE('',*,*,#290,.F.);
#290 = EDGE_CURVE('',#291,#24,#293,.T.);
#291 = VERTEX_POINT('',#292);
#292 = CARTESIAN_POINT('',(28.12,-6.887413598405E-15,0.));
#293 = SEAM_CURVE('',#294,(#298,#305),.PCURVE_S1.);
#294 = LINE('',#295,#296);
#295 = CARTESIAN_POINT('',(28.12,-6.887413598405E-15,0.));
#296 = VECTOR('',#297,1.);
#297 = DIRECTION('',(0.,0.,1.));
#298 = PCURVE('',#59,#299);
#299 = DEFINITIONAL_REPRESENTATION('',(#300),#304);
#300 = LINE('',#301,#302);
#301 = CARTESIAN_POINT('',(6.28318530718,-0.));
#302 = VECTOR('',#303,1.);
#303 = DIRECTION('',(0.,1.));
#304 = ( GEOMETRIC_REPRESENTATION_CONTEXT(2)
PARAMETRIC_REPRESENTATION_CONTEXT() REPRESENTATION_CONTEXT('2D SPACE',''
  ) );
#305 = PCURVE('',#59,#306);
#306 = DEFINITIONAL_REPRESENTATION('',(#307),#311);
#307 = LINE('',#308,#309);
#308 = CARTESIAN_POINT('',(0.,-0.));
#309 = VECTOR('',#310,1.);
#310 = DIRECTION('',(0.,1.));
#311 = ( GEOMETRIC_REPRESENTATION_CONTEXT(2)
PARAMETRIC_REPRESENTATION_CONTEXT() REPRESENTATION_CONTEXT('2D SPACE',''
  ) );
#312 = ORIENTED_EDGE('',*,*,#313,.T.);
#313 = EDGE_CURVE('',#291,#291,#314,.T.);
#314 = SURFACE_CURVE('',#315,(#320,#327),.PCURVE_S1.);
#315 = CIRCLE('',#316,28.12);
#316 = AXIS2_PLACEMENT_3D('',#317,#318,#319);
#317 = CARTESIAN_POINT('',(0.,0.,0.));
#318 = DIRECTION('',(0.,0.,1.));
#319 = DIRECTION('',(1.,0.,-0.));
#320 = PCURVE('',#59,#321);
#321 = DEFINITIONAL_REPRESENTATION('',(#322),#326);
#322 = LINE('',#323,#324);
#323 = CARTESIAN_POINT('',(0.,0.));
#324 = VECTOR('',#325,1.);
#325 = DIRECTION('',(1.,0.));
#326 = ( GEOMETRIC_REPRESENTATION_CONTEXT(2)
PARAMETRIC_REPRESENTATION_CONTEXT() REPRESENTATION_CONTEXT('2D SPACE',''
  ) );
#327 = PCURVE('',#328,#333);
#328 = PLANE('',#329);
#329 = AXIS2_PLACEMENT_3D('',#330,#331,#332);
#330 = CARTESIAN_POINT('',(0.,0.,0.));
#331 = DIRECTION('',(0.,0.,1.));
#332 = DIRECTION('',(1.,0.,-0.));
#333 = DEFINITIONAL_REPRESENTATION('',(#334),#338);
#334 = CIRCLE('',#335,28.12);
#335 = AXIS2_PLACEMENT_2D('',#336,#337);
#336 = CARTESIAN_POINT('',(0.,0.));
#337 = DIRECTION('',(1.,0.));
#338 = ( GEOMETRIC_REPRESENTATION_CONTEXT(2)
PARAMETRIC_REPRESENTATION_CONTEXT() REPRESENTATION_CONTEXT('2D SPACE',''
  ) );
#339 = ORIENTED_EDGE('',*,*,#290,.T.);
#340 = FACE_BOUND('',#341,.T.);
#341 = EDGE_LOOP('',(#342));
#342 = ORIENTED_EDGE('',*,*,#343,.F.);
#343 = EDGE_CURVE('',#344,#344,#346,.T.);
#344 = VERTEX_POINT('',#345);
#345 = CARTESIAN_POINT('',(2.81,27.979247666798,13.39));
#346 = SURFACE_CURVE('',#347,(#398,#452),.PCURVE_S1.);
#347 = B_SPLINE_CURVE_WITH_KNOTS('',7,(#348,#349,#350,#351,#352,#353,
    #354,#355,#356,#357,#358,#359,#360,#361,#362,#363,#364,#365,#366,
    #367,#368,#369,#370,#371,#372,#373,#374,#375,#376,#377,#378,#379,
    #380,#381,#382,#383,#384,#385,#386,#387,#388,#389,#390,#391,#392,
    #393,#394,#395,#396,#397),.UNSPECIFIED.,.T.,.F.,(8,6,6,6,6,6,6,6,8),
  (0.,0.13815872769,0.249999999514,0.361841271568,0.499999999638,
    0.638158727708,0.749999999819,0.86184127193,1.),.UNSPECIFIED.);
#348 = CARTESIAN_POINT('',(2.81,27.979247666798,13.39));
#349 = CARTESIAN_POINT('',(2.81,27.979247666798,13.08832749876));
#350 = CARTESIAN_POINT('',(2.772215476916,27.983042325855,
    12.787067265493));
#351 = CARTESIAN_POINT('',(2.696833801725,27.990613524026,
    12.488799960443));
#352 = CARTESIAN_POINT('',(2.582772661702,28.001742984167,
    12.196356852392));
#353 = CARTESIAN_POINT('',(2.428102571348,28.015988490968,
    11.913685671723));
#354 = CARTESIAN_POINT('',(2.230287334821,28.032476144315,
    11.646347224553));
#355 = CARTESIAN_POINT('',(1.790001579297,28.06366486412,11.206061469029
    ));
#356 = CARTESIAN_POINT('',(1.558514419731,28.07844104714,11.020132825977
    ));
#357 = CARTESIAN_POINT('',(1.293525658053,28.092948960117,
    10.856044121909));
#358 = CARTESIAN_POINT('',(0.998654416409,28.105698311738,
    10.723122781373));
#359 = CARTESIAN_POINT('',(0.679655354696,28.115093149968,
    10.629102507125));
#360 = CARTESIAN_POINT('',(0.34390086501,28.12,10.58));
#361 = CARTESIAN_POINT('',(-0.343900865719,28.12,10.58));
#362 = CARTESIAN_POINT('',(-0.679655353214,28.115093149957,
    10.629102507263));
#363 = CARTESIAN_POINT('',(-0.99865441737,28.105698311784,
    10.723122780799));
#364 = CARTESIAN_POINT('',(-1.29352565823,28.092948960048,10.85604412277
    ));
#365 = CARTESIAN_POINT('',(-1.558514419293,28.078441047183,
    11.020132825415));
#366 = CARTESIAN_POINT('',(-1.790001579432,28.063664864111,
    11.206061469163));
#367 = CARTESIAN_POINT('',(-2.230287334821,28.032476144315,
    11.646347224553));
#368 = CARTESIAN_POINT('',(-2.428102571348,28.015988490968,
    11.913685671723));
#369 = CARTESIAN_POINT('',(-2.582772661702,28.001742984167,
    12.196356852392));
#370 = CARTESIAN_POINT('',(-2.696833801724,27.990613524026,
    12.488799960443));
#371 = CARTESIAN_POINT('',(-2.772215476916,27.983042325855,
    12.787067265493));
#372 = CARTESIAN_POINT('',(-2.81,27.979247666798,13.08832749876));
#373 = CARTESIAN_POINT('',(-2.81,27.979247666798,13.69167250124));
#374 = CARTESIAN_POINT('',(-2.772215476916,27.983042325855,
    13.992932734505));
#375 = CARTESIAN_POINT('',(-2.696833801724,27.990613524026,
    14.291200039559));
#376 = CARTESIAN_POINT('',(-2.582772661702,28.001742984167,
    14.583643147606));
#377 = CARTESIAN_POINT('',(-2.428102571348,28.015988490968,
    14.866314328277));
#378 = CARTESIAN_POINT('',(-2.230287334821,28.032476144315,
    15.133652775448));
#379 = CARTESIAN_POINT('',(-1.790001579333,28.063664864118,
    15.573938530936));
#380 = CARTESIAN_POINT('',(-1.558514419697,28.078441047143,
    15.759867174072));
#381 = CARTESIAN_POINT('',(-1.293525658012,28.092948960118,
    15.923955878094));
#382 = CARTESIAN_POINT('',(-0.998654416441,28.105698311734,
    16.056877218593));
#383 = CARTESIAN_POINT('',(-0.679655354753,28.115093149969,
    16.150897492889));
#384 = CARTESIAN_POINT('',(-0.343900864956,28.12,16.2));
#385 = CARTESIAN_POINT('',(0.343900864957,28.12,16.2));
#386 = CARTESIAN_POINT('',(0.679655354752,28.115093149969,
    16.150897492889));
#387 = CARTESIAN_POINT('',(0.998654416442,28.105698311734,
    16.056877218594));
#388 = CARTESIAN_POINT('',(1.293525658013,28.092948960118,
    15.923955878093));
#389 = CARTESIAN_POINT('',(1.558514419697,28.078441047143,
    15.759867174073));
#390 = CARTESIAN_POINT('',(1.790001579333,28.063664864118,
    15.573938530936));
#391 = CARTESIAN_POINT('',(2.230287334821,28.032476144315,
    15.133652775448));
#392 = CARTESIAN_POINT('',(2.428102571349,28.015988490968,
    14.866314328277));
#393 = CARTESIAN_POINT('',(2.582772661701,28.001742984167,
    14.583643147608));
#394 = CARTESIAN_POINT('',(2.696833801725,27.990613524026,
    14.291200039558));
#395 = CARTESIAN_POINT('',(2.772215476916,27.983042325855,
    13.992932734506));
#396 = CARTESIAN_POINT('',(2.81,27.979247666798,13.69167250124));
#397 = CARTESIAN_POINT('',(2.81,27.979247666798,13.39));
#398 = PCURVE('',#59,#399);
#399 = DEFINITIONAL_REPRESENTATION('',(#400),#451);
#400 = B_SPLINE_CURVE_WITH_KNOTS('',7,(#401,#402,#403,#404,#405,#406,
    #407,#408,#409,#410,#411,#412,#413,#414,#415,#416,#417,#418,#419,
    #420,#421,#422,#423,#424,#425,#426,#427,#428,#429,#430,#431,#432,
    #433,#434,#435,#436,#437,#438,#439,#440,#441,#442,#443,#444,#445,
    #446,#447,#448,#449,#450),.UNSPECIFIED.,.T.,.F.,(8,6,6,6,6,6,6,6,8),
  (0.,0.13815872769,0.249999999514,0.361841271568,0.499999999638,
    0.638158727708,0.749999999819,0.86184127193,1.),.UNSPECIFIED.);
#401 = CARTESIAN_POINT('',(1.47070038744,13.39));
#402 = CARTESIAN_POINT('',(1.47070038744,13.08832749876));
#403 = CARTESIAN_POINT('',(1.472050834866,12.787067265493));
#404 = CARTESIAN_POINT('',(1.474745038299,12.488799960443));
#405 = CARTESIAN_POINT('',(1.478820506605,12.196356852392));
#406 = CARTESIAN_POINT('',(1.484343978212,11.913685671723));
#407 = CARTESIAN_POINT('',(1.491402506486,11.646347224553));
#408 = CARTESIAN_POINT('',(1.507099129454,11.206061469029));
#409 = CARTESIAN_POINT('',(1.515347797954,11.020132825977));
#410 = CARTESIAN_POINT('',(1.524784776188,10.856044121909));
#411 = CARTESIAN_POINT('',(1.535279326606,10.723122781373));
#412 = CARTESIAN_POINT('',(1.546626503238,10.629102507125));
#413 = CARTESIAN_POINT('',(1.558566566304,10.58));
#414 = CARTESIAN_POINT('',(1.583026087311,10.58));
#415 = CARTESIAN_POINT('',(1.5949661503,10.629102507263));
#416 = CARTESIAN_POINT('',(1.606313327018,10.723122780799));
#417 = CARTESIAN_POINT('',(1.616807877408,10.85604412277));
#418 = CARTESIAN_POINT('',(1.62624485562,11.020132825415));
#419 = CARTESIAN_POINT('',(1.63449352414,11.206061469163));
#420 = CARTESIAN_POINT('',(1.650190147104,11.646347224553));
#421 = CARTESIAN_POINT('',(1.657248675378,11.913685671723));
#422 = CARTESIAN_POINT('',(1.662772146985,12.196356852392));
#423 = CARTESIAN_POINT('',(1.66684761529,12.488799960443));
#424 = CARTESIAN_POINT('',(1.669541818724,12.787067265493));
#425 = CARTESIAN_POINT('',(1.670892266149,13.08832749876));
#426 = CARTESIAN_POINT('',(1.670892266149,13.69167250124));
#427 = CARTESIAN_POINT('',(1.669541818724,13.992932734505));
#428 = CARTESIAN_POINT('',(1.66684761529,14.291200039559));
#429 = CARTESIAN_POINT('',(1.662772146985,14.583643147606));
#430 = CARTESIAN_POINT('',(1.657248675378,14.866314328277));
#431 = CARTESIAN_POINT('',(1.650190147104,15.133652775448));
#432 = CARTESIAN_POINT('',(1.634493524137,15.573938530936));
#433 = CARTESIAN_POINT('',(1.626244855634,15.759867174072));
#434 = CARTESIAN_POINT('',(1.6168078774,15.923955878094));
#435 = CARTESIAN_POINT('',(1.606313326985,16.056877218593));
#436 = CARTESIAN_POINT('',(1.594966150354,16.150897492889));
#437 = CARTESIAN_POINT('',(1.583026087284,16.2));
#438 = CARTESIAN_POINT('',(1.558566566306,16.2));
#439 = CARTESIAN_POINT('',(1.546626503236,16.150897492889));
#440 = CARTESIAN_POINT('',(1.535279326604,16.056877218594));
#441 = CARTESIAN_POINT('',(1.52478477619,15.923955878092));
#442 = CARTESIAN_POINT('',(1.515347797955,15.759867174073));
#443 = CARTESIAN_POINT('',(1.507099129453,15.573938530936));
#444 = CARTESIAN_POINT('',(1.491402506486,15.133652775448));
#445 = CARTESIAN_POINT('',(1.484343978212,14.866314328277));
#446 = CARTESIAN_POINT('',(1.478820506605,14.583643147608));
#447 = CARTESIAN_POINT('',(1.474745038299,14.291200039558));
#448 = CARTESIAN_POINT('',(1.472050834866,13.992932734506));
#449 = CARTESIAN_POINT('',(1.47070038744,13.69167250124));
#450 = CARTESIAN_POINT('',(1.47070038744,13.39));
#451 = ( GEOMETRIC_REPRESENTATION_CONTEXT(2)
PARAMETRIC_REPRESENTATION_CONTEXT() REPRESENTATION_CONTEXT('2D SPACE',''
  ) );
#452 = PCURVE('',#453,#458);
#453 = CYLINDRICAL_SURFACE('',#454,2.81);
#454 = AXIS2_PLACEMENT_3D('',#455,#456,#457);
#455 = CARTESIAN_POINT('',(0.,-29.12,13.39));
#456 = DIRECTION('',(0.,1.,1.110223024625E-16));
#457 = DIRECTION('',(1.,0.,0.));
#458 = DEFINITIONAL_REPRESENTATION('',(#459),#510);
#459 = B_SPLINE_CURVE_WITH_KNOTS('',7,(#460,#461,#462,#463,#464,#465,
    #466,#467,#468,#469,#470,#471,#472,#473,#474,#475,#476,#477,#478,
    #479,#480,#481,#482,#483,#484,#485,#486,#487,#488,#489,#490,#491,
    #492,#493,#494,#495,#496,#497,#498,#499,#500,#501,#502,#503,#504,
    #505,#506,#507,#508,#509),.UNSPECIFIED.,.F.,.F.,(8,6,6,6,6,6,6,6,8),
  (0.,0.13815872769,0.249999999514,0.361841271568,0.499999999638,
    0.638158727708,0.749999999819,0.86184127193,1.),.UNSPECIFIED.);
#460 = CARTESIAN_POINT('',(0.,57.099247666798));
#461 = CARTESIAN_POINT('',(0.107356762007,57.099247666798));
#462 = CARTESIAN_POINT('',(0.21456654503,57.103042325855));
#463 = CARTESIAN_POINT('',(0.322733759842,57.110613524026));
#464 = CARTESIAN_POINT('',(0.432841221334,57.121742984167));
#465 = CARTESIAN_POINT('',(0.545890293297,57.135988490968));
#466 = CARTESIAN_POINT('',(0.662941723222,57.152476144315));
#467 = CARTESIAN_POINT('',(0.884528230974,57.18366486412));
#468 = CARTESIAN_POINT('',(0.989566613879,57.19844104714));
#469 = CARTESIAN_POINT('',(1.099129765352,57.212948960117));
#470 = CARTESIAN_POINT('',(1.212408803349,57.225698311738));
#471 = CARTESIAN_POINT('',(1.32892622436,57.235093149968));
#472 = CARTESIAN_POINT('',(1.448411677325,57.24));
#473 = CARTESIAN_POINT('',(1.693180976517,57.24));
#474 = CARTESIAN_POINT('',(1.812666428719,57.235093149957));
#475 = CARTESIAN_POINT('',(1.929183850519,57.225698311784));
#476 = CARTESIAN_POINT('',(2.0424628884,57.212948960048));
#477 = CARTESIAN_POINT('',(2.152026039485,57.198441047183));
#478 = CARTESIAN_POINT('',(2.257064422684,57.183664864111));
#479 = CARTESIAN_POINT('',(2.478650930368,57.152476144315));
#480 = CARTESIAN_POINT('',(2.595702360292,57.135988490968));
#481 = CARTESIAN_POINT('',(2.708751432255,57.121742984167));
#482 = CARTESIAN_POINT('',(2.818858893748,57.110613524026));
#483 = CARTESIAN_POINT('',(2.927026108559,57.103042325855));
#484 = CARTESIAN_POINT('',(3.034235891583,57.099247666798));
#485 = CARTESIAN_POINT('',(3.248949415597,57.099247666798));
#486 = CARTESIAN_POINT('',(3.35615919862,57.103042325855));
#487 = CARTESIAN_POINT('',(3.464326413432,57.110613524026));
#488 = CARTESIAN_POINT('',(3.574433874924,57.121742984167));
#489 = CARTESIAN_POINT('',(3.687482946887,57.135988490968));
#490 = CARTESIAN_POINT('',(3.804534376812,57.152476144315));
#491 = CARTESIAN_POINT('',(4.026120884545,57.183664864118));
#492 = CARTESIAN_POINT('',(4.13115926749,57.198441047143));
#493 = CARTESIAN_POINT('',(4.24072241895,57.212948960118));
#494 = CARTESIAN_POINT('',(4.354001456928,57.225698311734));
#495 = CARTESIAN_POINT('',(4.47051887793,57.235093149969));
#496 = CARTESIAN_POINT('',(4.590004330934,57.24));
#497 = CARTESIAN_POINT('',(4.834773629836,57.24));
#498 = CARTESIAN_POINT('',(4.954259082839,57.235093149969));
#499 = CARTESIAN_POINT('',(5.070776503842,57.225698311734));
#500 = CARTESIAN_POINT('',(5.184055541819,57.212948960118));
#501 = CARTESIAN_POINT('',(5.29361869328,57.198441047143));
#502 = CARTESIAN_POINT('',(5.398657076224,57.183664864118));
#503 = CARTESIAN_POINT('',(5.620243583957,57.152476144315));
#504 = CARTESIAN_POINT('',(5.737295013882,57.135988490968));
#505 = CARTESIAN_POINT('',(5.850344085845,57.121742984167));
#506 = CARTESIAN_POINT('',(5.960451547337,57.110613524026));
#507 = CARTESIAN_POINT('',(6.06861876215,57.103042325855));
#508 = CARTESIAN_POINT('',(6.175828545172,57.099247666798));
#509 = CARTESIAN_POINT('',(6.28318530718,57.099247666798));
#510 = ( GEOMETRIC_REPRESENTATION_CONTEXT(2)
PARAMETRIC_REPRESENTATION_CONTEXT() REPRESENTATION_CONTEXT('2D SPACE',''
  ) );
#511 = FACE_BOUND('',#512,.T.);
#512 = EDGE_LOOP('',(#513));
#513 = ORIENTED_EDGE('',*,*,#514,.T.);
#514 = EDGE_CURVE('',#515,#515,#517,.T.);
#515 = VERTEX_POINT('',#516);
#516 = CARTESIAN_POINT('',(2.81,-27.97924766679,13.39));
#517 = SURFACE_CURVE('',#518,(#569,#623),.PCURVE_S1.);
#518 = B_SPLINE_CURVE_WITH_KNOTS('',7,(#519,#520,#521,#522,#523,#524,
    #525,#526,#527,#528,#529,#530,#531,#532,#533,#534,#535,#536,#537,
    #538,#539,#540,#541,#542,#543,#544,#545,#546,#547,#548,#549,#550,
    #551,#552,#553,#554,#555,#556,#557,#558,#559,#560,#561,#562,#563,
    #564,#565,#566,#567,#568),.UNSPECIFIED.,.T.,.F.,(8,6,6,6,6,6,6,6,8),
  (0.,0.138158728231,0.25000000049,0.36184127295,0.500000000007,
    0.638158727063,0.749999999523,0.861841271766,1.),.UNSPECIFIED.);
#519 = CARTESIAN_POINT('',(2.81,-27.97924766679,13.39));
#520 = CARTESIAN_POINT('',(2.81,-27.97924766679,13.08832749876));
#521 = CARTESIAN_POINT('',(2.772215476916,-27.98304232585,
    12.787067265493));
#522 = CARTESIAN_POINT('',(2.696833801725,-27.99061352402,
    12.488799960443));
#523 = CARTESIAN_POINT('',(2.582772661701,-28.00174298416,
    12.196356852392));
#524 = CARTESIAN_POINT('',(2.428102571349,-28.01598849096,
    11.913685671724));
#525 = CARTESIAN_POINT('',(2.230287334821,-28.03247614431,
    11.646347224552));
#526 = CARTESIAN_POINT('',(1.790001579299,-28.06366486412,
    11.206061469031));
#527 = CARTESIAN_POINT('',(1.558514419728,-28.07844104714,
    11.020132825973));
#528 = CARTESIAN_POINT('',(1.29352565805,-28.09294896011,10.856044121909
    ));
#529 = CARTESIAN_POINT('',(0.998654416411,-28.10569831173,
    10.723122781375));
#530 = CARTESIAN_POINT('',(0.679655354701,-28.11509314996,
    10.629102507124));
#531 = CARTESIAN_POINT('',(0.343900865006,-28.12,10.58));
#532 = CARTESIAN_POINT('',(-0.34390086562,-28.12,10.58));
#533 = CARTESIAN_POINT('',(-0.679655353317,-28.11509314996,
    10.629102507236));
#534 = CARTESIAN_POINT('',(-0.99865441743,-28.10569831177,
    10.723122780862));
#535 = CARTESIAN_POINT('',(-1.293525658155,-28.09294896005,
    10.856044122767));
#536 = CARTESIAN_POINT('',(-1.558514419231,-28.07844104718,
    11.020132825323));
#537 = CARTESIAN_POINT('',(-1.790001579499,-28.0636648641,11.20606146923
    ));
#538 = CARTESIAN_POINT('',(-2.230287332073,-28.0324761445,
    11.646347221805));
#539 = CARTESIAN_POINT('',(-2.428102579606,-28.01598849036,
    11.913685683057));
#540 = CARTESIAN_POINT('',(-2.582772650407,-28.00174298501,
    12.196356831137));
#541 = CARTESIAN_POINT('',(-2.696833809668,-27.99061352342,
    12.488799982428));
#542 = CARTESIAN_POINT('',(-2.77221547448,-27.98304232604,
    12.787067252871));
#543 = CARTESIAN_POINT('',(-2.81,-27.97924766679,13.088327502136));
#544 = CARTESIAN_POINT('',(-2.81,-27.97924766679,13.691672497864));
#545 = CARTESIAN_POINT('',(-2.77221547448,-27.98304232604,13.99293274713
    ));
#546 = CARTESIAN_POINT('',(-2.696833809668,-27.99061352342,
    14.291200017572));
#547 = CARTESIAN_POINT('',(-2.582772650408,-28.00174298501,
    14.583643168862));
#548 = CARTESIAN_POINT('',(-2.428102579606,-28.01598849036,
    14.866314316943));
#549 = CARTESIAN_POINT('',(-2.230287332073,-28.0324761445,
    15.133652778195));
#550 = CARTESIAN_POINT('',(-1.790001579498,-28.0636648641,15.57393853077
    ));
#551 = CARTESIAN_POINT('',(-1.558514419231,-28.07844104718,
    15.759867174677));
#552 = CARTESIAN_POINT('',(-1.293525658155,-28.09294896005,
    15.923955877232));
#553 = CARTESIAN_POINT('',(-0.998654417432,-28.10569831177,
    16.056877219139));
#554 = CARTESIAN_POINT('',(-0.679655353316,-28.11509314996,
    16.150897492763));
#555 = CARTESIAN_POINT('',(-0.343900865621,-28.12,16.2));
#556 = CARTESIAN_POINT('',(0.343900864956,-28.12,16.2));
#557 = CARTESIAN_POINT('',(0.679655354753,-28.11509314996,
    16.150897492889));
#558 = CARTESIAN_POINT('',(0.99865441644,-28.10569831173,16.056877218594
    ));
#559 = CARTESIAN_POINT('',(1.293525658014,-28.09294896011,
    15.923955878093));
#560 = CARTESIAN_POINT('',(1.558514419697,-28.07844104714,
    15.759867174073));
#561 = CARTESIAN_POINT('',(1.790001579333,-28.06366486411,
    15.573938530936));
#562 = CARTESIAN_POINT('',(2.230287334821,-28.03247614431,
    15.133652775447));
#563 = CARTESIAN_POINT('',(2.428102571348,-28.01598849096,
    14.866314328277));
#564 = CARTESIAN_POINT('',(2.582772661702,-28.00174298416,
    14.583643147608));
#565 = CARTESIAN_POINT('',(2.696833801724,-27.99061352402,
    14.291200039556));
#566 = CARTESIAN_POINT('',(2.772215476916,-27.98304232585,
    13.992932734508));
#567 = CARTESIAN_POINT('',(2.81,-27.97924766679,13.691672501239));
#568 = CARTESIAN_POINT('',(2.81,-27.97924766679,13.39));
#569 = PCURVE('',#59,#570);
#570 = DEFINITIONAL_REPRESENTATION('',(#571),#622);
#571 = B_SPLINE_CURVE_WITH_KNOTS('',7,(#572,#573,#574,#575,#576,#577,
    #578,#579,#580,#581,#582,#583,#584,#585,#586,#587,#588,#589,#590,
    #591,#592,#593,#594,#595,#596,#597,#598,#599,#600,#601,#602,#603,
    #604,#605,#606,#607,#608,#609,#610,#611,#612,#613,#614,#615,#616,
    #617,#618,#619,#620,#621),.UNSPECIFIED.,.T.,.F.,(8,6,6,6,6,6,6,6,8),
  (0.,0.138158728231,0.25000000049,0.36184127295,0.500000000007,
    0.638158727063,0.749999999523,0.861841271766,1.),.UNSPECIFIED.);
#572 = CARTESIAN_POINT('',(4.812484919739,13.39));
#573 = CARTESIAN_POINT('',(4.812484919739,13.08832749876));
#574 = CARTESIAN_POINT('',(4.811134472313,12.787067265493));
#575 = CARTESIAN_POINT('',(4.80844026888,12.488799960443));
#576 = CARTESIAN_POINT('',(4.804364800575,12.196356852392));
#577 = CARTESIAN_POINT('',(4.798841328968,11.913685671724));
#578 = CARTESIAN_POINT('',(4.791782800694,11.646347224552));
#579 = CARTESIAN_POINT('',(4.776086177725,11.206061469031));
#580 = CARTESIAN_POINT('',(4.767837509225,11.020132825973));
#581 = CARTESIAN_POINT('',(4.758400530991,10.856044121909));
#582 = CARTESIAN_POINT('',(4.747905980574,10.723122781375));
#583 = CARTESIAN_POINT('',(4.736558803942,10.629102507124));
#584 = CARTESIAN_POINT('',(4.724618740876,10.58));
#585 = CARTESIAN_POINT('',(4.700159219872,10.58));
#586 = CARTESIAN_POINT('',(4.688219156876,10.629102507236));
#587 = CARTESIAN_POINT('',(4.676871980159,10.723122780862));
#588 = CARTESIAN_POINT('',(4.666377429774,10.856044122767));
#589 = CARTESIAN_POINT('',(4.656940451562,11.020132825323));
#590 = CARTESIAN_POINT('',(4.648691783037,11.20606146923));
#591 = CARTESIAN_POINT('',(4.632995160173,11.646347221805));
#592 = CARTESIAN_POINT('',(4.625936631507,11.913685683057));
#593 = CARTESIAN_POINT('',(4.620413160597,12.196356831137));
#594 = CARTESIAN_POINT('',(4.616337691606,12.488799982428));
#595 = CARTESIAN_POINT('',(4.613643488543,12.787067252871));
#596 = CARTESIAN_POINT('',(4.61229304103,13.088327502136));
#597 = CARTESIAN_POINT('',(4.61229304103,13.691672497864));
#598 = CARTESIAN_POINT('',(4.613643488543,13.99293274713));
#599 = CARTESIAN_POINT('',(4.616337691606,14.291200017572));
#600 = CARTESIAN_POINT('',(4.620413160597,14.583643168862));
#601 = CARTESIAN_POINT('',(4.625936631507,14.866314316943));
#602 = CARTESIAN_POINT('',(4.632995160173,15.133652778195));
#603 = CARTESIAN_POINT('',(4.648691783037,15.57393853077));
#604 = CARTESIAN_POINT('',(4.656940451562,15.759867174677));
#605 = CARTESIAN_POINT('',(4.666377429774,15.923955877232));
#606 = CARTESIAN_POINT('',(4.676871980159,16.056877219139));
#607 = CARTESIAN_POINT('',(4.688219156876,16.150897492763));
#608 = CARTESIAN_POINT('',(4.700159219872,16.2));
#609 = CARTESIAN_POINT('',(4.724618740874,16.2));
#610 = CARTESIAN_POINT('',(4.736558803944,16.150897492889));
#611 = CARTESIAN_POINT('',(4.747905980575,16.056877218594));
#612 = CARTESIAN_POINT('',(4.75840053099,15.923955878093));
#613 = CARTESIAN_POINT('',(4.767837509224,15.759867174073));
#614 = CARTESIAN_POINT('',(4.776086177727,15.573938530936));
#615 = CARTESIAN_POINT('',(4.791782800694,15.133652775447));
#616 = CARTESIAN_POINT('',(4.798841328968,14.866314328277));
#617 = CARTESIAN_POINT('',(4.804364800575,14.583643147608));
#618 = CARTESIAN_POINT('',(4.80844026888,14.291200039556));
#619 = CARTESIAN_POINT('',(4.811134472313,13.992932734508));
#620 = CARTESIAN_POINT('',(4.812484919739,13.691672501239));
#621 = CARTESIAN_POINT('',(4.812484919739,13.39));
#622 = ( GEOMETRIC_REPRESENTATION_CONTEXT(2)
PARAMETRIC_REPRESENTATION_CONTEXT() REPRESENTATION_CONTEXT('2D SPACE',''
  ) );
#623 = PCURVE('',#624,#629);
#624 = CYLINDRICAL_SURFACE('',#625,2.81);
#625 = AXIS2_PLACEMENT_3D('',#626,#627,#628);
#626 = CARTESIAN_POINT('',(0.,-29.12,13.39));
#627 = DIRECTION('',(0.,1.,1.110223024625E-16));
#628 = DIRECTION('',(1.,0.,0.));
#629 = DEFINITIONAL_REPRESENTATION('',(#630),#681);
#630 = B_SPLINE_CURVE_WITH_KNOTS('',7,(#631,#632,#633,#634,#635,#636,
    #637,#638,#639,#640,#641,#642,#643,#644,#645,#646,#647,#648,#649,
    #650,#651,#652,#653,#654,#655,#656,#657,#658,#659,#660,#661,#662,
    #663,#664,#665,#666,#667,#668,#669,#670,#671,#672,#673,#674,#675,
    #676,#677,#678,#679,#680),.UNSPECIFIED.,.F.,.F.,(8,6,6,6,6,6,6,6,8),
  (0.,0.138158728231,0.25000000049,0.36184127295,0.500000000007,
    0.638158727063,0.749999999523,0.861841271766,1.),.UNSPECIFIED.);
#631 = CARTESIAN_POINT('',(0.,1.140752333202));
#632 = CARTESIAN_POINT('',(0.107356762007,1.140752333202));
#633 = CARTESIAN_POINT('',(0.214566545031,1.136957674145));
#634 = CARTESIAN_POINT('',(0.322733759842,1.129386475974));
#635 = CARTESIAN_POINT('',(0.432841221335,1.118257015833));
#636 = CARTESIAN_POINT('',(0.545890293297,1.104011509032));
#637 = CARTESIAN_POINT('',(0.662941723222,1.087523855685));
#638 = CARTESIAN_POINT('',(0.884528230972,1.05633513588));
#639 = CARTESIAN_POINT('',(0.98956661388,1.04155895286));
#640 = CARTESIAN_POINT('',(1.099129765352,1.027051039883));
#641 = CARTESIAN_POINT('',(1.212408803349,1.014301688262));
#642 = CARTESIAN_POINT('',(1.328926224359,1.004906850032));
#643 = CARTESIAN_POINT('',(1.448411677327,1.));
#644 = CARTESIAN_POINT('',(1.693180976482,1.));
#645 = CARTESIAN_POINT('',(1.812666428755,1.00490685004));
#646 = CARTESIAN_POINT('',(1.929183850538,1.014301688223));
#647 = CARTESIAN_POINT('',(2.042462888384,1.027051039949));
#648 = CARTESIAN_POINT('',(2.152026039445,1.041558952811));
#649 = CARTESIAN_POINT('',(2.257064422718,1.056335135894));
#650 = CARTESIAN_POINT('',(2.478650928985,1.087523855491));
#651 = CARTESIAN_POINT('',(2.595702365485,1.104011509634));
#652 = CARTESIAN_POINT('',(2.708751423176,1.11825701499));
#653 = CARTESIAN_POINT('',(2.818858902596,1.129386476578));
#654 = CARTESIAN_POINT('',(2.927026103763,1.136957673957));
#655 = CARTESIAN_POINT('',(3.034235892784,1.140752333202));
#656 = CARTESIAN_POINT('',(3.248949414395,1.140752333202));
#657 = CARTESIAN_POINT('',(3.356159203417,1.136957673957));
#658 = CARTESIAN_POINT('',(3.464326404584,1.129386476578));
#659 = CARTESIAN_POINT('',(3.574433884003,1.11825701499));
#660 = CARTESIAN_POINT('',(3.687482941695,1.104011509634));
#661 = CARTESIAN_POINT('',(3.804534378195,1.087523855491));
#662 = CARTESIAN_POINT('',(4.026120884462,1.056335135894));
#663 = CARTESIAN_POINT('',(4.131159267734,1.041558952811));
#664 = CARTESIAN_POINT('',(4.240722418796,1.027051039949));
#665 = CARTESIAN_POINT('',(4.354001456641,1.014301688223));
#666 = CARTESIAN_POINT('',(4.470518878425,1.00490685004));
#667 = CARTESIAN_POINT('',(4.590004330698,1.));
#668 = CARTESIAN_POINT('',(4.834773629835,1.));
#669 = CARTESIAN_POINT('',(4.954259082839,1.004906850031));
#670 = CARTESIAN_POINT('',(5.070776503842,1.014301688266));
#671 = CARTESIAN_POINT('',(5.184055541819,1.027051039882));
#672 = CARTESIAN_POINT('',(5.29361869328,1.041558952857));
#673 = CARTESIAN_POINT('',(5.398657076224,1.056335135882));
#674 = CARTESIAN_POINT('',(5.620243583957,1.087523855685));
#675 = CARTESIAN_POINT('',(5.737295013882,1.104011509032));
#676 = CARTESIAN_POINT('',(5.850344085845,1.118257015833));
#677 = CARTESIAN_POINT('',(5.960451547337,1.129386475974));
#678 = CARTESIAN_POINT('',(6.068618762149,1.136957674145));
#679 = CARTESIAN_POINT('',(6.175828545173,1.140752333202));
#680 = CARTESIAN_POINT('',(6.28318530718,1.140752333202));
#681 = ( GEOMETRIC_REPRESENTATION_CONTEXT(2)
PARAMETRIC_REPRESENTATION_CONTEXT() REPRESENTATION_CONTEXT('2D SPACE',''
  ) );
#682 = FACE_BOUND('',#683,.T.);
#683 = EDGE_LOOP('',(#684));
#684 = ORIENTED_EDGE('',*,*,#685,.T.);
#685 = EDGE_CURVE('',#686,#686,#688,.T.);
#686 = VERTEX_POINT('',#687);
#687 = CARTESIAN_POINT('',(-28.12,-6.882515011208E-16,21.64));
#688 = SURFACE_CURVE('',#689,(#748,#810),.PCURVE_S1.);
#689 = B_SPLINE_CURVE_WITH_KNOTS('',8,(#690,#691,#692,#693,#694,#695,
    #696,#697,#698,#699,#700,#701,#702,#703,#704,#705,#706,#707,#708,
    #709,#710,#711,#712,#713,#714,#715,#716,#717,#718,#719,#720,#721,
    #722,#723,#724,#725,#726,#727,#728,#729,#730,#731,#732,#733,#734,
    #735,#736,#737,#738,#739,#740,#741,#742,#743,#744,#745,#746,#747),
  .UNSPECIFIED.,.T.,.F.,(9,7,7,7,7,7,7,7,9),(0.,8.209514494323E-02,
    0.179644203592,0.322270778906,0.452351743112,0.550920046299,
    0.681001010505,0.823627584919,1.),.UNSPECIFIED.);
#690 = CARTESIAN_POINT('',(-28.12,1.33226762955E-15,21.64));
#691 = CARTESIAN_POINT('',(-28.12,0.217743106808,21.64));
#692 = CARTESIAN_POINT('',(-28.11807348667,0.43370066224,21.659282969255
    ));
#693 = CARTESIAN_POINT('',(-28.11427387924,0.645315421099,
    21.697295650469));
#694 = CARTESIAN_POINT('',(-28.10878492666,0.850134697178,
    21.752963235698));
#695 = CARTESIAN_POINT('',(-28.10189880319,1.045905662158,
    21.824711440861));
#696 = CARTESIAN_POINT('',(-28.09398296734,1.230661816012,
    21.910485081375));
#697 = CARTESIAN_POINT('',(-28.08543578423,1.402800628934,
    22.007763148939));
#698 = CARTESIAN_POINT('',(-28.06616857421,1.749312833737,
    22.239295201966));
#699 = CARTESIAN_POINT('',(-28.05523557035,1.919934797655,
    22.378350705457));
#700 = CARTESIAN_POINT('',(-28.04429044658,2.073237854443,
    22.528104579028));
#701 = CARTESIAN_POINT('',(-28.03370797055,2.209628899926,
    22.686413758177));
#702 = CARTESIAN_POINT('',(-28.02378299892,2.329609345766,22.85152889069
    ));
#703 = CARTESIAN_POINT('',(-28.01473864364,2.433701303114,
    23.022018214347));
#704 = CARTESIAN_POINT('',(-28.0067387363,2.522392721981,23.196710856434
    ));
#705 = CARTESIAN_POINT('',(-27.98991237894,2.70387114379,23.634838523641
    ));
#706 = CARTESIAN_POINT('',(-27.98238396588,2.779911237124,
    23.902700166242));
#707 = CARTESIAN_POINT('',(-27.97772413328,2.825161307572,
    24.175242171892));
#708 = CARTESIAN_POINT('',(-27.97614842458,2.840182464238,
    24.450000000003));
#709 = CARTESIAN_POINT('',(-27.97772413328,2.825161307568,
    24.724757828107));
#710 = CARTESIAN_POINT('',(-27.98238396588,2.779911237129,
    24.997299833749));
#711 = CARTESIAN_POINT('',(-27.98991237894,2.703871143786,
    25.265161476367));
#712 = CARTESIAN_POINT('',(-28.00901787453,2.497811382147,
    25.762633747575));
#713 = CARTESIAN_POINT('',(-28.02023144373,2.372576582208,
    25.994865487747));
#714 = CARTESIAN_POINT('',(-28.03326886337,2.219285609751,
    26.219340965591));
#715 = CARTESIAN_POINT('',(-28.04768219361,2.036776039932,
    26.432705297599));
#716 = CARTESIAN_POINT('',(-28.06281686643,1.824053645181,26.63077212092
    ));
#717 = CARTESIAN_POINT('',(-28.07775245245,1.580469712503,
    26.808392420462));
#718 = CARTESIAN_POINT('',(-28.09130022118,1.306042213369,
    26.959221175469));
#719 = CARTESIAN_POINT('',(-28.11035098114,0.771800504214,
    27.163151936226));
#720 = CARTESIAN_POINT('',(-28.11700551797,0.524608238227,
    27.231055878592));
#721 = CARTESIAN_POINT('',(-28.1213784117,0.265417463686,27.273835470127
    ));
#722 = CARTESIAN_POINT('',(-28.1229058858,1.498801083244E-13,
    27.288434219833));
#723 = CARTESIAN_POINT('',(-28.1213784117,-0.265417463686,
    27.273835470127));
#724 = CARTESIAN_POINT('',(-28.11700551797,-0.524608238228,
    27.231055878592));
#725 = CARTESIAN_POINT('',(-28.11035098114,-0.771800504214,
    27.163151936226));
#726 = CARTESIAN_POINT('',(-28.09130022118,-1.30604221337,
    26.959221175469));
#727 = CARTESIAN_POINT('',(-28.07775245245,-1.580469712502,
    26.808392420463));
#728 = CARTESIAN_POINT('',(-28.06281686643,-1.824053645181,
    26.63077212092));
#729 = CARTESIAN_POINT('',(-28.04768219361,-2.036776039933,
    26.432705297599));
#730 = CARTESIAN_POINT('',(-28.03326886337,-2.219285609751,
    26.219340965591));
#731 = CARTESIAN_POINT('',(-28.02023144373,-2.372576582208,
    25.994865487748));
#732 = CARTESIAN_POINT('',(-28.00901787453,-2.497811382148,
    25.762633747575));
#733 = CARTESIAN_POINT('',(-27.98991237901,-2.703871143106,
    25.26516147801));
#734 = CARTESIAN_POINT('',(-27.9823839658,-2.779911237966,
    24.997299832032));
#735 = CARTESIAN_POINT('',(-27.97772413327,-2.825161307652,
    24.724757827769));
#736 = CARTESIAN_POINT('',(-27.97614842464,-2.840182463543,
    24.450000000002));
#737 = CARTESIAN_POINT('',(-27.97772413327,-2.825161307653,
    24.175242172232));
#738 = CARTESIAN_POINT('',(-27.9823839658,-2.779911237965,
    23.902700167966));
#739 = CARTESIAN_POINT('',(-27.98991237901,-2.703871143106,
    23.63483852199));
#740 = CARTESIAN_POINT('',(-28.01226098659,-2.462833231745,
    23.052921527338));
#741 = CARTESIAN_POINT('',(-28.02882236183,-2.276330576665,
    22.731552400905));
#742 = CARTESIAN_POINT('',(-28.04903628601,-2.031512635251,
    22.424252758287));
#743 = CARTESIAN_POINT('',(-28.0713143069,-1.726805536959,
    22.145640510062));
#744 = CARTESIAN_POINT('',(-28.09291378934,-1.363844739653,
    21.911072592487));
#745 = CARTESIAN_POINT('',(-28.11032535032,-0.947890697505,
    21.736812098364));
#746 = CARTESIAN_POINT('',(-28.12,-0.487892102194,21.64));
#747 = CARTESIAN_POINT('',(-28.12,1.33226762955E-15,21.64));
#748 = PCURVE('',#59,#749);
#749 = DEFINITIONAL_REPRESENTATION('',(#750),#809);
#750 = B_SPLINE_CURVE_WITH_KNOTS('',8,(#751,#752,#753,#754,#755,#756,
    #757,#758,#759,#760,#761,#762,#763,#764,#765,#766,#767,#768,#769,
    #770,#771,#772,#773,#774,#775,#776,#777,#778,#779,#780,#781,#782,
    #783,#784,#785,#786,#787,#788,#789,#790,#791,#792,#793,#794,#795,
    #796,#797,#798,#799,#800,#801,#802,#803,#804,#805,#806,#807,#808),
  .UNSPECIFIED.,.F.,.F.,(9,7,7,7,7,7,7,7,9),(0.,8.209514494323E-02,
    0.179644203592,0.322270778906,0.452351743112,0.550920046299,
    0.681001010505,0.823627584919,1.),.UNSPECIFIED.);
#751 = CARTESIAN_POINT('',(3.14159265359,21.64));
#752 = CARTESIAN_POINT('',(3.133849299863,21.64));
#753 = CARTESIAN_POINT('',(3.126169442939,21.659282969255));
#754 = CARTESIAN_POINT('',(3.118643319892,21.697295650469));
#755 = CARTESIAN_POINT('',(3.111357484533,21.752963235698));
#756 = CARTESIAN_POINT('',(3.104391625142,21.824711440861));
#757 = CARTESIAN_POINT('',(3.097815582582,21.910485081375));
#758 = CARTESIAN_POINT('',(3.091686568785,22.007763148939));
#759 = CARTESIAN_POINT('',(3.079344909777,22.239295201966));
#760 = CARTESIAN_POINT('',(3.07326504527,22.378350705457));
#761 = CARTESIAN_POINT('',(3.067799641011,22.528104579028));
#762 = CARTESIAN_POINT('',(3.062934889368,22.686413758177));
#763 = CARTESIAN_POINT('',(3.058653665379,22.85152889069));
#764 = CARTESIAN_POINT('',(3.05493804745,23.022018214347));
#765 = CARTESIAN_POINT('',(3.051771219515,23.196710856434));
#766 = CARTESIAN_POINT('',(3.045289825223,23.634838523641));
#767 = CARTESIAN_POINT('',(3.042572528067,23.902700166242));
#768 = CARTESIAN_POINT('',(3.040954839696,24.175242171892));
#769 = CARTESIAN_POINT('',(3.040417716693,24.450000000003));
#770 = CARTESIAN_POINT('',(3.040954839697,24.724757828107));
#771 = CARTESIAN_POINT('',(3.042572528066,24.997299833749));
#772 = CARTESIAN_POINT('',(3.045289825223,25.265161476367));
#773 = CARTESIAN_POINT('',(3.052649127501,25.762633747575));
#774 = CARTESIAN_POINT('',(3.057120509929,25.994865487747));
#775 = CARTESIAN_POINT('',(3.06259140351,26.219340965591));
#776 = CARTESIAN_POINT('',(3.069101752663,26.432705297599));
#777 = CARTESIAN_POINT('',(3.076685131726,26.63077212092));
#778 = CARTESIAN_POINT('',(3.085362797886,26.808392420462));
#779 = CARTESIAN_POINT('',(3.095132922997,26.959221175469));
#780 = CARTESIAN_POINT('',(3.114143636758,27.163151936226));
#781 = CARTESIAN_POINT('',(3.122937107506,27.231055878592));
#782 = CARTESIAN_POINT('',(3.132154944867,27.273835470127));
#783 = CARTESIAN_POINT('',(3.14159265359,27.288434219833));
#784 = CARTESIAN_POINT('',(3.151030362313,27.273835470127));
#785 = CARTESIAN_POINT('',(3.160248199674,27.231055878592));
#786 = CARTESIAN_POINT('',(3.169041670422,27.163151936226));
#787 = CARTESIAN_POINT('',(3.188052384183,26.959221175469));
#788 = CARTESIAN_POINT('',(3.197822509293,26.808392420463));
#789 = CARTESIAN_POINT('',(3.206500175454,26.63077212092));
#790 = CARTESIAN_POINT('',(3.214083554516,26.432705297599));
#791 = CARTESIAN_POINT('',(3.22059390367,26.219340965591));
#792 = CARTESIAN_POINT('',(3.226064797251,25.994865487748));
#793 = CARTESIAN_POINT('',(3.230536179679,25.762633747575));
#794 = CARTESIAN_POINT('',(3.237895481933,25.26516147801));
#795 = CARTESIAN_POINT('',(3.240612779143,24.997299832032));
#796 = CARTESIAN_POINT('',(3.242230467486,24.724757827769));
#797 = CARTESIAN_POINT('',(3.242767590462,24.450000000002));
#798 = CARTESIAN_POINT('',(3.242230467486,24.175242172232));
#799 = CARTESIAN_POINT('',(3.240612779143,23.902700167966));
#800 = CARTESIAN_POINT('',(3.237895481933,23.63483852199));
#801 = CARTESIAN_POINT('',(3.229286955765,23.052921527338));
#802 = CARTESIAN_POINT('',(3.222628523451,22.731552400905));
#803 = CARTESIAN_POINT('',(3.213892989994,22.424252758287));
#804 = CARTESIAN_POINT('',(3.203029128302,22.145640510062));
#805 = CARTESIAN_POINT('',(3.19010148772,21.911072592487));
#806 = CARTESIAN_POINT('',(3.175301427499,21.736812098364));
#807 = CARTESIAN_POINT('',(3.158943012843,21.64));
#808 = CARTESIAN_POINT('',(3.14159265359,21.64));
#809 = ( GEOMETRIC_REPRESENTATION_CONTEXT(2)
PARAMETRIC_REPRESENTATION_CONTEXT() REPRESENTATION_CONTEXT('2D SPACE',''
  ) );
#810 = PCURVE('',#811,#816);
#811 = CYLINDRICAL_SURFACE('',#812,2.81);
#812 = AXIS2_PLACEMENT_3D('',#813,#814,#815);
#813 = CARTESIAN_POINT('',(-29.12,0.,24.45));
#814 = DIRECTION('',(1.,0.,1.110223024625E-16));
#815 = DIRECTION('',(1.110223024625E-16,0.,-1.));
#816 = DEFINITIONAL_REPRESENTATION('',(#817),#876);
#817 = B_SPLINE_CURVE_WITH_KNOTS('',8,(#818,#819,#820,#821,#822,#823,
    #824,#825,#826,#827,#828,#829,#830,#831,#832,#833,#834,#835,#836,
    #837,#838,#839,#840,#841,#842,#843,#844,#845,#846,#847,#848,#849,
    #850,#851,#852,#853,#854,#855,#856,#857,#858,#859,#860,#861,#862,
    #863,#864,#865,#866,#867,#868,#869,#870,#871,#872,#873,#874,#875),
  .UNSPECIFIED.,.F.,.F.,(9,7,7,7,7,7,7,7,9),(0.,8.209514494323E-02,
    0.179644203592,0.322270778906,0.452351743112,0.550920046299,
    0.681001010505,0.823627584919,1.),.UNSPECIFIED.);
#818 = CARTESIAN_POINT('',(0.,1.));
#819 = CARTESIAN_POINT('',(7.748865010949E-02,1.));
#820 = CARTESIAN_POINT('',(0.154341789748,1.00192651333));
#821 = CARTESIAN_POINT('',(0.230358787737,1.005726120754));
#822 = CARTESIAN_POINT('',(0.305326097597,1.011215073332));
#823 = CARTESIAN_POINT('',(0.379003621265,1.018101196809));
#824 = CARTESIAN_POINT('',(0.451105242946,1.026017032658));
#825 = CARTESIAN_POINT('',(0.521273533098,1.034564215766));
#826 = CARTESIAN_POINT('',(0.669581962008,1.053831425788));
#827 = CARTESIAN_POINT('',(0.747561865139,1.064764429645));
#828 = CARTESIAN_POINT('',(0.823326292938,1.075709553413));
#829 = CARTESIAN_POINT('',(0.897160485912,1.086292029443));
#830 = CARTESIAN_POINT('',(0.969318209935,1.096217001077));
#831 = CARTESIAN_POINT('',(1.040037751197,1.105261356354));
#832 = CARTESIAN_POINT('',(1.109552660242,1.113261263696));
#833 = CARTESIAN_POINT('',(1.278316350534,1.130087621053));
#834 = CARTESIAN_POINT('',(1.37674022129,1.137616034119));
#835 = CARTESIAN_POINT('',(1.474043613328,1.142275866718));
#836 = CARTESIAN_POINT('',(1.570796326796,1.14385157542));
#837 = CARTESIAN_POINT('',(1.667549040261,1.142275866718));
#838 = CARTESIAN_POINT('',(1.764852432296,1.137616034119));
#839 = CARTESIAN_POINT('',(1.863276303059,1.130087621053));
#840 = CARTESIAN_POINT('',(2.05489911666,1.11098212547));
#841 = CARTESIAN_POINT('',(2.148307720398,1.099768556265));
#842 = CARTESIAN_POINT('',(2.244152896587,1.086731136627));
#843 = CARTESIAN_POINT('',(2.342861409471,1.072317806383));
#844 = CARTESIAN_POINT('',(2.444897796435,1.057183133564));
#845 = CARTESIAN_POINT('',(2.550786796697,1.042247547547));
#846 = CARTESIAN_POINT('',(2.661169039239,1.028699778816));
#847 = CARTESIAN_POINT('',(2.86467112148,1.009649018857));
#848 = CARTESIAN_POINT('',(2.955473656318,1.002994482021));
#849 = CARTESIAN_POINT('',(3.048105463765,0.998621588291));
#850 = CARTESIAN_POINT('',(3.14159265359,0.997094114192));
#851 = CARTESIAN_POINT('',(3.235079843415,0.998621588291));
#852 = CARTESIAN_POINT('',(3.327711650861,1.002994482021));
#853 = CARTESIAN_POINT('',(3.418514185699,1.009649018857));
#854 = CARTESIAN_POINT('',(3.622016267941,1.028699778816));
#855 = CARTESIAN_POINT('',(3.732398510482,1.042247547547));
#856 = CARTESIAN_POINT('',(3.838287510745,1.057183133564));
#857 = CARTESIAN_POINT('',(3.940323897709,1.072317806383));
#858 = CARTESIAN_POINT('',(4.039032410592,1.086731136627));
#859 = CARTESIAN_POINT('',(4.134877586781,1.099768556265));
#860 = CARTESIAN_POINT('',(4.22828619052,1.11098212547));
#861 = CARTESIAN_POINT('',(4.419909003487,1.13008762099));
#862 = CARTESIAN_POINT('',(4.518332875586,1.137616034197));
#863 = CARTESIAN_POINT('',(4.615636266963,1.142275866726));
#864 = CARTESIAN_POINT('',(4.712388980384,1.143851575356));
#865 = CARTESIAN_POINT('',(4.809141693806,1.142275866726));
#866 = CARTESIAN_POINT('',(4.906445085184,1.137616034197));
#867 = CARTESIAN_POINT('',(5.004868957282,1.13008762099));
#868 = CARTESIAN_POINT('',(5.229019283342,1.10773901341));
#869 = CARTESIAN_POINT('',(5.360079885068,1.09117763817));
#870 = CARTESIAN_POINT('',(5.497351164291,1.070963713988));
#871 = CARTESIAN_POINT('',(5.640567667331,1.048685693092));
#872 = CARTESIAN_POINT('',(5.7898622154,1.027086210656));
#873 = CARTESIAN_POINT('',(5.945856414214,1.009674649679));
#874 = CARTESIAN_POINT('',(6.109558224548,1.));
#875 = CARTESIAN_POINT('',(6.28318530718,1.));
#876 = ( GEOMETRIC_REPRESENTATION_CONTEXT(2)
PARAMETRIC_REPRESENTATION_CONTEXT() REPRESENTATION_CONTEXT('2D SPACE',''
  ) );
#877 = ADVANCED_FACE('',(#878),#98,.F.);
#878 = FACE_BOUND('',#879,.F.);
#879 = EDGE_LOOP('',(#880,#881,#904,#1094,#1277,#1278));
#880 = ORIENTED_EDGE('',*,*,#188,.F.);
#881 = ORIENTED_EDGE('',*,*,#882,.F.);
#882 = EDGE_CURVE('',#883,#24,#885,.T.);
#883 = VERTEX_POINT('',#884);
#884 = CARTESIAN_POINT('',(5.44,-1.010333609297E-15,21.64));
#885 = SEAM_CURVE('',#886,(#890,#897),.PCURVE_S1.);
#886 = LINE('',#887,#888);
#887 = CARTESIAN_POINT('',(-29.12,-6.882515011208E-16,21.64));
#888 = VECTOR('',#889,1.);
#889 = DIRECTION('',(1.,0.,1.110223024625E-16));
#890 = PCURVE('',#98,#891);
#891 = DEFINITIONAL_REPRESENTATION('',(#892),#896);
#892 = LINE('',#893,#894);
#893 = CARTESIAN_POINT('',(6.28318530718,-0.));
#894 = VECTOR('',#895,1.);
#895 = DIRECTION('',(0.,1.));
#896 = ( GEOMETRIC_REPRESENTATION_CONTEXT(2)
PARAMETRIC_REPRESENTATION_CONTEXT() REPRESENTATION_CONTEXT('2D SPACE',''
  ) );
#897 = PCURVE('',#98,#898);
#898 = DEFINITIONAL_REPRESENTATION('',(#899),#903);
#899 = LINE('',#900,#901);
#900 = CARTESIAN_POINT('',(0.,-0.));
#901 = VECTOR('',#902,1.);
#902 = DIRECTION('',(0.,1.));
#903 = ( GEOMETRIC_REPRESENTATION_CONTEXT(2)
PARAMETRIC_REPRESENTATION_CONTEXT() REPRESENTATION_CONTEXT('2D SPACE',''
  ) );
#904 = ORIENTED_EDGE('',*,*,#905,.T.);
#905 = EDGE_CURVE('',#883,#906,#908,.T.);
#906 = VERTEX_POINT('',#907);
#907 = CARTESIAN_POINT('',(5.44,-1.332415717472E-15,27.26));
#908 = SURFACE_CURVE('',#909,(#967,#1028),.PCURVE_S1.);
#909 = B_SPLINE_CURVE_WITH_KNOTS('',6,(#910,#911,#912,#913,#914,#915,
    #916,#917,#918,#919,#920,#921,#922,#923,#924,#925,#926,#927,#928,
    #929,#930,#931,#932,#933,#934,#935,#936,#937,#938,#939,#940,#941,
    #942,#943,#944,#945,#946,#947,#948,#949,#950,#951,#952,#953,#954,
    #955,#956,#957,#958,#959,#960,#961,#962,#963,#964,#965,#966),
  .UNSPECIFIED.,.F.,.F.,(7,5,5,5,5,5,5,5,5,5,5,7),(0.,0.119539754595,
    0.174092876712,0.242560781273,0.326494377642,0.408087296181,
    0.499909116831,0.591473364883,0.674652504188,0.828001503175,
    0.881053976169,1.),.UNSPECIFIED.);
#910 = CARTESIAN_POINT('',(5.44,-3.441257505604E-16,21.64));
#911 = CARTESIAN_POINT('',(5.44,0.214724066807,21.64));
#912 = CARTESIAN_POINT('',(5.429829298301,0.427656554217,21.659689709281
    ));
#913 = CARTESIAN_POINT('',(5.409807252524,0.635422852516,21.698452208952
    ));
#914 = CARTESIAN_POINT('',(5.381166835573,0.834759067249,21.754654458921
    ));
#915 = CARTESIAN_POINT('',(5.345981461968,1.022712250596,21.82565360005)
  );
#916 = CARTESIAN_POINT('',(5.288792591436,1.276286736124,21.945023932367
    ));
#917 = CARTESIAN_POINT('',(5.269940980578,1.353221966551,21.984881690446
    ));
#918 = CARTESIAN_POINT('',(5.25031655207,1.427622678493,22.026994340655)
  );
#919 = CARTESIAN_POINT('',(5.23007090705,1.499487247888,22.071178793381)
  );
#920 = CARTESIAN_POINT('',(5.209347828337,1.568822475446,22.117265751996
    ));
#921 = CARTESIAN_POINT('',(5.161843289826,1.719507519227,22.225133432015
    ));
#922 = CARTESIAN_POINT('',(5.134859033174,1.799429194659,22.287931662906
    ));
#923 = CARTESIAN_POINT('',(5.107579858946,1.875483308325,22.353224217832
    ));
#924 = CARTESIAN_POINT('',(5.08023370714,1.947746464728,22.420781159418)
  );
#925 = CARTESIAN_POINT('',(5.053027535251,2.016295813417,22.490412092337
    ));
#926 = CARTESIAN_POINT('',(4.99319879006,2.160783126872,22.649682622673)
  );
#927 = CARTESIAN_POINT('',(4.960736831014,2.23490242552,22.74029988055)
  );
#928 = CARTESIAN_POINT('',(4.929119128566,2.303678282898,22.83351539078)
  );
#929 = CARTESIAN_POINT('',(4.898670850362,2.367203976941,22.929076203455
    ));
#930 = CARTESIAN_POINT('',(4.869688559363,2.425553287971,23.026777786234
    ));
#931 = CARTESIAN_POINT('',(4.815956409362,2.530522207863,23.22336832893)
  );
#932 = CARTESIAN_POINT('',(4.791110256952,2.577424928034,23.322151225567
    ));
#933 = CARTESIAN_POINT('',(4.768174024245,2.619494267345,23.422591211253
    ));
#934 = CARTESIAN_POINT('',(4.747389677572,2.65673403897,23.524486855716)
  );
#935 = CARTESIAN_POINT('',(4.728967103192,2.689141534612,23.627655212973
    ));
#936 = CARTESIAN_POINT('',(4.695201136456,2.747720510417,23.849279808031
    ));
#937 = CARTESIAN_POINT('',(4.680533758469,2.7725996007,23.968026728532)
  );
#938 = CARTESIAN_POINT('',(4.669345296469,2.791289484011,24.087813308666
    ));
#939 = CARTESIAN_POINT('',(4.661820938703,2.803761023723,24.20829279823)
  );
#940 = CARTESIAN_POINT('',(4.658057535068,2.81,24.32912985092));
#941 = CARTESIAN_POINT('',(4.658057535068,2.81,24.570531091999));
#942 = CARTESIAN_POINT('',(4.661799857502,2.803795976957,24.691029526269
    ));
#943 = CARTESIAN_POINT('',(4.66928209265,2.79139424131,24.811173382666)
  );
#944 = CARTESIAN_POINT('',(4.680408468128,2.772808882196,24.930630006645
    ));
#945 = CARTESIAN_POINT('',(4.694995813882,2.748068764624,25.049055494398
    ));
#946 = CARTESIAN_POINT('',(4.728934675026,2.68920488775,25.272414900035)
  );
#947 = CARTESIAN_POINT('',(4.747726926643,2.656149444056,25.377585768519
    ));
#948 = CARTESIAN_POINT('',(4.768972677253,2.618072445963,25.481432777406
    ));
#949 = CARTESIAN_POINT('',(4.792449276158,2.574976437383,25.583762523325
    ));
#950 = CARTESIAN_POINT('',(4.817899556263,2.526856792889,25.684361540494
    ));
#951 = CARTESIAN_POINT('',(4.895065761319,2.37571796272,25.964837379681)
  );
#952 = CARTESIAN_POINT('',(4.950790101543,2.260704036042,26.13986282937)
  );
#953 = CARTESIAN_POINT('',(5.010565161655,2.128327765538,26.307252790287
    ));
#954 = CARTESIAN_POINT('',(5.072538031665,1.977861700513,26.465702862471
    ));
#955 = CARTESIAN_POINT('',(5.134437977064,1.808425153468,26.613160231865
    ));
#956 = CARTESIAN_POINT('',(5.213816141586,1.553840263984,26.792667571561
    ));
#957 = CARTESIAN_POINT('',(5.233875550412,1.486023116972,26.837135463929
    ));
#958 = CARTESIAN_POINT('',(5.25346614026,1.415814497105,26.879785588069)
  );
#959 = CARTESIAN_POINT('',(5.272454818601,1.343210047103,26.920460452141
    ));
#960 = CARTESIAN_POINT('',(5.290701669024,1.268213125737,26.958990530224
    ));
#961 = CARTESIAN_POINT('',(5.346981352438,1.017350553396,27.076363122046
    ));
#962 = CARTESIAN_POINT('',(5.381816943035,0.830219167034,27.146621332925
    ));
#963 = CARTESIAN_POINT('',(5.410149267839,0.631870704839,27.202209947868
    ));
#964 = CARTESIAN_POINT('',(5.42994601207,0.425220902653,27.240536233925)
  );
#965 = CARTESIAN_POINT('',(5.44,0.213488504104,27.26));
#966 = CARTESIAN_POINT('',(5.44,5.161886258406E-16,27.26));
#967 = PCURVE('',#98,#968);
#968 = DEFINITIONAL_REPRESENTATION('',(#969),#1027);
#969 = B_SPLINE_CURVE_WITH_KNOTS('',6,(#970,#971,#972,#973,#974,#975,
    #976,#977,#978,#979,#980,#981,#982,#983,#984,#985,#986,#987,#988,
    #989,#990,#991,#992,#993,#994,#995,#996,#997,#998,#999,#1000,#1001,
    #1002,#1003,#1004,#1005,#1006,#1007,#1008,#1009,#1010,#1011,#1012,
    #1013,#1014,#1015,#1016,#1017,#1018,#1019,#1020,#1021,#1022,#1023,
    #1024,#1025,#1026),.UNSPECIFIED.,.F.,.F.,(7,5,5,5,5,5,5,5,5,5,5,7),(
    0.,0.119539754595,0.174092876712,0.242560781273,0.326494377642,
    0.408087296181,0.499909116831,0.591473364883,0.674652504188,
    0.828001503175,0.881053976169,1.),.UNSPECIFIED.);
#970 = CARTESIAN_POINT('',(0.,34.56));
#971 = CARTESIAN_POINT('',(7.641425865002E-02,34.56));
#972 = CARTESIAN_POINT('',(0.1521908697,34.549829298301));
#973 = CARTESIAN_POINT('',(0.226932609247,34.529807252524));
#974 = CARTESIAN_POINT('',(0.300211888065,34.501166835573));
#975 = CARTESIAN_POINT('',(0.371490358691,34.465981461968));
#976 = CARTESIAN_POINT('',(0.471229317092,34.408792591436));
#977 = CARTESIAN_POINT('',(0.502042203966,34.389940980578));
#978 = CARTESIAN_POINT('',(0.532435726019,34.37031655207));
#979 = CARTESIAN_POINT('',(0.562428895197,34.35007090705));
#980 = CARTESIAN_POINT('',(0.592039192208,34.329347828337));
#981 = CARTESIAN_POINT('',(0.657987369546,34.281843289826));
#982 = CARTESIAN_POINT('',(0.694122769924,34.254859033174));
#983 = CARTESIAN_POINT('',(0.729744626437,34.227579858946));
#984 = CARTESIAN_POINT('',(0.764902919118,34.20023370714));
#985 = CARTESIAN_POINT('',(0.799646628157,34.173027535251));
#986 = CARTESIAN_POINT('',(0.876174546468,34.11319879006));
#987 = CARTESIAN_POINT('',(0.917781585359,34.080736831014));
#988 = CARTESIAN_POINT('',(0.958930436296,34.049119128566));
#989 = CARTESIAN_POINT('',(0.9996945968,34.018670850362));
#990 = CARTESIAN_POINT('',(1.040145947941,33.989688559363));
#991 = CARTESIAN_POINT('',(1.119455345716,33.935956409362));
#992 = CARTESIAN_POINT('',(1.158327508505,33.911110256952));
#993 = CARTESIAN_POINT('',(1.19701727795,33.888174024245));
#994 = CARTESIAN_POINT('',(1.235563462891,33.867389677572));
#995 = CARTESIAN_POINT('',(1.274006324686,33.848967103192));
#996 = CARTESIAN_POINT('',(1.355584827877,33.815201136456));
#997 = CARTESIAN_POINT('',(1.39870293024,33.800533758469));
#998 = CARTESIAN_POINT('',(1.441761060734,33.789345296469));
#999 = CARTESIAN_POINT('',(1.48477950136,33.781820938703));
#1000 = CARTESIAN_POINT('',(1.527782038866,33.778057535068));
#1001 = CARTESIAN_POINT('',(1.613689953841,33.778057535068));
#1002 = CARTESIAN_POINT('',(1.656571986069,33.781799857502));
#1003 = CARTESIAN_POINT('',(1.699469783542,33.78928209265));
#1004 = CARTESIAN_POINT('',(1.742406891253,33.800408468128));
#1005 = CARTESIAN_POINT('',(1.785403394373,33.814995813882));
#1006 = CARTESIAN_POINT('',(1.867604700686,33.848934675026));
#1007 = CARTESIAN_POINT('',(1.906794138967,33.867726926643));
#1008 = CARTESIAN_POINT('',(1.946091214325,33.888972677253));
#1009 = CARTESIAN_POINT('',(1.985538747288,33.912449276158));
#1010 = CARTESIAN_POINT('',(2.025178015797,33.937899556263));
#1011 = CARTESIAN_POINT('',(2.138560855265,34.015065761319));
#1012 = CARTESIAN_POINT('',(2.212809715249,34.070790101543));
#1013 = CARTESIAN_POINT('',(2.288311265902,34.130565161655));
#1014 = CARTESIAN_POINT('',(2.36557161301,34.192538031665));
#1015 = CARTESIAN_POINT('',(2.445090874006,34.254437977064));
#1016 = CARTESIAN_POINT('',(2.55594730907,34.333816141586));
#1017 = CARTESIAN_POINT('',(2.58479063309,34.353875550412));
#1018 = CARTESIAN_POINT('',(2.613998394074,34.37346614026));
#1019 = CARTESIAN_POINT('',(2.64358624908,34.392454818601));
#1020 = CARTESIAN_POINT('',(2.6735712706,34.410701669024));
#1021 = CARTESIAN_POINT('',(2.772134520805,34.466981352438));
#1022 = CARTESIAN_POINT('',(2.843049417658,34.501816943035));
#1023 = CARTESIAN_POINT('',(2.915937947858,34.530149267839));
#1024 = CARTESIAN_POINT('',(2.990268561899,34.54994601207));
#1025 = CARTESIAN_POINT('',(3.065618096969,34.56));
#1026 = CARTESIAN_POINT('',(3.14159265359,34.56));
#1027 = ( GEOMETRIC_REPRESENTATION_CONTEXT(2)
PARAMETRIC_REPRESENTATION_CONTEXT() REPRESENTATION_CONTEXT('2D SPACE',''
  ) );
#1028 = PCURVE('',#1029,#1034);
#1029 = CYLINDRICAL_SURFACE('',#1030,5.44);
#1030 = AXIS2_PLACEMENT_3D('',#1031,#1032,#1033);
#1031 = CARTESIAN_POINT('',(0.,0.,-1.));
#1032 = DIRECTION('',(0.,0.,1.));
#1033 = DIRECTION('',(1.,0.,-0.));
#1034 = DEFINITIONAL_REPRESENTATION('',(#1035),#1093);
#1035 = B_SPLINE_CURVE_WITH_KNOTS('',6,(#1036,#1037,#1038,#1039,#1040,
    #1041,#1042,#1043,#1044,#1045,#1046,#1047,#1048,#1049,#1050,#1051,
    #1052,#1053,#1054,#1055,#1056,#1057,#1058,#1059,#1060,#1061,#1062,
    #1063,#1064,#1065,#1066,#1067,#1068,#1069,#1070,#1071,#1072,#1073,
    #1074,#1075,#1076,#1077,#1078,#1079,#1080,#1081,#1082,#1083,#1084,
    #1085,#1086,#1087,#1088,#1089,#1090,#1091,#1092),.UNSPECIFIED.,.F.,
  .F.,(7,5,5,5,5,5,5,5,5,5,5,7),(0.,0.119539754595,0.174092876712,
    0.242560781273,0.326494377642,0.408087296181,0.499909116831,
    0.591473364883,0.674652504188,0.828001503175,0.881053976169,1.),
  .UNSPECIFIED.);
#1036 = CARTESIAN_POINT('',(0.,22.64));
#1037 = CARTESIAN_POINT('',(3.947133581003E-02,22.64));
#1038 = CARTESIAN_POINT('',(7.861340651999E-02,22.659689709281));
#1039 = CARTESIAN_POINT('',(0.116916091703,22.698452208952));
#1040 = CARTESIAN_POINT('',(0.153882553628,22.754654458921));
#1041 = CARTESIAN_POINT('',(0.189009277072,22.82565360005));
#1042 = CARTESIAN_POINT('',(0.23679299576,22.945023932367));
#1043 = CARTESIAN_POINT('',(0.251351390686,22.984881690446));
#1044 = CARTESIAN_POINT('',(0.265492594472,23.026994340655));
#1045 = CARTESIAN_POINT('',(0.279214551122,23.071178793381));
#1046 = CARTESIAN_POINT('',(0.29251561246,23.117265751996));
#1047 = CARTESIAN_POINT('',(0.321558952685,23.225133432015));
#1048 = CARTESIAN_POINT('',(0.337062066226,23.287931662906));
#1049 = CARTESIAN_POINT('',(0.351911013574,23.353224217832));
#1050 = CARTESIAN_POINT('',(0.36611116161,23.420781159418));
#1051 = CARTESIAN_POINT('',(0.379666822874,23.490412092337));
#1052 = CARTESIAN_POINT('',(0.408413944611,23.649682622673));
#1053 = CARTESIAN_POINT('',(0.423285233254,23.74029988055));
#1054 = CARTESIAN_POINT('',(0.437196734535,23.83351539078));
#1055 = CARTESIAN_POINT('',(0.450144315263,23.929076203455));
#1056 = CARTESIAN_POINT('',(0.462119663266,24.026777786234));
#1057 = CARTESIAN_POINT('',(0.483796517092,24.22336832893));
#1058 = CARTESIAN_POINT('',(0.493552409102,24.322151225567));
#1059 = CARTESIAN_POINT('',(0.50235961656,24.422591211253));
#1060 = CARTESIAN_POINT('',(0.510198808,24.524486855716));
#1061 = CARTESIAN_POINT('',(0.517051224799,24.627655212973));
#1062 = CARTESIAN_POINT('',(0.529480247059,24.849279808031));
#1063 = CARTESIAN_POINT('',(0.534788981161,24.968026728532));
#1064 = CARTESIAN_POINT('',(0.53879310715,25.087813308666));
#1065 = CARTESIAN_POINT('',(0.541470648144,25.20829279823));
#1066 = CARTESIAN_POINT('',(0.542809997202,25.32912985092));
#1067 = CARTESIAN_POINT('',(0.542809997202,25.570531091999));
#1068 = CARTESIAN_POINT('',(0.541478151263,25.691029526269));
#1069 = CARTESIAN_POINT('',(0.538815597953,25.811173382666));
#1070 = CARTESIAN_POINT('',(0.53483381855,25.930630006645));
#1071 = CARTESIAN_POINT('',(0.52955455879,26.049055494398));
#1072 = CARTESIAN_POINT('',(0.517064291309,26.272414900035));
#1073 = CARTESIAN_POINT('',(0.510074750814,26.377585768519));
#1074 = CARTESIAN_POINT('',(0.502059858344,26.481432777406));
#1075 = CARTESIAN_POINT('',(0.493039462387,26.583762523325));
#1076 = CARTESIAN_POINT('',(0.483033986592,26.684361540494));
#1077 = CARTESIAN_POINT('',(0.45183941573,26.964837379681));
#1078 = CARTESIAN_POINT('',(0.428351477,27.13986282937));
#1079 = CARTESIAN_POINT('',(0.401667578744,27.307252790287));
#1080 = CARTESIAN_POINT('',(0.371784272301,27.465702862471));
#1081 = CARTESIAN_POINT('',(0.338662660488,27.613160231865));
#1082 = CARTESIAN_POINT('',(0.289641933226,27.792667571561));
#1083 = CARTESIAN_POINT('',(0.276643034156,27.837135463929));
#1084 = CARTESIAN_POINT('',(0.263246505331,27.879785588069));
#1085 = CARTESIAN_POINT('',(0.249454122347,27.920460452141));
#1086 = CARTESIAN_POINT('',(0.235268040948,27.958990530224));
#1087 = CARTESIAN_POINT('',(0.188007360822,28.076363122046));
#1088 = CARTESIAN_POINT('',(0.153040680574,28.146621332925));
#1089 = CARTESIAN_POINT('',(0.116261230939,28.202209947868));
#1090 = CARTESIAN_POINT('',(7.816567474695E-02,28.240536233925));
#1091 = CARTESIAN_POINT('',(3.924421031332E-02,28.26));
#1092 = CARTESIAN_POINT('',(0.,28.26));
#1093 = ( GEOMETRIC_REPRESENTATION_CONTEXT(2)
PARAMETRIC_REPRESENTATION_CONTEXT() REPRESENTATION_CONTEXT('2D SPACE',''
  ) );
#1094 = ORIENTED_EDGE('',*,*,#1095,.T.);
#1095 = EDGE_CURVE('',#906,#883,#1096,.T.);
#1096 = SURFACE_CURVE('',#1097,(#1155,#1216),.PCURVE_S1.);
#1097 = B_SPLINE_CURVE_WITH_KNOTS('',6,(#1098,#1099,#1100,#1101,#1102,
    #1103,#1104,#1105,#1106,#1107,#1108,#1109,#1110,#1111,#1112,#1113,
    #1114,#1115,#1116,#1117,#1118,#1119,#1120,#1121,#1122,#1123,#1124,
    #1125,#1126,#1127,#1128,#1129,#1130,#1131,#1132,#1133,#1134,#1135,
    #1136,#1137,#1138,#1139,#1140,#1141,#1142,#1143,#1144,#1145,#1146,
    #1147,#1148,#1149,#1150,#1151,#1152,#1153,#1154),.UNSPECIFIED.,.F.,
  .F.,(7,5,5,5,5,5,5,5,5,5,5,7),(0.,0.119539754608,0.174092876727,
    0.242560781286,0.326494377654,0.408087296191,0.49990911684,
    0.59147336489,0.674652504194,0.828001503178,0.881053976172,1.),
  .UNSPECIFIED.);
#1098 = CARTESIAN_POINT('',(5.44,0.,27.26));
#1099 = CARTESIAN_POINT('',(5.44,-0.214724066807,27.26));
#1100 = CARTESIAN_POINT('',(5.429829298301,-0.427656554217,
    27.240310290719));
#1101 = CARTESIAN_POINT('',(5.409807252524,-0.635422852516,
    27.201547791048));
#1102 = CARTESIAN_POINT('',(5.381166835573,-0.834759067249,
    27.145345541079));
#1103 = CARTESIAN_POINT('',(5.345981461968,-1.022712250597,
    27.074346399949));
#1104 = CARTESIAN_POINT('',(5.288792591437,-1.276286736119,
    26.954976067635));
#1105 = CARTESIAN_POINT('',(5.269940980578,-1.353221966553,
    26.915118309554));
#1106 = CARTESIAN_POINT('',(5.250316552069,-1.427622678498,
    26.873005659342));
#1107 = CARTESIAN_POINT('',(5.230070907049,-1.499487247889,
    26.828821206618));
#1108 = CARTESIAN_POINT('',(5.209347828339,-1.568822475442,
    26.782734248007));
#1109 = CARTESIAN_POINT('',(5.161843289826,-1.719507519227,
    26.674866567985));
#1110 = CARTESIAN_POINT('',(5.134859033174,-1.799429194659,
    26.612068337094));
#1111 = CARTESIAN_POINT('',(5.107579858946,-1.875483308325,
    26.546775782168));
#1112 = CARTESIAN_POINT('',(5.08023370714,-1.947746464728,
    26.479218840582));
#1113 = CARTESIAN_POINT('',(5.053027535251,-2.016295813417,
    26.409587907663));
#1114 = CARTESIAN_POINT('',(4.99319879006,-2.160783126872,
    26.250317377327));
#1115 = CARTESIAN_POINT('',(4.960736831014,-2.23490242552,26.15970011945
    ));
#1116 = CARTESIAN_POINT('',(4.929119128566,-2.303678282898,
    26.06648460922));
#1117 = CARTESIAN_POINT('',(4.898670850362,-2.367203976941,
    25.970923796545));
#1118 = CARTESIAN_POINT('',(4.869688559363,-2.425553287971,
    25.873222213766));
#1119 = CARTESIAN_POINT('',(4.815956409362,-2.530522207863,
    25.67663167107));
#1120 = CARTESIAN_POINT('',(4.791110256952,-2.577424928034,
    25.577848774433));
#1121 = CARTESIAN_POINT('',(4.768174024245,-2.619494267345,
    25.477408788747));
#1122 = CARTESIAN_POINT('',(4.747389677572,-2.65673403897,
    25.375513144284));
#1123 = CARTESIAN_POINT('',(4.728967103192,-2.689141534612,
    25.272344787027));
#1124 = CARTESIAN_POINT('',(4.695201136456,-2.747720510417,
    25.050720191969));
#1125 = CARTESIAN_POINT('',(4.680533758469,-2.7725996007,24.931973271468
    ));
#1126 = CARTESIAN_POINT('',(4.669345296469,-2.791289484011,
    24.812186691334));
#1127 = CARTESIAN_POINT('',(4.661820938703,-2.803761023723,
    24.69170720177));
#1128 = CARTESIAN_POINT('',(4.658057535068,-2.81,24.57087014908));
#1129 = CARTESIAN_POINT('',(4.658057535068,-2.81,24.329468908001));
#1130 = CARTESIAN_POINT('',(4.661799857502,-2.803795976957,
    24.208970473731));
#1131 = CARTESIAN_POINT('',(4.66928209265,-2.79139424131,24.088826617334
    ));
#1132 = CARTESIAN_POINT('',(4.680408468128,-2.772808882196,
    23.969369993355));
#1133 = CARTESIAN_POINT('',(4.694995813882,-2.748068764624,
    23.850944505602));
#1134 = CARTESIAN_POINT('',(4.728934675026,-2.68920488775,
    23.627585099965));
#1135 = CARTESIAN_POINT('',(4.747726926643,-2.656149444056,
    23.522414231482));
#1136 = CARTESIAN_POINT('',(4.768972677253,-2.618072445963,
    23.418567222594));
#1137 = CARTESIAN_POINT('',(4.792449276158,-2.574976437383,
    23.316237476675));
#1138 = CARTESIAN_POINT('',(4.817899556263,-2.526856792889,
    23.215638459506));
#1139 = CARTESIAN_POINT('',(4.895065761319,-2.37571796272,22.93516262032
    ));
#1140 = CARTESIAN_POINT('',(4.950790101543,-2.260704036042,
    22.76013717063));
#1141 = CARTESIAN_POINT('',(5.010565161654,-2.128327765538,
    22.592747209713));
#1142 = CARTESIAN_POINT('',(5.072538031665,-1.977861700512,
    22.434297137529));
#1143 = CARTESIAN_POINT('',(5.134437977064,-1.808425153468,
    22.286839768135));
#1144 = CARTESIAN_POINT('',(5.213816141586,-1.553840263984,
    22.107332428439));
#1145 = CARTESIAN_POINT('',(5.233875550412,-1.486023116973,
    22.062864536071));
#1146 = CARTESIAN_POINT('',(5.25346614026,-1.415814497105,
    22.020214411931));
#1147 = CARTESIAN_POINT('',(5.272454818601,-1.343210047103,
    21.979539547859));
#1148 = CARTESIAN_POINT('',(5.290701669024,-1.268213125737,
    21.941009469776));
#1149 = CARTESIAN_POINT('',(5.346981352438,-1.017350553396,
    21.823636877954));
#1150 = CARTESIAN_POINT('',(5.381816943035,-0.830219167034,
    21.753378667075));
#1151 = CARTESIAN_POINT('',(5.41014926784,-0.631870704839,
    21.697790052132));
#1152 = CARTESIAN_POINT('',(5.42994601207,-0.425220902653,
    21.659463766075));
#1153 = CARTESIAN_POINT('',(5.44,-0.213488504105,21.64));
#1154 = CARTESIAN_POINT('',(5.44,-8.881784197001E-16,21.64));
#1155 = PCURVE('',#98,#1156);
#1156 = DEFINITIONAL_REPRESENTATION('',(#1157),#1215);
#1157 = B_SPLINE_CURVE_WITH_KNOTS('',6,(#1158,#1159,#1160,#1161,#1162,
    #1163,#1164,#1165,#1166,#1167,#1168,#1169,#1170,#1171,#1172,#1173,
    #1174,#1175,#1176,#1177,#1178,#1179,#1180,#1181,#1182,#1183,#1184,
    #1185,#1186,#1187,#1188,#1189,#1190,#1191,#1192,#1193,#1194,#1195,
    #1196,#1197,#1198,#1199,#1200,#1201,#1202,#1203,#1204,#1205,#1206,
    #1207,#1208,#1209,#1210,#1211,#1212,#1213,#1214),.UNSPECIFIED.,.F.,
  .F.,(7,5,5,5,5,5,5,5,5,5,5,7),(0.,0.119539754608,0.174092876727,
    0.242560781286,0.326494377654,0.408087296191,0.49990911684,
    0.59147336489,0.674652504194,0.828001503178,0.881053976172,1.),
  .UNSPECIFIED.);
#1158 = CARTESIAN_POINT('',(3.14159265359,34.56));
#1159 = CARTESIAN_POINT('',(3.21800691224,34.56));
#1160 = CARTESIAN_POINT('',(3.29378352329,34.549829298301));
#1161 = CARTESIAN_POINT('',(3.368525262837,34.529807252524));
#1162 = CARTESIAN_POINT('',(3.441804541654,34.501166835573));
#1163 = CARTESIAN_POINT('',(3.513083012281,34.465981461968));
#1164 = CARTESIAN_POINT('',(3.61282197068,34.408792591437));
#1165 = CARTESIAN_POINT('',(3.643634857556,34.389940980578));
#1166 = CARTESIAN_POINT('',(3.674028379611,34.370316552069));
#1167 = CARTESIAN_POINT('',(3.704021548788,34.350070907049));
#1168 = CARTESIAN_POINT('',(3.733631845796,34.329347828339));
#1169 = CARTESIAN_POINT('',(3.799580023135,34.281843289826));
#1170 = CARTESIAN_POINT('',(3.835715423513,34.254859033174));
#1171 = CARTESIAN_POINT('',(3.871337280027,34.227579858946));
#1172 = CARTESIAN_POINT('',(3.906495572708,34.20023370714));
#1173 = CARTESIAN_POINT('',(3.941239281747,34.173027535251));
#1174 = CARTESIAN_POINT('',(4.017767200058,34.11319879006));
#1175 = CARTESIAN_POINT('',(4.059374238949,34.080736831014));
#1176 = CARTESIAN_POINT('',(4.100523089886,34.049119128566));
#1177 = CARTESIAN_POINT('',(4.14128725039,34.018670850362));
#1178 = CARTESIAN_POINT('',(4.181738601531,33.989688559363));
#1179 = CARTESIAN_POINT('',(4.261047999306,33.935956409362));
#1180 = CARTESIAN_POINT('',(4.299920162095,33.911110256952));
#1181 = CARTESIAN_POINT('',(4.33860993154,33.888174024245));
#1182 = CARTESIAN_POINT('',(4.377156116481,33.867389677572));
#1183 = CARTESIAN_POINT('',(4.415598978276,33.848967103192));
#1184 = CARTESIAN_POINT('',(4.497177481466,33.815201136456));
#1185 = CARTESIAN_POINT('',(4.54029558383,33.800533758469));
#1186 = CARTESIAN_POINT('',(4.583353714324,33.789345296469));
#1187 = CARTESIAN_POINT('',(4.62637215495,33.781820938703));
#1188 = CARTESIAN_POINT('',(4.669374692456,33.778057535068));
#1189 = CARTESIAN_POINT('',(4.755282607431,33.778057535068));
#1190 = CARTESIAN_POINT('',(4.798164639659,33.781799857502));
#1191 = CARTESIAN_POINT('',(4.841062437132,33.78928209265));
#1192 = CARTESIAN_POINT('',(4.883999544842,33.800408468128));
#1193 = CARTESIAN_POINT('',(4.926996047962,33.814995813882));
#1194 = CARTESIAN_POINT('',(5.009197354275,33.848934675026));
#1195 = CARTESIAN_POINT('',(5.048386792557,33.867726926643));
#1196 = CARTESIAN_POINT('',(5.087683867915,33.888972677253));
#1197 = CARTESIAN_POINT('',(5.127131400877,33.912449276158));
#1198 = CARTESIAN_POINT('',(5.166770669387,33.937899556263));
#1199 = CARTESIAN_POINT('',(5.280153508855,34.015065761319));
#1200 = CARTESIAN_POINT('',(5.354402368839,34.070790101543));
#1201 = CARTESIAN_POINT('',(5.429903919492,34.130565161654));
#1202 = CARTESIAN_POINT('',(5.5071642666,34.192538031665));
#1203 = CARTESIAN_POINT('',(5.586683527596,34.254437977064));
#1204 = CARTESIAN_POINT('',(5.697539962659,34.333816141586));
#1205 = CARTESIAN_POINT('',(5.72638328668,34.353875550412));
#1206 = CARTESIAN_POINT('',(5.755591047664,34.37346614026));
#1207 = CARTESIAN_POINT('',(5.78517890267,34.392454818601));
#1208 = CARTESIAN_POINT('',(5.81516392419,34.410701669024));
#1209 = CARTESIAN_POINT('',(5.913727174394,34.466981352438));
#1210 = CARTESIAN_POINT('',(5.984642071248,34.501816943035));
#1211 = CARTESIAN_POINT('',(6.057530601448,34.530149267839));
#1212 = CARTESIAN_POINT('',(6.131861215489,34.54994601207));
#1213 = CARTESIAN_POINT('',(6.207210750559,34.56));
#1214 = CARTESIAN_POINT('',(6.28318530718,34.56));
#1215 = ( GEOMETRIC_REPRESENTATION_CONTEXT(2)
PARAMETRIC_REPRESENTATION_CONTEXT() REPRESENTATION_CONTEXT('2D SPACE',''
  ) );
#1216 = PCURVE('',#1029,#1217);
#1217 = DEFINITIONAL_REPRESENTATION('',(#1218),#1276);
#1218 = B_SPLINE_CURVE_WITH_KNOTS('',6,(#1219,#1220,#1221,#1222,#1223,
    #1224,#1225,#1226,#1227,#1228,#1229,#1230,#1231,#1232,#1233,#1234,
    #1235,#1236,#1237,#1238,#1239,#1240,#1241,#1242,#1243,#1244,#1245,
    #1246,#1247,#1248,#1249,#1250,#1251,#1252,#1253,#1254,#1255,#1256,
    #1257,#1258,#1259,#1260,#1261,#1262,#1263,#1264,#1265,#1266,#1267,
    #1268,#1269,#1270,#1271,#1272,#1273,#1274,#1275),.UNSPECIFIED.,.F.,
  .F.,(7,5,5,5,5,5,5,5,5,5,5,7),(0.,0.119539754608,0.174092876727,
    0.242560781286,0.326494377654,0.408087296191,0.49990911684,
    0.59147336489,0.674652504194,0.828001503178,0.881053976172,1.),
  .UNSPECIFIED.);
#1219 = CARTESIAN_POINT('',(6.28318530718,28.26));
#1220 = CARTESIAN_POINT('',(6.243713971369,28.26));
#1221 = CARTESIAN_POINT('',(6.20457190066,28.240310290719));
#1222 = CARTESIAN_POINT('',(6.166269215477,28.201547791048));
#1223 = CARTESIAN_POINT('',(6.129302753552,28.145345541079));
#1224 = CARTESIAN_POINT('',(6.094176030107,28.074346399949));
#1225 = CARTESIAN_POINT('',(6.046392311421,27.954976067635));
#1226 = CARTESIAN_POINT('',(6.031833916493,27.915118309554));
#1227 = CARTESIAN_POINT('',(6.017692712706,27.873005659342));
#1228 = CARTESIAN_POINT('',(6.003970756057,27.828821206618));
#1229 = CARTESIAN_POINT('',(5.990669694721,27.782734248007));
#1230 = CARTESIAN_POINT('',(5.961626354495,27.674866567985));
#1231 = CARTESIAN_POINT('',(5.946123240953,27.612068337094));
#1232 = CARTESIAN_POINT('',(5.931274293606,27.546775782168));
#1233 = CARTESIAN_POINT('',(5.91707414557,27.479218840582));
#1234 = CARTESIAN_POINT('',(5.903518484305,27.409587907663));
#1235 = CARTESIAN_POINT('',(5.874771362568,27.250317377327));
#1236 = CARTESIAN_POINT('',(5.859900073926,27.15970011945));
#1237 = CARTESIAN_POINT('',(5.845988572645,27.06648460922));
#1238 = CARTESIAN_POINT('',(5.833040991917,26.970923796545));
#1239 = CARTESIAN_POINT('',(5.821065643914,26.873222213766));
#1240 = CARTESIAN_POINT('',(5.799388790088,26.67663167107));
#1241 = CARTESIAN_POINT('',(5.789632898077,26.577848774433));
#1242 = CARTESIAN_POINT('',(5.780825690619,26.477408788747));
#1243 = CARTESIAN_POINT('',(5.77298649918,26.375513144284));
#1244 = CARTESIAN_POINT('',(5.76613408238,26.272344787027));
#1245 = CARTESIAN_POINT('',(5.753705060121,26.050720191969));
#1246 = CARTESIAN_POINT('',(5.748396326019,25.931973271468));
#1247 = CARTESIAN_POINT('',(5.74439220003,25.812186691334));
#1248 = CARTESIAN_POINT('',(5.741714659035,25.69170720177));
#1249 = CARTESIAN_POINT('',(5.740375309977,25.57087014908));
#1250 = CARTESIAN_POINT('',(5.740375309977,25.329468908001));
#1251 = CARTESIAN_POINT('',(5.741707155917,25.208970473731));
#1252 = CARTESIAN_POINT('',(5.744369709227,25.088826617334));
#1253 = CARTESIAN_POINT('',(5.74835148863,24.969369993355));
#1254 = CARTESIAN_POINT('',(5.75363074839,24.850944505602));
#1255 = CARTESIAN_POINT('',(5.766121015871,24.627585099965));
#1256 = CARTESIAN_POINT('',(5.773110556365,24.522414231482));
#1257 = CARTESIAN_POINT('',(5.781125448836,24.418567222594));
#1258 = CARTESIAN_POINT('',(5.790145844792,24.316237476675));
#1259 = CARTESIAN_POINT('',(5.800151320588,24.215638459506));
#1260 = CARTESIAN_POINT('',(5.831345891449,23.93516262032));
#1261 = CARTESIAN_POINT('',(5.85483383018,23.76013717063));
#1262 = CARTESIAN_POINT('',(5.881517728436,23.592747209713));
#1263 = CARTESIAN_POINT('',(5.911401034879,23.434297137529));
#1264 = CARTESIAN_POINT('',(5.944522646691,23.286839768135));
#1265 = CARTESIAN_POINT('',(5.993543373954,23.107332428439));
#1266 = CARTESIAN_POINT('',(6.006542273024,23.062864536071));
#1267 = CARTESIAN_POINT('',(6.019938801849,23.020214411931));
#1268 = CARTESIAN_POINT('',(6.033731184832,22.979539547859));
#1269 = CARTESIAN_POINT('',(6.047917266231,22.941009469776));
#1270 = CARTESIAN_POINT('',(6.095177946358,22.823636877954));
#1271 = CARTESIAN_POINT('',(6.130144626605,22.753378667075));
#1272 = CARTESIAN_POINT('',(6.16692407624,22.697790052132));
#1273 = CARTESIAN_POINT('',(6.205019632433,22.659463766075));
#1274 = CARTESIAN_POINT('',(6.243941096866,22.64));
#1275 = CARTESIAN_POINT('',(6.28318530718,22.64));
#1276 = ( GEOMETRIC_REPRESENTATION_CONTEXT(2)
PARAMETRIC_REPRESENTATION_CONTEXT() REPRESENTATION_CONTEXT('2D SPACE',''
  ) );
#1277 = ORIENTED_EDGE('',*,*,#882,.T.);
#1278 = ORIENTED_EDGE('',*,*,#21,.F.);
#1279 = ADVANCED_FACE('',(#1280,#1283),#328,.F.);
#1280 = FACE_BOUND('',#1281,.F.);
#1281 = EDGE_LOOP('',(#1282));
#1282 = ORIENTED_EDGE('',*,*,#313,.T.);
#1283 = FACE_BOUND('',#1284,.F.);
#1284 = EDGE_LOOP('',(#1285));
#1285 = ORIENTED_EDGE('',*,*,#1286,.F.);
#1286 = EDGE_CURVE('',#1287,#1287,#1289,.T.);
#1287 = VERTEX_POINT('',#1288);
#1288 = CARTESIAN_POINT('',(5.44,-1.332415717472E-15,0.));
#1289 = SURFACE_CURVE('',#1290,(#1295,#1302),.PCURVE_S1.);
#1290 = CIRCLE('',#1291,5.44);
#1291 = AXIS2_PLACEMENT_3D('',#1292,#1293,#1294);
#1292 = CARTESIAN_POINT('',(0.,0.,0.));
#1293 = DIRECTION('',(0.,0.,1.));
#1294 = DIRECTION('',(1.,0.,-0.));
#1295 = PCURVE('',#328,#1296);
#1296 = DEFINITIONAL_REPRESENTATION('',(#1297),#1301);
#1297 = CIRCLE('',#1298,5.44);
#1298 = AXIS2_PLACEMENT_2D('',#1299,#1300);
#1299 = CARTESIAN_POINT('',(0.,0.));
#1300 = DIRECTION('',(1.,0.));
#1301 = ( GEOMETRIC_REPRESENTATION_CONTEXT(2)
PARAMETRIC_REPRESENTATION_CONTEXT() REPRESENTATION_CONTEXT('2D SPACE',''
  ) );
#1302 = PCURVE('',#1029,#1303);
#1303 = DEFINITIONAL_REPRESENTATION('',(#1304),#1308);
#1304 = LINE('',#1305,#1306);
#1305 = CARTESIAN_POINT('',(0.,1.));
#1306 = VECTOR('',#1307,1.);
#1307 = DIRECTION('',(1.,0.));
#1308 = ( GEOMETRIC_REPRESENTATION_CONTEXT(2)
PARAMETRIC_REPRESENTATION_CONTEXT() REPRESENTATION_CONTEXT('2D SPACE',''
  ) );
#1309 = ADVANCED_FACE('',(#1310,#1313),#175,.T.);
#1310 = FACE_BOUND('',#1311,.T.);
#1311 = EDGE_LOOP('',(#1312));
#1312 = ORIENTED_EDGE('',*,*,#160,.T.);
#1313 = FACE_BOUND('',#1314,.T.);
#1314 = EDGE_LOOP('',(#1315));
#1315 = ORIENTED_EDGE('',*,*,#1316,.F.);
#1316 = EDGE_CURVE('',#1317,#1317,#1319,.T.);
#1317 = VERTEX_POINT('',#1318);
#1318 = CARTESIAN_POINT('',(5.44,-1.332415717472E-15,75.));
#1319 = SURFACE_CURVE('',#1320,(#1325,#1332),.PCURVE_S1.);
#1320 = CIRCLE('',#1321,5.44);
#1321 = AXIS2_PLACEMENT_3D('',#1322,#1323,#1324);
#1322 = CARTESIAN_POINT('',(0.,0.,75.));
#1323 = DIRECTION('',(0.,0.,1.));
#1324 = DIRECTION('',(1.,0.,-0.));
#1325 = PCURVE('',#175,#1326);
#1326 = DEFINITIONAL_REPRESENTATION('',(#1327),#1331);
#1327 = CIRCLE('',#1328,5.44);
#1328 = AXIS2_PLACEMENT_2D('',#1329,#1330);
#1329 = CARTESIAN_POINT('',(0.,0.));
#1330 = DIRECTION('',(1.,0.));
#1331 = ( GEOMETRIC_REPRESENTATION_CONTEXT(2)
PARAMETRIC_REPRESENTATION_CONTEXT() REPRESENTATION_CONTEXT('2D SPACE',''
  ) );
#1332 = PCURVE('',#1029,#1333);
#1333 = DEFINITIONAL_REPRESENTATION('',(#1334),#1338);
#1334 = LINE('',#1335,#1336);
#1335 = CARTESIAN_POINT('',(0.,76.));
#1336 = VECTOR('',#1337,1.);
#1337 = DIRECTION('',(1.,0.));
#1338 = ( GEOMETRIC_REPRESENTATION_CONTEXT(2)
PARAMETRIC_REPRESENTATION_CONTEXT() REPRESENTATION_CONTEXT('2D SPACE',''
  ) );
#1339 = ADVANCED_FACE('',(#1340),#453,.F.);
#1340 = FACE_BOUND('',#1341,.F.);
#1341 = EDGE_LOOP('',(#1342,#1343,#1366,#1684));
#1342 = ORIENTED_EDGE('',*,*,#343,.F.);
#1343 = ORIENTED_EDGE('',*,*,#1344,.F.);
#1344 = EDGE_CURVE('',#1345,#344,#1347,.T.);
#1345 = VERTEX_POINT('',#1346);
#1346 = CARTESIAN_POINT('',(2.81,4.658057535068,13.39));
#1347 = SEAM_CURVE('',#1348,(#1352,#1359),.PCURVE_S1.);
#1348 = LINE('',#1349,#1350);
#1349 = CARTESIAN_POINT('',(2.81,-29.12,13.39));
#1350 = VECTOR('',#1351,1.);
#1351 = DIRECTION('',(0.,1.,1.110223024625E-16));
#1352 = PCURVE('',#453,#1353);
#1353 = DEFINITIONAL_REPRESENTATION('',(#1354),#1358);
#1354 = LINE('',#1355,#1356);
#1355 = CARTESIAN_POINT('',(6.28318530718,-0.));
#1356 = VECTOR('',#1357,1.);
#1357 = DIRECTION('',(0.,1.));
#1358 = ( GEOMETRIC_REPRESENTATION_CONTEXT(2)
PARAMETRIC_REPRESENTATION_CONTEXT() REPRESENTATION_CONTEXT('2D SPACE',''
  ) );
#1359 = PCURVE('',#453,#1360);
#1360 = DEFINITIONAL_REPRESENTATION('',(#1361),#1365);
#1361 = LINE('',#1362,#1363);
#1362 = CARTESIAN_POINT('',(0.,-0.));
#1363 = VECTOR('',#1364,1.);
#1364 = DIRECTION('',(0.,1.));
#1365 = ( GEOMETRIC_REPRESENTATION_CONTEXT(2)
PARAMETRIC_REPRESENTATION_CONTEXT() REPRESENTATION_CONTEXT('2D SPACE',''
  ) );
#1366 = ORIENTED_EDGE('',*,*,#1367,.T.);
#1367 = EDGE_CURVE('',#1345,#1345,#1368,.T.);
#1368 = SURFACE_CURVE('',#1369,(#1472,#1578),.PCURVE_S1.);
#1369 = B_SPLINE_CURVE_WITH_KNOTS('',6,(#1370,#1371,#1372,#1373,#1374,
    #1375,#1376,#1377,#1378,#1379,#1380,#1381,#1382,#1383,#1384,#1385,
    #1386,#1387,#1388,#1389,#1390,#1391,#1392,#1393,#1394,#1395,#1396,
    #1397,#1398,#1399,#1400,#1401,#1402,#1403,#1404,#1405,#1406,#1407,
    #1408,#1409,#1410,#1411,#1412,#1413,#1414,#1415,#1416,#1417,#1418,
    #1419,#1420,#1421,#1422,#1423,#1424,#1425,#1426,#1427,#1428,#1429,
    #1430,#1431,#1432,#1433,#1434,#1435,#1436,#1437,#1438,#1439,#1440,
    #1441,#1442,#1443,#1444,#1445,#1446,#1447,#1448,#1449,#1450,#1451,
    #1452,#1453,#1454,#1455,#1456,#1457,#1458,#1459,#1460,#1461,#1462,
    #1463,#1464,#1465,#1466,#1467,#1468,#1469,#1470,#1471),
  .UNSPECIFIED.,.T.,.F.,(7,5,5,5,5,5,5,5,5,5,5,5,5,5,5,5,5,5,5,5,7),(0.,
    8.627429645674E-02,0.143862097466,0.190400989286,0.249070799296,
    0.309010631286,0.336412918292,0.370721424652,0.412736173176,
    0.45447482974,0.499414343529,0.5446558671,0.586177266814,
    0.663841639249,0.690369134817,0.749104085784,0.809110468923,
    0.836543180713,0.870889779842,0.912951177382,1.),.UNSPECIFIED.);
#1370 = CARTESIAN_POINT('',(2.81,4.658057535068,13.39));
#1371 = CARTESIAN_POINT('',(2.81,4.658057535068,13.162355480825));
#1372 = CARTESIAN_POINT('',(2.787870248522,4.671407341857,12.93529238066
    ));
#1373 = CARTESIAN_POINT('',(2.743818319662,4.697982350881,
    12.710611178783));
#1374 = CARTESIAN_POINT('',(2.67792955996,4.736653726006,12.490189855754
    ));
#1375 = CARTESIAN_POINT('',(2.590255735591,4.785309644637,
    12.276158994961));
#1376 = CARTESIAN_POINT('',(2.408430192713,4.878499067451,
    11.934112332179));
#1377 = CARTESIAN_POINT('',(2.326014769567,4.919080754035,
    11.800950281043));
#1378 = CARTESIAN_POINT('',(2.233837143494,4.962242031145,
    11.671934940581));
#1379 = CARTESIAN_POINT('',(2.131654562538,5.007210373085,11.54759131805
    ));
#1380 = CARTESIAN_POINT('',(2.019161608093,5.053102187571,
    11.428644375539));
#1381 = CARTESIAN_POINT('',(1.796538909844,5.135885237252,
    11.225115933281));
#1382 = CARTESIAN_POINT('',(1.690000891786,5.172849315856,
    11.138232010331));
#1383 = CARTESIAN_POINT('',(1.576270735692,5.209219908618,
    11.056002834377));
#1384 = CARTESIAN_POINT('',(1.455211356649,5.244363915459,
    10.979115107554));
#1385 = CARTESIAN_POINT('',(1.326734963143,5.277572606162,
    10.908390436455));
#1386 = CARTESIAN_POINT('',(1.019511632811,5.346496525769,
    10.764647995275));
#1387 = CARTESIAN_POINT('',(0.834928661405,5.380937315176,
    10.695153922236));
#1388 = CARTESIAN_POINT('',(0.639398585407,5.409067946233,
    10.639912381508));
#1389 = CARTESIAN_POINT('',(0.435692697299,5.42893460134,10.601422524393
    ));
#1390 = CARTESIAN_POINT('',(0.226872229164,5.439352048142,
    10.581254412738));
#1391 = CARTESIAN_POINT('',(-0.199217489702,5.440613762051,
    10.578811777024));
#1392 = CARTESIAN_POINT('',(-0.413022330905,5.431018922573,
    10.597387357019));
#1393 = CARTESIAN_POINT('',(-0.621848046338,5.411458905218,
    10.635228059875));
#1394 = CARTESIAN_POINT('',(-0.822338066491,5.383143441314,
    10.690728049261));
#1395 = CARTESIAN_POINT('',(-1.011446806845,5.348158501993,
    10.761230902375));
#1396 = CARTESIAN_POINT('',(-1.266723946142,5.291100566417,
    10.88015600794));
#1397 = CARTESIAN_POINT('',(-1.344269665972,5.272245770939,
    10.919959648162));
#1398 = CARTESIAN_POINT('',(-1.419259179855,5.252598261361,
    10.962054691793));
#1399 = CARTESIAN_POINT('',(-1.491689214394,5.232312413015,
    11.006254247765));
#1400 = CARTESIAN_POINT('',(-1.561565239051,5.211534770161,
    11.052385240652));
#1401 = CARTESIAN_POINT('',(-1.713207334538,5.163945024051,
    11.160263409752));
#1402 = CARTESIAN_POINT('',(-1.793551134431,5.136925715683,
    11.223029927172));
#1403 = CARTESIAN_POINT('',(-1.87000724831,5.109598072838,
    11.288313986439));
#1404 = CARTESIAN_POINT('',(-1.942652345639,5.082192450113,
    11.355882413284));
#1405 = CARTESIAN_POINT('',(-2.011563979935,5.054917921055,
    11.425542087806));
#1406 = CARTESIAN_POINT('',(-2.156732905645,4.994955340356,
    11.584819395602));
#1407 = CARTESIAN_POINT('',(-2.231173690123,4.962423206658,
    11.675416576281));
#1408 = CARTESIAN_POINT('',(-2.300255494391,4.930725509653,
    11.768626533847));
#1409 = CARTESIAN_POINT('',(-2.364072758254,4.900189101881,
    11.86419450873));
#1410 = CARTESIAN_POINT('',(-2.422700350039,4.871112017426,
    11.961914741578));
#1411 = CARTESIAN_POINT('',(-2.529334124261,4.816599514262,
    12.160688954091));
#1412 = CARTESIAN_POINT('',(-2.577409842275,4.791140158671,
    12.261721499819));
#1413 = CARTESIAN_POINT('',(-2.620426645099,4.767677695862,
    12.364490209102));
#1414 = CARTESIAN_POINT('',(-2.658388605466,4.746471405822,
    12.468779052547));
#1415 = CARTESIAN_POINT('',(-2.691292711758,4.727745351379,
    12.574392203556));
#1416 = CARTESIAN_POINT('',(-2.749090044855,4.694390369047,
    12.796101837259));
#1417 = CARTESIAN_POINT('',(-2.773173211205,4.680186798091,
    12.912373082844));
#1418 = CARTESIAN_POINT('',(-2.791326229684,4.669321019225,
    13.02963087914));
#1419 = CARTESIAN_POINT('',(-2.803521786804,4.661965261253,
    13.147549864546));
#1420 = CARTESIAN_POINT('',(-2.809746360864,4.658210543884,
    13.265815103974));
#1421 = CARTESIAN_POINT('',(-2.810243005209,4.657910941221,
    13.503223264773));
#1422 = CARTESIAN_POINT('',(-2.80443434093,4.661414746126,
    13.622305908472));
#1423 = CARTESIAN_POINT('',(-2.792573250592,4.668572709,13.741057550359)
  );
#1424 = CARTESIAN_POINT('',(-2.774672989068,4.679295648511,
    13.859156179057));
#1425 = CARTESIAN_POINT('',(-2.750761129996,4.693410646182,
    13.976269328319));
#1426 = CARTESIAN_POINT('',(-2.693467486315,4.726503515923,
    14.19831715239));
#1427 = CARTESIAN_POINT('',(-2.6610279173,4.744985238788,14.303454588864
    ));
#1428 = CARTESIAN_POINT('',(-2.623582168314,4.765931643686,
    14.407291496112));
#1429 = CARTESIAN_POINT('',(-2.581133808616,4.789123309342,
    14.509634515169));
#1430 = CARTESIAN_POINT('',(-2.533679722546,4.814306043698,
    14.61027069665));
#1431 = CARTESIAN_POINT('',(-2.383080677503,4.891491228252,
    14.893574681115));
#1432 = CARTESIAN_POINT('',(-2.267493026263,4.947718522651,
    15.071247408732));
#1433 = CARTESIAN_POINT('',(-2.13411949016,5.008176081409,
    15.241138923349));
#1434 = CARTESIAN_POINT('',(-1.982212791686,5.070946559311,
    15.401910363269));
#1435 = CARTESIAN_POINT('',(-1.810857968003,5.133679438908,
    15.551444858788));
#1436 = CARTESIAN_POINT('',(-1.55384026398,5.213816141587,
    15.732667571564));
#1437 = CARTESIAN_POINT('',(-1.486023116973,5.233875550412,
    15.777135463928));
#1438 = CARTESIAN_POINT('',(-1.415814497109,5.253466140259,
    15.819785588067));
#1439 = CARTESIAN_POINT('',(-1.343210047104,5.272454818601,
    15.860460452141));
#1440 = CARTESIAN_POINT('',(-1.268213125732,5.290701669025,
    15.898990530227));
#1441 = CARTESIAN_POINT('',(-1.019511632811,5.346496525769,
    16.015352004725));
#1442 = CARTESIAN_POINT('',(-0.834928661405,5.380937315176,
    16.084846077764));
#1443 = CARTESIAN_POINT('',(-0.639398585407,5.409067946233,
    16.140087618492));
#1444 = CARTESIAN_POINT('',(-0.435692697299,5.42893460134,
    16.178577475607));
#1445 = CARTESIAN_POINT('',(-0.226872229164,5.439352048142,
    16.198745587262));
#1446 = CARTESIAN_POINT('',(0.199217490021,5.440613762052,
    16.201188222978));
#1447 = CARTESIAN_POINT('',(0.413022330832,5.431018922542,
    16.182612642922));
#1448 = CARTESIAN_POINT('',(0.62184804603,5.411458905256,16.14477194019)
  );
#1449 = CARTESIAN_POINT('',(0.822338066402,5.383143441358,
    16.089271950837));
#1450 = CARTESIAN_POINT('',(1.011446807128,5.348158501929,
    16.018769097493));
#1451 = CARTESIAN_POINT('',(1.266723946147,5.291100566415,
    15.899843992057));
#1452 = CARTESIAN_POINT('',(1.34426966597,5.272245770939,15.860040351838
    ));
#1453 = CARTESIAN_POINT('',(1.41925917985,5.252598261362,15.81794530821)
  );
#1454 = CARTESIAN_POINT('',(1.491689214393,5.232312413015,
    15.773745752237));
#1455 = CARTESIAN_POINT('',(1.561565239055,5.21153477016,15.727614759345
    ));
#1456 = CARTESIAN_POINT('',(1.713207334538,5.163945024051,
    15.619736590249));
#1457 = CARTESIAN_POINT('',(1.793551134431,5.136925715683,
    15.556970072828));
#1458 = CARTESIAN_POINT('',(1.87000724831,5.109598072838,15.491686013561
    ));
#1459 = CARTESIAN_POINT('',(1.942652345639,5.082192450113,
    15.424117586716));
#1460 = CARTESIAN_POINT('',(2.011563979935,5.054917921055,
    15.354457912194));
#1461 = CARTESIAN_POINT('',(2.156732905645,4.994955340356,
    15.195180604398));
#1462 = CARTESIAN_POINT('',(2.231173690123,4.962423206658,
    15.104583423719));
#1463 = CARTESIAN_POINT('',(2.300255494391,4.930725509653,
    15.011373466153));
#1464 = CARTESIAN_POINT('',(2.364072758254,4.900189101881,14.91580549127
    ));
#1465 = CARTESIAN_POINT('',(2.422700350039,4.871112017426,
    14.818085258422));
#1466 = CARTESIAN_POINT('',(2.586899536033,4.787171364371,
    14.512004336788));
#1467 = CARTESIAN_POINT('',(2.675912389916,4.737837218569,
    14.296532220257));
#1468 = CARTESIAN_POINT('',(2.742805403754,4.698593417976,
    14.074530526577));
#1469 = CARTESIAN_POINT('',(2.787529826498,4.671612698005,
    13.848177402322));
#1470 = CARTESIAN_POINT('',(2.81,4.658057535068,13.619388894058));
#1471 = CARTESIAN_POINT('',(2.81,4.658057535068,13.39));
#1472 = PCURVE('',#453,#1473);
#1473 = DEFINITIONAL_REPRESENTATION('',(#1474),#1577);
#1474 = B_SPLINE_CURVE_WITH_KNOTS('',6,(#1475,#1476,#1477,#1478,#1479,
    #1480,#1481,#1482,#1483,#1484,#1485,#1486,#1487,#1488,#1489,#1490,
    #1491,#1492,#1493,#1494,#1495,#1496,#1497,#1498,#1499,#1500,#1501,
    #1502,#1503,#1504,#1505,#1506,#1507,#1508,#1509,#1510,#1511,#1512,
    #1513,#1514,#1515,#1516,#1517,#1518,#1519,#1520,#1521,#1522,#1523,
    #1524,#1525,#1526,#1527,#1528,#1529,#1530,#1531,#1532,#1533,#1534,
    #1535,#1536,#1537,#1538,#1539,#1540,#1541,#1542,#1543,#1544,#1545,
    #1546,#1547,#1548,#1549,#1550,#1551,#1552,#1553,#1554,#1555,#1556,
    #1557,#1558,#1559,#1560,#1561,#1562,#1563,#1564,#1565,#1566,#1567,
    #1568,#1569,#1570,#1571,#1572,#1573,#1574,#1575,#1576),
  .UNSPECIFIED.,.F.,.F.,(7,5,5,5,5,5,5,5,5,5,5,5,5,5,5,5,5,5,5,5,7),(0.,
    8.627429645674E-02,0.143862097466,0.190400989286,0.249070799296,
    0.309010631286,0.336412918292,0.370721424652,0.412736173176,
    0.45447482974,0.499414343529,0.5446558671,0.586177266814,
    0.663841639249,0.690369134817,0.749104085784,0.809110468923,
    0.836543180713,0.870889779842,0.912951177382,1.),.UNSPECIFIED.);
#1475 = CARTESIAN_POINT('',(0.,33.778057535068));
#1476 = CARTESIAN_POINT('',(8.101228440405E-02,33.778057535068));
#1477 = CARTESIAN_POINT('',(0.161817524575,33.791407341857));
#1478 = CARTESIAN_POINT('',(0.24273285959,33.817982350881));
#1479 = CARTESIAN_POINT('',(0.324020065276,33.856653726006));
#1480 = CARTESIAN_POINT('',(0.405920597982,33.905309644637));
#1481 = CARTESIAN_POINT('',(0.543775118002,33.998499067451));
#1482 = CARTESIAN_POINT('',(0.599385502415,34.039080754035));
#1483 = CARTESIAN_POINT('',(0.655626776925,34.082242031145));
#1484 = CARTESIAN_POINT('',(0.712698746065,34.127210373085));
#1485 = CARTESIAN_POINT('',(0.770807356348,34.173102187571));
#1486 = CARTESIAN_POINT('',(0.878151374041,34.255885237252));
#1487 = CARTESIAN_POINT('',(0.926996385606,34.292849315856));
#1488 = CARTESIAN_POINT('',(0.976812091123,34.329219908618));
#1489 = CARTESIAN_POINT('',(1.02770296359,34.364363915459));
#1490 = CARTESIAN_POINT('',(1.079781866564,34.397572606162));
#1491 = CARTESIAN_POINT('',(1.200489111545,34.466496525769));
#1492 = CARTESIAN_POINT('',(1.270467328837,34.500937315176));
#1493 = CARTESIAN_POINT('',(1.342373981897,34.529067946233));
#1494 = CARTESIAN_POINT('',(1.415704422586,34.54893460134));
#1495 = CARTESIAN_POINT('',(1.49005761484,34.559352048142));
#1496 = CARTESIAN_POINT('',(1.641693458339,34.560613762051));
#1497 = CARTESIAN_POINT('',(1.717741364866,34.551018922573));
#1498 = CARTESIAN_POINT('',(1.792788544123,34.531458905218));
#1499 = CARTESIAN_POINT('',(1.86638990688,34.503143441314));
#1500 = CARTESIAN_POINT('',(1.937988525186,34.468158501993));
#1501 = CARTESIAN_POINT('',(2.038209023077,34.411100566417));
#1502 = CARTESIAN_POINT('',(2.06920576925,34.392245770939));
#1503 = CARTESIAN_POINT('',(2.099778199505,34.372598261361));
#1504 = CARTESIAN_POINT('',(2.129945280266,34.352312413015));
#1505 = CARTESIAN_POINT('',(2.159724377755,34.331534770161));
#1506 = CARTESIAN_POINT('',(2.225951958393,34.283945024051));
#1507 = CARTESIAN_POINT('',(2.262198300963,34.256925715683));
#1508 = CARTESIAN_POINT('',(2.297926415052,34.229598072838));
#1509 = CARTESIAN_POINT('',(2.333186512248,34.202192450113));
#1510 = CARTESIAN_POINT('',(2.368027825224,34.174917921055));
#1511 = CARTESIAN_POINT('',(2.444720716638,34.114955340356));
#1512 = CARTESIAN_POINT('',(2.486394481957,34.082423206658));
#1513 = CARTESIAN_POINT('',(2.527606126999,34.050725509653));
#1514 = CARTESIAN_POINT('',(2.568429636948,34.020189101881));
#1515 = CARTESIAN_POINT('',(2.608937360766,33.991112017426));
#1516 = CARTESIAN_POINT('',(2.6892114803,33.936599514262));
#1517 = CARTESIAN_POINT('',(2.728982807811,33.911140158671));
#1518 = CARTESIAN_POINT('',(2.768562793172,33.887677695862));
#1519 = CARTESIAN_POINT('',(2.80799284303,33.866471405822));
#1520 = CARTESIAN_POINT('',(2.847315963741,33.847745351379));
#1521 = CARTESIAN_POINT('',(2.928853112055,33.814390369047));
#1522 = CARTESIAN_POINT('',(2.971054584354,33.800186798091));
#1523 = CARTESIAN_POINT('',(3.013199503078,33.789321019225));
#1524 = CARTESIAN_POINT('',(3.055306806818,33.781965261253));
#1525 = CARTESIAN_POINT('',(3.097398646764,33.778210543884));
#1526 = CARTESIAN_POINT('',(3.181885721594,33.777910941221));
#1527 = CARTESIAN_POINT('',(3.224259494369,33.781414746126));
#1528 = CARTESIAN_POINT('',(3.26664793227,33.788572709));
#1529 = CARTESIAN_POINT('',(3.309073382624,33.799295648511));
#1530 = CARTESIAN_POINT('',(3.351554955754,33.813410646182));
#1531 = CARTESIAN_POINT('',(3.433163601725,33.846503515923));
#1532 = CARTESIAN_POINT('',(3.472276752816,33.864985238788));
#1533 = CARTESIAN_POINT('',(3.511494060042,33.885931643686));
#1534 = CARTESIAN_POINT('',(3.550857501545,33.909123309342));
#1535 = CARTESIAN_POINT('',(3.590407440141,33.934306043698));
#1536 = CARTESIAN_POINT('',(3.704586992372,34.011491228252));
#1537 = CARTESIAN_POINT('',(3.779725672429,34.067718522651));
#1538 = CARTESIAN_POINT('',(3.856130083162,34.128176081409));
#1539 = CARTESIAN_POINT('',(3.934324707037,34.190946559311));
#1540 = CARTESIAN_POINT('',(4.014827856128,34.253679438908));
#1541 = CARTESIAN_POINT('',(4.126743635866,34.333816141587));
#1542 = CARTESIAN_POINT('',(4.155586959885,34.353875550412));
#1543 = CARTESIAN_POINT('',(4.184794720867,34.373466140259));
#1544 = CARTESIAN_POINT('',(4.214382575874,34.392454818601));
#1545 = CARTESIAN_POINT('',(4.244367597397,34.410701669025));
#1546 = CARTESIAN_POINT('',(4.342081765135,34.466496525769));
#1547 = CARTESIAN_POINT('',(4.412059982427,34.500937315176));
#1548 = CARTESIAN_POINT('',(4.483966635487,34.529067946233));
#1549 = CARTESIAN_POINT('',(4.557297076176,34.54893460134));
#1550 = CARTESIAN_POINT('',(4.63165026843,34.559352048142));
#1551 = CARTESIAN_POINT('',(4.783286112042,34.560613762052));
#1552 = CARTESIAN_POINT('',(4.85933401843,34.551018922542));
#1553 = CARTESIAN_POINT('',(4.934381197607,34.531458905256));
#1554 = CARTESIAN_POINT('',(5.007982560426,34.503143441358));
#1555 = CARTESIAN_POINT('',(5.079581178888,34.468158501929));
#1556 = CARTESIAN_POINT('',(5.179801676669,34.411100566415));
#1557 = CARTESIAN_POINT('',(5.210798422839,34.392245770939));
#1558 = CARTESIAN_POINT('',(5.241370853092,34.372598261362));
#1559 = CARTESIAN_POINT('',(5.271537933855,34.352312413015));
#1560 = CARTESIAN_POINT('',(5.301317031347,34.33153477016));
#1561 = CARTESIAN_POINT('',(5.367544611982,34.283945024051));
#1562 = CARTESIAN_POINT('',(5.403790954553,34.256925715683));
#1563 = CARTESIAN_POINT('',(5.439519068642,34.229598072838));
#1564 = CARTESIAN_POINT('',(5.474779165838,34.202192450113));
#1565 = CARTESIAN_POINT('',(5.509620478813,34.174917921055));
#1566 = CARTESIAN_POINT('',(5.586313370228,34.114955340356));
#1567 = CARTESIAN_POINT('',(5.627987135547,34.082423206658));
#1568 = CARTESIAN_POINT('',(5.669198780589,34.050725509653));
#1569 = CARTESIAN_POINT('',(5.710022290538,34.020189101881));
#1570 = CARTESIAN_POINT('',(5.750530014356,33.991112017426));
#1571 = CARTESIAN_POINT('',(5.87413949156,33.907171364371));
#1572 = CARTESIAN_POINT('',(5.95668555881,33.857837218569));
#1573 = CARTESIAN_POINT('',(6.038600478404,33.818593417976));
#1574 = CARTESIAN_POINT('',(6.120132988405,33.791612698005));
#1575 = CARTESIAN_POINT('',(6.201552248796,33.778057535068));
#1576 = CARTESIAN_POINT('',(6.28318530718,33.778057535068));
#1577 = ( GEOMETRIC_REPRESENTATION_CONTEXT(2)
PARAMETRIC_REPRESENTATION_CONTEXT() REPRESENTATION_CONTEXT('2D SPACE',''
  ) );
#1578 = PCURVE('',#1029,#1579);
#1579 = DEFINITIONAL_REPRESENTATION('',(#1580),#1683);
#1580 = B_SPLINE_CURVE_WITH_KNOTS('',6,(#1581,#1582,#1583,#1584,#1585,
    #1586,#1587,#1588,#1589,#1590,#1591,#1592,#1593,#1594,#1595,#1596,
    #1597,#1598,#1599,#1600,#1601,#1602,#1603,#1604,#1605,#1606,#1607,
    #1608,#1609,#1610,#1611,#1612,#1613,#1614,#1615,#1616,#1617,#1618,
    #1619,#1620,#1621,#1622,#1623,#1624,#1625,#1626,#1627,#1628,#1629,
    #1630,#1631,#1632,#1633,#1634,#1635,#1636,#1637,#1638,#1639,#1640,
    #1641,#1642,#1643,#1644,#1645,#1646,#1647,#1648,#1649,#1650,#1651,
    #1652,#1653,#1654,#1655,#1656,#1657,#1658,#1659,#1660,#1661,#1662,
    #1663,#1664,#1665,#1666,#1667,#1668,#1669,#1670,#1671,#1672,#1673,
    #1674,#1675,#1676,#1677,#1678,#1679,#1680,#1681,#1682),
  .UNSPECIFIED.,.T.,.F.,(7,5,5,5,5,5,5,5,5,5,5,5,5,5,5,5,5,5,5,5,7),(0.,
    8.627429645674E-02,0.143862097466,0.190400989286,0.249070799296,
    0.309010631286,0.336412918292,0.370721424652,0.412736173176,
    0.45447482974,0.499414343529,0.5446558671,0.586177266814,
    0.663841639249,0.690369134817,0.749104085784,0.809110468923,
    0.836543180713,0.870889779842,0.912951177382,1.),.UNSPECIFIED.);
#1581 = CARTESIAN_POINT('',(1.027986329593,14.39));
#1582 = CARTESIAN_POINT('',(1.027986329593,14.162355480825));
#1583 = CARTESIAN_POINT('',(1.032737099923,13.93529238066));
#1584 = CARTESIAN_POINT('',(1.042194640377,13.710611178783));
#1585 = CARTESIAN_POINT('',(1.056236667306,13.490189855754));
#1586 = CARTESIAN_POINT('',(1.074658531594,13.276158994961));
#1587 = CARTESIAN_POINT('',(1.112216515784,12.934112332179));
#1588 = CARTESIAN_POINT('',(1.129101220216,12.800950281043));
#1589 = CARTESIAN_POINT('',(1.147805549458,12.671934940581));
#1590 = CARTESIAN_POINT('',(1.16831752568,12.54759131805));
#1591 = CARTESIAN_POINT('',(1.19064003542,12.428644375539));
#1592 = CARTESIAN_POINT('',(1.234301083729,12.225115933281));
#1593 = CARTESIAN_POINT('',(1.255025505845,12.138232010331));
#1594 = CARTESIAN_POINT('',(1.276964498551,12.056002834377));
#1595 = CARTESIAN_POINT('',(1.300122690529,11.979115107554));
#1596 = CARTESIAN_POINT('',(1.324503198237,11.908390436455));
#1597 = CARTESIAN_POINT('',(1.382381834363,11.764647995275));
#1598 = CARTESIAN_POINT('',(1.416875524631,11.695153922236));
#1599 = CARTESIAN_POINT('',(1.453139050085,11.639912381508));
#1600 = CARTESIAN_POINT('',(1.490700020922,11.601422524393));
#1601 = CARTESIAN_POINT('',(1.529091698719,11.581254412738));
#1602 = CARTESIAN_POINT('',(1.60741735808,11.578811777024));
#1603 = CARTESIAN_POINT('',(1.646714397758,11.597387357019));
#1604 = CARTESIAN_POINT('',(1.68520192457,11.635228059875));
#1605 = CARTESIAN_POINT('',(1.72236897212,11.690728049261));
#1606 = CARTESIAN_POINT('',(1.757697382669,11.761230902375));
#1607 = CARTESIAN_POINT('',(1.805781213958,11.88015600794));
#1608 = CARTESIAN_POINT('',(1.820448712961,11.919959648162));
#1609 = CARTESIAN_POINT('',(1.834695602921,11.962054691793));
#1610 = CARTESIAN_POINT('',(1.848519571079,12.006254247765));
#1611 = CARTESIAN_POINT('',(1.861918733251,12.052385240652));
#1612 = CARTESIAN_POINT('',(1.891134595685,12.160263409752));
#1613 = CARTESIAN_POINT('',(1.90671325387,12.223029927172));
#1614 = CARTESIAN_POINT('',(1.921634722467,12.288313986439));
#1615 = CARTESIAN_POINT('',(1.935904370579,12.355882413284));
#1616 = CARTESIAN_POINT('',(1.949526550689,12.425542087806));
#1617 = CARTESIAN_POINT('',(1.97839885996,12.584819395602));
#1618 = CARTESIAN_POINT('',(1.993329425786,12.675416576281));
#1619 = CARTESIAN_POINT('',(2.00729813393,12.768626533847));
#1620 = CARTESIAN_POINT('',(2.020301025197,12.86419450873));
#1621 = CARTESIAN_POINT('',(2.032329928387,12.961914741578));
#1622 = CARTESIAN_POINT('',(2.054344570728,13.160688954091));
#1623 = CARTESIAN_POINT('',(2.064343689085,13.261721499819));
#1624 = CARTESIAN_POINT('',(2.07335006115,13.364490209102));
#1625 = CARTESIAN_POINT('',(2.081342959299,13.468779052547));
#1626 = CARTESIAN_POINT('',(2.088302304811,13.574392203556));
#1627 = CARTESIAN_POINT('',(2.100569115666,13.796101837259));
#1628 = CARTESIAN_POINT('',(2.105708536826,13.912373082844));
#1629 = CARTESIAN_POINT('',(2.109597526874,14.02963087914));
#1630 = CARTESIAN_POINT('',(2.112215612913,14.147549864546));
#1631 = CARTESIAN_POINT('',(2.113551872343,14.265815103974));
#1632 = CARTESIAN_POINT('',(2.113658492741,14.503223264773));
#1633 = CARTESIAN_POINT('',(2.112411523509,14.622305908472));
#1634 = CARTESIAN_POINT('',(2.109864861896,14.741057550359));
#1635 = CARTESIAN_POINT('',(2.106029221227,14.859156179057));
#1636 = CARTESIAN_POINT('',(2.100925193541,14.976269328319));
#1637 = CARTESIAN_POINT('',(2.088762659176,15.19831715239));
#1638 = CARTESIAN_POINT('',(2.081899738337,15.303454588864));
#1639 = CARTESIAN_POINT('',(2.074012962941,15.407291496112));
#1640 = CARTESIAN_POINT('',(2.065122127225,15.509634515169));
#1641 = CARTESIAN_POINT('',(2.055247749609,15.61027069665));
#1642 = CARTESIAN_POINT('',(2.024139927995,15.893574681115));
#1643 = CARTESIAN_POINT('',(2.000516751292,16.071247408732));
#1644 = CARTESIAN_POINT('',(1.973614413644,16.241138923349));
#1645 = CARTESIAN_POINT('',(1.943431259632,16.401910363269));
#1646 = CARTESIAN_POINT('',(1.909927429609,16.551444858788));
#1647 = CARTESIAN_POINT('',(1.86043826002,16.732667571564));
#1648 = CARTESIAN_POINT('',(1.847439360951,16.777135463928));
#1649 = CARTESIAN_POINT('',(1.834042832127,16.819785588067));
#1650 = CARTESIAN_POINT('',(1.820250449142,16.860460452141));
#1651 = CARTESIAN_POINT('',(1.806064367742,16.898990530227));
#1652 = CARTESIAN_POINT('',(1.759210819227,17.015352004725));
#1653 = CARTESIAN_POINT('',(1.724717128959,17.084846077764));
#1654 = CARTESIAN_POINT('',(1.688453603505,17.140087618492));
#1655 = CARTESIAN_POINT('',(1.650892632668,17.178577475607));
#1656 = CARTESIAN_POINT('',(1.612500954871,17.198745587262));
#1657 = CARTESIAN_POINT('',(1.534175295451,17.201188222978));
#1658 = CARTESIAN_POINT('',(1.494878255845,17.182612642922));
#1659 = CARTESIAN_POINT('',(1.456390729076,17.14477194019));
#1660 = CARTESIAN_POINT('',(1.419223681487,17.089271950837));
#1661 = CARTESIAN_POINT('',(1.383895270867,17.018769097493));
#1662 = CARTESIAN_POINT('',(1.33581143963,16.899843992057));
#1663 = CARTESIAN_POINT('',(1.321143940629,16.860040351838));
#1664 = CARTESIAN_POINT('',(1.30689705067,16.81794530821));
#1665 = CARTESIAN_POINT('',(1.293073082511,16.773745752237));
#1666 = CARTESIAN_POINT('',(1.279673920338,16.727614759345));
#1667 = CARTESIAN_POINT('',(1.250458057905,16.619736590249));
#1668 = CARTESIAN_POINT('',(1.23487939972,16.556970072828));
#1669 = CARTESIAN_POINT('',(1.219957931122,16.491686013561));
#1670 = CARTESIAN_POINT('',(1.20568828301,16.424117586716));
#1671 = CARTESIAN_POINT('',(1.1920661029,16.354457912194));
#1672 = CARTESIAN_POINT('',(1.16319379363,16.195180604398));
#1673 = CARTESIAN_POINT('',(1.148263227804,16.104583423719));
#1674 = CARTESIAN_POINT('',(1.13429451966,16.011373466153));
#1675 = CARTESIAN_POINT('',(1.121291628393,15.91580549127));
#1676 = CARTESIAN_POINT('',(1.109262725203,15.818085258422));
#1677 = CARTESIAN_POINT('',(1.075363649805,15.512004336788));
#1678 = CARTESIAN_POINT('',(1.056666514807,15.296532220257));
#1679 = CARTESIAN_POINT('',(1.042412111752,15.074530526577));
#1680 = CARTESIAN_POINT('',(1.03281017787,14.848177402322));
#1681 = CARTESIAN_POINT('',(1.027986329593,14.619388894058));
#1682 = CARTESIAN_POINT('',(1.027986329593,14.39));
#1683 = ( GEOMETRIC_REPRESENTATION_CONTEXT(2)
PARAMETRIC_REPRESENTATION_CONTEXT() REPRESENTATION_CONTEXT('2D SPACE',''
  ) );
#1684 = ORIENTED_EDGE('',*,*,#1344,.T.);
#1685 = ADVANCED_FACE('',(#1686),#624,.F.);
#1686 = FACE_BOUND('',#1687,.F.);
#1687 = EDGE_LOOP('',(#1688,#2008,#2029,#2030));
#1688 = ORIENTED_EDGE('',*,*,#1689,.F.);
#1689 = EDGE_CURVE('',#1690,#1690,#1692,.T.);
#1690 = VERTEX_POINT('',#1691);
#1691 = CARTESIAN_POINT('',(2.81,-4.658057535068,13.39));
#1692 = SURFACE_CURVE('',#1693,(#1796,#1902),.PCURVE_S1.);
#1693 = B_SPLINE_CURVE_WITH_KNOTS('',6,(#1694,#1695,#1696,#1697,#1698,
    #1699,#1700,#1701,#1702,#1703,#1704,#1705,#1706,#1707,#1708,#1709,
    #1710,#1711,#1712,#1713,#1714,#1715,#1716,#1717,#1718,#1719,#1720,
    #1721,#1722,#1723,#1724,#1725,#1726,#1727,#1728,#1729,#1730,#1731,
    #1732,#1733,#1734,#1735,#1736,#1737,#1738,#1739,#1740,#1741,#1742,
    #1743,#1744,#1745,#1746,#1747,#1748,#1749,#1750,#1751,#1752,#1753,
    #1754,#1755,#1756,#1757,#1758,#1759,#1760,#1761,#1762,#1763,#1764,
    #1765,#1766,#1767,#1768,#1769,#1770,#1771,#1772,#1773,#1774,#1775,
    #1776,#1777,#1778,#1779,#1780,#1781,#1782,#1783,#1784,#1785,#1786,
    #1787,#1788,#1789,#1790,#1791,#1792,#1793,#1794,#1795),
  .UNSPECIFIED.,.T.,.F.,(7,5,5,5,5,5,5,5,5,5,5,5,5,5,5,5,5,5,5,5,7),(0.,
    8.62742966382E-02,0.143862097769,0.190400989686,0.249070799781,
    0.30901063182,0.336412918846,0.370721425233,0.412736173789,
    0.454474830384,0.499414344207,0.544655867813,0.586177267558,
    0.663841640052,0.69036913564,0.749104086652,0.809110469702,
    0.836543181381,0.87088978037,0.912951177738,1.),.UNSPECIFIED.);
#1694 = CARTESIAN_POINT('',(2.81,-4.658057535068,13.39));
#1695 = CARTESIAN_POINT('',(2.81,-4.658057535068,13.162355480824));
#1696 = CARTESIAN_POINT('',(2.787870248522,-4.671407341857,
    12.93529238066));
#1697 = CARTESIAN_POINT('',(2.743818319662,-4.697982350881,
    12.710611178782));
#1698 = CARTESIAN_POINT('',(2.67792955996,-4.736653726006,
    12.490189855755));
#1699 = CARTESIAN_POINT('',(2.590255735591,-4.785309644637,
    12.276158994961));
#1700 = CARTESIAN_POINT('',(2.408430192713,-4.878499067451,
    11.934112332179));
#1701 = CARTESIAN_POINT('',(2.326014769567,-4.919080754035,
    11.800950281043));
#1702 = CARTESIAN_POINT('',(2.233837143494,-4.962242031145,
    11.671934940581));
#1703 = CARTESIAN_POINT('',(2.131654562538,-5.007210373085,
    11.54759131805));
#1704 = CARTESIAN_POINT('',(2.019161608093,-5.053102187571,
    11.428644375539));
#1705 = CARTESIAN_POINT('',(1.796538909844,-5.135885237252,
    11.225115933281));
#1706 = CARTESIAN_POINT('',(1.690000891786,-5.172849315856,
    11.138232010331));
#1707 = CARTESIAN_POINT('',(1.576270735691,-5.209219908618,
    11.056002834377));
#1708 = CARTESIAN_POINT('',(1.455211356649,-5.244363915458,
    10.979115107554));
#1709 = CARTESIAN_POINT('',(1.326734963143,-5.277572606162,
    10.908390436455));
#1710 = CARTESIAN_POINT('',(1.019511632924,-5.346496525743,
    10.764647995328));
#1711 = CARTESIAN_POINT('',(0.834928661367,-5.380937315194,
    10.695153922196));
#1712 = CARTESIAN_POINT('',(0.639398585282,-5.409067946248,
    10.639912381481));
#1713 = CARTESIAN_POINT('',(0.43569269727,-5.428934601327,
    10.601422524416));
#1714 = CARTESIAN_POINT('',(0.226872229294,-5.439352048141,
    10.581254412738));
#1715 = CARTESIAN_POINT('',(-0.199217489695,-5.440613762051,
    10.578811777024));
#1716 = CARTESIAN_POINT('',(-0.413022330907,-5.431018922574,
    10.597387357018));
#1717 = CARTESIAN_POINT('',(-0.621848046345,-5.411458905217,
    10.635228059877));
#1718 = CARTESIAN_POINT('',(-0.822338066493,-5.383143441313,
    10.690728049263));
#1719 = CARTESIAN_POINT('',(-1.011446806838,-5.348158501994,
    10.761230902372));
#1720 = CARTESIAN_POINT('',(-1.266723946142,-5.291100566417,
    10.88015600794));
#1721 = CARTESIAN_POINT('',(-1.344269665972,-5.272245770939,
    10.919959648162));
#1722 = CARTESIAN_POINT('',(-1.419259179855,-5.252598261361,
    10.962054691793));
#1723 = CARTESIAN_POINT('',(-1.491689214394,-5.232312413015,
    11.006254247765));
#1724 = CARTESIAN_POINT('',(-1.561565239051,-5.211534770161,
    11.052385240652));
#1725 = CARTESIAN_POINT('',(-1.713207334538,-5.163945024051,
    11.160263409752));
#1726 = CARTESIAN_POINT('',(-1.793551134431,-5.136925715683,
    11.223029927172));
#1727 = CARTESIAN_POINT('',(-1.87000724831,-5.109598072838,
    11.288313986439));
#1728 = CARTESIAN_POINT('',(-1.942652345639,-5.082192450113,
    11.355882413284));
#1729 = CARTESIAN_POINT('',(-2.011563979935,-5.054917921055,
    11.425542087806));
#1730 = CARTESIAN_POINT('',(-2.156732905645,-4.994955340356,
    11.584819395602));
#1731 = CARTESIAN_POINT('',(-2.231173690123,-4.962423206658,
    11.675416576281));
#1732 = CARTESIAN_POINT('',(-2.300255494391,-4.930725509653,
    11.768626533847));
#1733 = CARTESIAN_POINT('',(-2.364072758254,-4.900189101881,
    11.86419450873));
#1734 = CARTESIAN_POINT('',(-2.422700350039,-4.871112017426,
    11.961914741578));
#1735 = CARTESIAN_POINT('',(-2.529334124261,-4.816599514262,
    12.160688954091));
#1736 = CARTESIAN_POINT('',(-2.577409842276,-4.791140158671,
    12.261721499819));
#1737 = CARTESIAN_POINT('',(-2.620426645099,-4.767677695862,
    12.364490209102));
#1738 = CARTESIAN_POINT('',(-2.658388605466,-4.746471405822,
    12.468779052547));
#1739 = CARTESIAN_POINT('',(-2.691292711758,-4.727745351379,
    12.574392203556));
#1740 = CARTESIAN_POINT('',(-2.749090044855,-4.694390369047,
    12.796101837259));
#1741 = CARTESIAN_POINT('',(-2.773173211205,-4.680186798091,
    12.912373082844));
#1742 = CARTESIAN_POINT('',(-2.791326229684,-4.669321019225,
    13.02963087914));
#1743 = CARTESIAN_POINT('',(-2.803521786804,-4.661965261253,
    13.147549864546));
#1744 = CARTESIAN_POINT('',(-2.809746360864,-4.658210543884,
    13.265815103974));
#1745 = CARTESIAN_POINT('',(-2.810243005209,-4.657910941221,
    13.503223264773));
#1746 = CARTESIAN_POINT('',(-2.80443434093,-4.661414746126,
    13.622305908472));
#1747 = CARTESIAN_POINT('',(-2.792573250592,-4.668572709,13.741057550359
    ));
#1748 = CARTESIAN_POINT('',(-2.774672989068,-4.679295648511,
    13.859156179057));
#1749 = CARTESIAN_POINT('',(-2.750761129996,-4.693410646182,
    13.976269328319));
#1750 = CARTESIAN_POINT('',(-2.693467486315,-4.726503515923,
    14.19831715239));
#1751 = CARTESIAN_POINT('',(-2.6610279173,-4.744985238788,
    14.303454588864));
#1752 = CARTESIAN_POINT('',(-2.623582168314,-4.765931643686,
    14.407291496112));
#1753 = CARTESIAN_POINT('',(-2.581133808616,-4.789123309342,
    14.509634515169));
#1754 = CARTESIAN_POINT('',(-2.533679722546,-4.814306043698,
    14.61027069665));
#1755 = CARTESIAN_POINT('',(-2.383080677503,-4.891491228252,
    14.893574681115));
#1756 = CARTESIAN_POINT('',(-2.267493026263,-4.947718522651,
    15.071247408732));
#1757 = CARTESIAN_POINT('',(-2.134119490159,-5.008176081409,
    15.241138923349));
#1758 = CARTESIAN_POINT('',(-1.982212791686,-5.070946559311,
    15.401910363269));
#1759 = CARTESIAN_POINT('',(-1.810857968004,-5.133679438908,
    15.551444858788));
#1760 = CARTESIAN_POINT('',(-1.55384026398,-5.213816141587,
    15.732667571563));
#1761 = CARTESIAN_POINT('',(-1.486023116973,-5.233875550412,
    15.777135463928));
#1762 = CARTESIAN_POINT('',(-1.415814497109,-5.253466140259,
    15.819785588067));
#1763 = CARTESIAN_POINT('',(-1.343210047104,-5.272454818601,
    15.860460452141));
#1764 = CARTESIAN_POINT('',(-1.268213125732,-5.290701669025,
    15.898990530227));
#1765 = CARTESIAN_POINT('',(-1.019511632811,-5.346496525769,
    16.015352004725));
#1766 = CARTESIAN_POINT('',(-0.834928661405,-5.380937315176,
    16.084846077764));
#1767 = CARTESIAN_POINT('',(-0.639398585407,-5.409067946233,
    16.140087618492));
#1768 = CARTESIAN_POINT('',(-0.435692697299,-5.42893460134,
    16.178577475607));
#1769 = CARTESIAN_POINT('',(-0.226872229164,-5.439352048142,
    16.198745587262));
#1770 = CARTESIAN_POINT('',(0.199217489536,-5.44061376205,
    16.201188222975));
#1771 = CARTESIAN_POINT('',(0.413022330944,-5.431018922589,
    16.182612643011));
#1772 = CARTESIAN_POINT('',(0.621848046497,-5.411458905199,
    16.144771940091));
#1773 = CARTESIAN_POINT('',(0.822338066538,-5.383143441291,
    16.089271950688));
#1774 = CARTESIAN_POINT('',(1.011446806698,-5.348158502026,
    16.018769097694));
#1775 = CARTESIAN_POINT('',(1.266723946142,-5.291100566417,
    15.89984399206));
#1776 = CARTESIAN_POINT('',(1.344269665972,-5.272245770939,
    15.860040351838));
#1777 = CARTESIAN_POINT('',(1.419259179855,-5.252598261361,
    15.817945308207));
#1778 = CARTESIAN_POINT('',(1.491689214394,-5.232312413015,
    15.773745752235));
#1779 = CARTESIAN_POINT('',(1.561565239051,-5.211534770161,
    15.727614759348));
#1780 = CARTESIAN_POINT('',(1.713207334538,-5.163945024051,
    15.619736590248));
#1781 = CARTESIAN_POINT('',(1.793551134431,-5.136925715683,
    15.556970072828));
#1782 = CARTESIAN_POINT('',(1.87000724831,-5.109598072838,
    15.491686013561));
#1783 = CARTESIAN_POINT('',(1.942652345639,-5.082192450113,
    15.424117586716));
#1784 = CARTESIAN_POINT('',(2.011563979935,-5.054917921055,
    15.354457912194));
#1785 = CARTESIAN_POINT('',(2.156732905645,-4.994955340356,
    15.195180604398));
#1786 = CARTESIAN_POINT('',(2.231173690123,-4.962423206658,
    15.104583423719));
#1787 = CARTESIAN_POINT('',(2.300255494391,-4.930725509653,
    15.011373466153));
#1788 = CARTESIAN_POINT('',(2.364072758254,-4.900189101881,
    14.91580549127));
#1789 = CARTESIAN_POINT('',(2.422700350039,-4.871112017426,
    14.818085258422));
#1790 = CARTESIAN_POINT('',(2.586899536033,-4.787171364371,
    14.512004336788));
#1791 = CARTESIAN_POINT('',(2.675912389916,-4.737837218569,
    14.296532220257));
#1792 = CARTESIAN_POINT('',(2.742805403754,-4.698593417976,
    14.074530526577));
#1793 = CARTESIAN_POINT('',(2.787529826498,-4.671612698005,
    13.848177402322));
#1794 = CARTESIAN_POINT('',(2.81,-4.658057535068,13.619388894058));
#1795 = CARTESIAN_POINT('',(2.81,-4.658057535068,13.39));
#1796 = PCURVE('',#624,#1797);
#1797 = DEFINITIONAL_REPRESENTATION('',(#1798),#1901);
#1798 = B_SPLINE_CURVE_WITH_KNOTS('',6,(#1799,#1800,#1801,#1802,#1803,
    #1804,#1805,#1806,#1807,#1808,#1809,#1810,#1811,#1812,#1813,#1814,
    #1815,#1816,#1817,#1818,#1819,#1820,#1821,#1822,#1823,#1824,#1825,
    #1826,#1827,#1828,#1829,#1830,#1831,#1832,#1833,#1834,#1835,#1836,
    #1837,#1838,#1839,#1840,#1841,#1842,#1843,#1844,#1845,#1846,#1847,
    #1848,#1849,#1850,#1851,#1852,#1853,#1854,#1855,#1856,#1857,#1858,
    #1859,#1860,#1861,#1862,#1863,#1864,#1865,#1866,#1867,#1868,#1869,
    #1870,#1871,#1872,#1873,#1874,#1875,#1876,#1877,#1878,#1879,#1880,
    #1881,#1882,#1883,#1884,#1885,#1886,#1887,#1888,#1889,#1890,#1891,
    #1892,#1893,#1894,#1895,#1896,#1897,#1898,#1899,#1900),
  .UNSPECIFIED.,.F.,.F.,(7,5,5,5,5,5,5,5,5,5,5,5,5,5,5,5,5,5,5,5,7),(0.,
    8.62742966382E-02,0.143862097769,0.190400989686,0.249070799781,
    0.30901063182,0.336412918846,0.370721425233,0.412736173789,
    0.454474830384,0.499414344207,0.544655867813,0.586177267558,
    0.663841640052,0.69036913564,0.749104086652,0.809110469702,
    0.836543181381,0.87088978037,0.912951177738,1.),.UNSPECIFIED.);
#1799 = CARTESIAN_POINT('',(0.,24.461942464932));
#1800 = CARTESIAN_POINT('',(8.101228440412E-02,24.461942464932));
#1801 = CARTESIAN_POINT('',(0.161817524574,24.448592658143));
#1802 = CARTESIAN_POINT('',(0.24273285959,24.422017649119));
#1803 = CARTESIAN_POINT('',(0.324020065276,24.383346273994));
#1804 = CARTESIAN_POINT('',(0.405920597982,24.334690355363));
#1805 = CARTESIAN_POINT('',(0.543775118002,24.241500932549));
#1806 = CARTESIAN_POINT('',(0.599385502415,24.200919245965));
#1807 = CARTESIAN_POINT('',(0.655626776925,24.157757968855));
#1808 = CARTESIAN_POINT('',(0.712698746065,24.112789626915));
#1809 = CARTESIAN_POINT('',(0.770807356348,24.066897812429));
#1810 = CARTESIAN_POINT('',(0.878151374041,23.984114762748));
#1811 = CARTESIAN_POINT('',(0.926996385606,23.947150684144));
#1812 = CARTESIAN_POINT('',(0.976812091123,23.910780091382));
#1813 = CARTESIAN_POINT('',(1.02770296359,23.875636084542));
#1814 = CARTESIAN_POINT('',(1.079781866564,23.842427393838));
#1815 = CARTESIAN_POINT('',(1.200489111501,23.773503474257));
#1816 = CARTESIAN_POINT('',(1.270467328855,23.739062684806));
#1817 = CARTESIAN_POINT('',(1.34237398194,23.710932053752));
#1818 = CARTESIAN_POINT('',(1.415704422596,23.691065398673));
#1819 = CARTESIAN_POINT('',(1.490057614794,23.680647951859));
#1820 = CARTESIAN_POINT('',(1.641693458337,23.679386237949));
#1821 = CARTESIAN_POINT('',(1.717741364867,23.688981077426));
#1822 = CARTESIAN_POINT('',(1.792788544126,23.708541094783));
#1823 = CARTESIAN_POINT('',(1.866389906881,23.736856558687));
#1824 = CARTESIAN_POINT('',(1.937988525184,23.771841498006));
#1825 = CARTESIAN_POINT('',(2.038209023077,23.828899433583));
#1826 = CARTESIAN_POINT('',(2.06920576925,23.847754229061));
#1827 = CARTESIAN_POINT('',(2.099778199505,23.867401738639));
#1828 = CARTESIAN_POINT('',(2.129945280266,23.887687586985));
#1829 = CARTESIAN_POINT('',(2.159724377755,23.908465229839));
#1830 = CARTESIAN_POINT('',(2.225951958393,23.956054975949));
#1831 = CARTESIAN_POINT('',(2.262198300963,23.983074284317));
#1832 = CARTESIAN_POINT('',(2.297926415052,24.010401927162));
#1833 = CARTESIAN_POINT('',(2.333186512248,24.037807549887));
#1834 = CARTESIAN_POINT('',(2.368027825224,24.065082078945));
#1835 = CARTESIAN_POINT('',(2.444720716638,24.125044659644));
#1836 = CARTESIAN_POINT('',(2.486394481957,24.157576793342));
#1837 = CARTESIAN_POINT('',(2.527606126999,24.189274490347));
#1838 = CARTESIAN_POINT('',(2.568429636948,24.219810898119));
#1839 = CARTESIAN_POINT('',(2.608937360766,24.248887982574));
#1840 = CARTESIAN_POINT('',(2.6892114803,24.303400485738));
#1841 = CARTESIAN_POINT('',(2.728982807811,24.328859841329));
#1842 = CARTESIAN_POINT('',(2.768562793172,24.352322304138));
#1843 = CARTESIAN_POINT('',(2.80799284303,24.373528594178));
#1844 = CARTESIAN_POINT('',(2.847315963741,24.392254648621));
#1845 = CARTESIAN_POINT('',(2.928853112055,24.425609630953));
#1846 = CARTESIAN_POINT('',(2.971054584354,24.439813201909));
#1847 = CARTESIAN_POINT('',(3.013199503078,24.450678980775));
#1848 = CARTESIAN_POINT('',(3.055306806818,24.458034738747));
#1849 = CARTESIAN_POINT('',(3.097398646764,24.461789456116));
#1850 = CARTESIAN_POINT('',(3.181885721594,24.462089058779));
#1851 = CARTESIAN_POINT('',(3.224259494369,24.458585253874));
#1852 = CARTESIAN_POINT('',(3.26664793227,24.451427291));
#1853 = CARTESIAN_POINT('',(3.309073382624,24.440704351489));
#1854 = CARTESIAN_POINT('',(3.351554955754,24.426589353818));
#1855 = CARTESIAN_POINT('',(3.433163601725,24.393496484077));
#1856 = CARTESIAN_POINT('',(3.472276752816,24.375014761212));
#1857 = CARTESIAN_POINT('',(3.511494060042,24.354068356314));
#1858 = CARTESIAN_POINT('',(3.550857501545,24.330876690658));
#1859 = CARTESIAN_POINT('',(3.590407440141,24.305693956302));
#1860 = CARTESIAN_POINT('',(3.704586992372,24.228508771748));
#1861 = CARTESIAN_POINT('',(3.779725672429,24.172281477349));
#1862 = CARTESIAN_POINT('',(3.856130083162,24.111823918591));
#1863 = CARTESIAN_POINT('',(3.934324707037,24.049053440689));
#1864 = CARTESIAN_POINT('',(4.014827856128,23.986320561092));
#1865 = CARTESIAN_POINT('',(4.126743635866,23.906183858413));
#1866 = CARTESIAN_POINT('',(4.155586959885,23.886124449588));
#1867 = CARTESIAN_POINT('',(4.184794720867,23.866533859741));
#1868 = CARTESIAN_POINT('',(4.214382575874,23.847545181399));
#1869 = CARTESIAN_POINT('',(4.244367597397,23.829298330975));
#1870 = CARTESIAN_POINT('',(4.342081765135,23.773503474231));
#1871 = CARTESIAN_POINT('',(4.412059982427,23.739062684824));
#1872 = CARTESIAN_POINT('',(4.483966635487,23.710932053767));
#1873 = CARTESIAN_POINT('',(4.557297076176,23.69106539866));
#1874 = CARTESIAN_POINT('',(4.63165026843,23.680647951858));
#1875 = CARTESIAN_POINT('',(4.78328611187,23.67938623795));
#1876 = CARTESIAN_POINT('',(4.85933401847,23.688981077411));
#1877 = CARTESIAN_POINT('',(4.934381197768,23.708541094801));
#1878 = CARTESIAN_POINT('',(5.007982560492,23.736856558709));
#1879 = CARTESIAN_POINT('',(5.079581178718,23.771841497974));
#1880 = CARTESIAN_POINT('',(5.179801676666,23.828899433583));
#1881 = CARTESIAN_POINT('',(5.21079842284,23.847754229061));
#1882 = CARTESIAN_POINT('',(5.241370853094,23.867401738639));
#1883 = CARTESIAN_POINT('',(5.271537933856,23.887687586985));
#1884 = CARTESIAN_POINT('',(5.301317031345,23.908465229839));
#1885 = CARTESIAN_POINT('',(5.367544611982,23.956054975949));
#1886 = CARTESIAN_POINT('',(5.403790954553,23.983074284317));
#1887 = CARTESIAN_POINT('',(5.439519068642,24.010401927162));
#1888 = CARTESIAN_POINT('',(5.474779165838,24.037807549887));
#1889 = CARTESIAN_POINT('',(5.509620478813,24.065082078945));
#1890 = CARTESIAN_POINT('',(5.586313370228,24.125044659644));
#1891 = CARTESIAN_POINT('',(5.627987135547,24.157576793342));
#1892 = CARTESIAN_POINT('',(5.669198780589,24.189274490347));
#1893 = CARTESIAN_POINT('',(5.710022290538,24.219810898119));
#1894 = CARTESIAN_POINT('',(5.750530014356,24.248887982574));
#1895 = CARTESIAN_POINT('',(5.87413949156,24.332828635629));
#1896 = CARTESIAN_POINT('',(5.95668555881,24.382162781431));
#1897 = CARTESIAN_POINT('',(6.038600478404,24.421406582024));
#1898 = CARTESIAN_POINT('',(6.120132988405,24.448387301995));
#1899 = CARTESIAN_POINT('',(6.201552248796,24.461942464932));
#1900 = CARTESIAN_POINT('',(6.28318530718,24.461942464932));
#1901 = ( GEOMETRIC_REPRESENTATION_CONTEXT(2)
PARAMETRIC_REPRESENTATION_CONTEXT() REPRESENTATION_CONTEXT('2D SPACE',''
  ) );
#1902 = PCURVE('',#1029,#1903);
#1903 = DEFINITIONAL_REPRESENTATION('',(#1904),#2007);
#1904 = B_SPLINE_CURVE_WITH_KNOTS('',6,(#1905,#1906,#1907,#1908,#1909,
    #1910,#1911,#1912,#1913,#1914,#1915,#1916,#1917,#1918,#1919,#1920,
    #1921,#1922,#1923,#1924,#1925,#1926,#1927,#1928,#1929,#1930,#1931,
    #1932,#1933,#1934,#1935,#1936,#1937,#1938,#1939,#1940,#1941,#1942,
    #1943,#1944,#1945,#1946,#1947,#1948,#1949,#1950,#1951,#1952,#1953,
    #1954,#1955,#1956,#1957,#1958,#1959,#1960,#1961,#1962,#1963,#1964,
    #1965,#1966,#1967,#1968,#1969,#1970,#1971,#1972,#1973,#1974,#1975,
    #1976,#1977,#1978,#1979,#1980,#1981,#1982,#1983,#1984,#1985,#1986,
    #1987,#1988,#1989,#1990,#1991,#1992,#1993,#1994,#1995,#1996,#1997,
    #1998,#1999,#2000,#2001,#2002,#2003,#2004,#2005,#2006),
  .UNSPECIFIED.,.T.,.F.,(7,5,5,5,5,5,5,5,5,5,5,5,5,5,5,5,5,5,5,5,7),(0.,
    8.62742966382E-02,0.143862097769,0.190400989686,0.249070799781,
    0.30901063182,0.336412918846,0.370721425233,0.412736173789,
    0.454474830384,0.499414344207,0.544655867813,0.586177267558,
    0.663841640052,0.69036913564,0.749104086652,0.809110469702,
    0.836543181381,0.87088978037,0.912951177738,1.),.UNSPECIFIED.);
#1905 = CARTESIAN_POINT('',(5.255198977587,14.39));
#1906 = CARTESIAN_POINT('',(5.255198977587,14.162355480824));
#1907 = CARTESIAN_POINT('',(5.250448207256,13.93529238066));
#1908 = CARTESIAN_POINT('',(5.240990666803,13.710611178782));
#1909 = CARTESIAN_POINT('',(5.226948639873,13.490189855755));
#1910 = CARTESIAN_POINT('',(5.208526775586,13.276158994961));
#1911 = CARTESIAN_POINT('',(5.170968791396,12.934112332179));
#1912 = CARTESIAN_POINT('',(5.154084086963,12.800950281043));
#1913 = CARTESIAN_POINT('',(5.135379757721,12.671934940581));
#1914 = CARTESIAN_POINT('',(5.114867781499,12.54759131805));
#1915 = CARTESIAN_POINT('',(5.092545271759,12.428644375539));
#1916 = CARTESIAN_POINT('',(5.04888422345,12.225115933281));
#1917 = CARTESIAN_POINT('',(5.028159801335,12.138232010331));
#1918 = CARTESIAN_POINT('',(5.006220808628,12.056002834377));
#1919 = CARTESIAN_POINT('',(4.983062616651,11.979115107554));
#1920 = CARTESIAN_POINT('',(4.958682108943,11.908390436455));
#1921 = CARTESIAN_POINT('',(4.900803472838,11.764647995328));
#1922 = CARTESIAN_POINT('',(4.866309782541,11.695153922196));
#1923 = CARTESIAN_POINT('',(4.830046257072,11.639912381481));
#1924 = CARTESIAN_POINT('',(4.792485286252,11.601422524416));
#1925 = CARTESIAN_POINT('',(4.754093608484,11.581254412738));
#1926 = CARTESIAN_POINT('',(4.675767949101,11.578811777024));
#1927 = CARTESIAN_POINT('',(4.636470909421,11.597387357018));
#1928 = CARTESIAN_POINT('',(4.597983382608,11.635228059877));
#1929 = CARTESIAN_POINT('',(4.560816335059,11.690728049263));
#1930 = CARTESIAN_POINT('',(4.525487924512,11.761230902372));
#1931 = CARTESIAN_POINT('',(4.477404093221,11.88015600794));
#1932 = CARTESIAN_POINT('',(4.462736594219,11.919959648162));
#1933 = CARTESIAN_POINT('',(4.448489704259,11.962054691793));
#1934 = CARTESIAN_POINT('',(4.434665736101,12.006254247765));
#1935 = CARTESIAN_POINT('',(4.421266573929,12.052385240652));
#1936 = CARTESIAN_POINT('',(4.392050711495,12.160263409752));
#1937 = CARTESIAN_POINT('',(4.37647205331,12.223029927172));
#1938 = CARTESIAN_POINT('',(4.361550584712,12.288313986439));
#1939 = CARTESIAN_POINT('',(4.3472809366,12.355882413284));
#1940 = CARTESIAN_POINT('',(4.33365875649,12.425542087806));
#1941 = CARTESIAN_POINT('',(4.30478644722,12.584819395602));
#1942 = CARTESIAN_POINT('',(4.289855881394,12.675416576281));
#1943 = CARTESIAN_POINT('',(4.275887173249,12.768626533847));
#1944 = CARTESIAN_POINT('',(4.262884281983,12.86419450873));
#1945 = CARTESIAN_POINT('',(4.250855378793,12.961914741578));
#1946 = CARTESIAN_POINT('',(4.228840736452,13.160688954091));
#1947 = CARTESIAN_POINT('',(4.218841618094,13.261721499818));
#1948 = CARTESIAN_POINT('',(4.209835246029,13.364490209102));
#1949 = CARTESIAN_POINT('',(4.201842347881,13.468779052547));
#1950 = CARTESIAN_POINT('',(4.194883002369,13.574392203556));
#1951 = CARTESIAN_POINT('',(4.182616191514,13.796101837259));
#1952 = CARTESIAN_POINT('',(4.177476770353,13.912373082844));
#1953 = CARTESIAN_POINT('',(4.173587780306,14.02963087914));
#1954 = CARTESIAN_POINT('',(4.170969694267,14.147549864546));
#1955 = CARTESIAN_POINT('',(4.169633434836,14.265815103974));
#1956 = CARTESIAN_POINT('',(4.169526814438,14.503223264773));
#1957 = CARTESIAN_POINT('',(4.17077378367,14.622305908472));
#1958 = CARTESIAN_POINT('',(4.173320445283,14.741057550359));
#1959 = CARTESIAN_POINT('',(4.177156085953,14.859156179057));
#1960 = CARTESIAN_POINT('',(4.182260113638,14.976269328319));
#1961 = CARTESIAN_POINT('',(4.194422648003,15.19831715239));
#1962 = CARTESIAN_POINT('',(4.201285568843,15.303454588864));
#1963 = CARTESIAN_POINT('',(4.209172344238,15.407291496112));
#1964 = CARTESIAN_POINT('',(4.218063179954,15.509634515169));
#1965 = CARTESIAN_POINT('',(4.22793755757,15.61027069665));
#1966 = CARTESIAN_POINT('',(4.259045379184,15.893574681115));
#1967 = CARTESIAN_POINT('',(4.282668555887,16.071247408732));
#1968 = CARTESIAN_POINT('',(4.309570893535,16.241138923349));
#1969 = CARTESIAN_POINT('',(4.339754047548,16.401910363269));
#1970 = CARTESIAN_POINT('',(4.37325787757,16.551444858788));
#1971 = CARTESIAN_POINT('',(4.42274704716,16.732667571563));
#1972 = CARTESIAN_POINT('',(4.435745946229,16.777135463928));
#1973 = CARTESIAN_POINT('',(4.449142475053,16.819785588067));
#1974 = CARTESIAN_POINT('',(4.462934858037,16.860460452141));
#1975 = CARTESIAN_POINT('',(4.477120939437,16.898990530227));
#1976 = CARTESIAN_POINT('',(4.523974487953,17.015352004725));
#1977 = CARTESIAN_POINT('',(4.55846817822,17.084846077764));
#1978 = CARTESIAN_POINT('',(4.594731703675,17.140087618492));
#1979 = CARTESIAN_POINT('',(4.632292674512,17.178577475607));
#1980 = CARTESIAN_POINT('',(4.670684352309,17.198745587262));
#1981 = CARTESIAN_POINT('',(4.749010011639,17.201188222975));
#1982 = CARTESIAN_POINT('',(4.788307051355,17.182612643011));
#1983 = CARTESIAN_POINT('',(4.826794578189,17.144771940091));
#1984 = CARTESIAN_POINT('',(4.863961625719,17.089271950688));
#1985 = CARTESIAN_POINT('',(4.899290036231,17.018769097694));
#1986 = CARTESIAN_POINT('',(4.947373867548,16.89984399206));
#1987 = CARTESIAN_POINT('',(4.962041366551,16.860040351838));
#1988 = CARTESIAN_POINT('',(4.976288256511,16.817945308207));
#1989 = CARTESIAN_POINT('',(4.990112224668,16.773745752235));
#1990 = CARTESIAN_POINT('',(5.003511386841,16.727614759348));
#1991 = CARTESIAN_POINT('',(5.032727249274,16.619736590248));
#1992 = CARTESIAN_POINT('',(5.04830590746,16.556970072828));
#1993 = CARTESIAN_POINT('',(5.063227376057,16.491686013561));
#1994 = CARTESIAN_POINT('',(5.077497024169,16.424117586716));
#1995 = CARTESIAN_POINT('',(5.091119204279,16.354457912194));
#1996 = CARTESIAN_POINT('',(5.11999151355,16.195180604398));
#1997 = CARTESIAN_POINT('',(5.134922079376,16.104583423719));
#1998 = CARTESIAN_POINT('',(5.14889078752,16.011373466153));
#1999 = CARTESIAN_POINT('',(5.161893678787,15.91580549127));
#2000 = CARTESIAN_POINT('',(5.173922581977,15.818085258422));
#2001 = CARTESIAN_POINT('',(5.207821657374,15.512004336788));
#2002 = CARTESIAN_POINT('',(5.226518792373,15.296532220257));
#2003 = CARTESIAN_POINT('',(5.240773195427,15.074530526577));
#2004 = CARTESIAN_POINT('',(5.25037512931,14.848177402322));
#2005 = CARTESIAN_POINT('',(5.255198977587,14.619388894058));
#2006 = CARTESIAN_POINT('',(5.255198977587,14.39));
#2007 = ( GEOMETRIC_REPRESENTATION_CONTEXT(2)
PARAMETRIC_REPRESENTATION_CONTEXT() REPRESENTATION_CONTEXT('2D SPACE',''
  ) );
#2008 = ORIENTED_EDGE('',*,*,#2009,.F.);
#2009 = EDGE_CURVE('',#515,#1690,#2010,.T.);
#2010 = SEAM_CURVE('',#2011,(#2015,#2022),.PCURVE_S1.);
#2011 = LINE('',#2012,#2013);
#2012 = CARTESIAN_POINT('',(2.81,-29.12,13.39));
#2013 = VECTOR('',#2014,1.);
#2014 = DIRECTION('',(0.,1.,1.110223024625E-16));
#2015 = PCURVE('',#624,#2016);
#2016 = DEFINITIONAL_REPRESENTATION('',(#2017),#2021);
#2017 = LINE('',#2018,#2019);
#2018 = CARTESIAN_POINT('',(6.28318530718,-0.));
#2019 = VECTOR('',#2020,1.);
#2020 = DIRECTION('',(0.,1.));
#2021 = ( GEOMETRIC_REPRESENTATION_CONTEXT(2)
PARAMETRIC_REPRESENTATION_CONTEXT() REPRESENTATION_CONTEXT('2D SPACE',''
  ) );
#2022 = PCURVE('',#624,#2023);
#2023 = DEFINITIONAL_REPRESENTATION('',(#2024),#2028);
#2024 = LINE('',#2025,#2026);
#2025 = CARTESIAN_POINT('',(0.,-0.));
#2026 = VECTOR('',#2027,1.);
#2027 = DIRECTION('',(0.,1.));
#2028 = ( GEOMETRIC_REPRESENTATION_CONTEXT(2)
PARAMETRIC_REPRESENTATION_CONTEXT() REPRESENTATION_CONTEXT('2D SPACE',''
  ) );
#2029 = ORIENTED_EDGE('',*,*,#514,.T.);
#2030 = ORIENTED_EDGE('',*,*,#2009,.T.);
#2031 = ADVANCED_FACE('',(#2032),#811,.F.);
#2032 = FACE_BOUND('',#2033,.F.);
#2033 = EDGE_LOOP('',(#2034,#2384,#2405,#2406));
#2034 = ORIENTED_EDGE('',*,*,#2035,.F.);
#2035 = EDGE_CURVE('',#2036,#2036,#2038,.T.);
#2036 = VERTEX_POINT('',#2037);
#2037 = CARTESIAN_POINT('',(-5.44,-6.882515011208E-16,21.64));
#2038 = SURFACE_CURVE('',#2039,(#2152,#2268),.PCURVE_S1.);
#2039 = B_SPLINE_CURVE_WITH_KNOTS('',6,(#2040,#2041,#2042,#2043,#2044,
    #2045,#2046,#2047,#2048,#2049,#2050,#2051,#2052,#2053,#2054,#2055,
    #2056,#2057,#2058,#2059,#2060,#2061,#2062,#2063,#2064,#2065,#2066,
    #2067,#2068,#2069,#2070,#2071,#2072,#2073,#2074,#2075,#2076,#2077,
    #2078,#2079,#2080,#2081,#2082,#2083,#2084,#2085,#2086,#2087,#2088,
    #2089,#2090,#2091,#2092,#2093,#2094,#2095,#2096,#2097,#2098,#2099,
    #2100,#2101,#2102,#2103,#2104,#2105,#2106,#2107,#2108,#2109,#2110,
    #2111,#2112,#2113,#2114,#2115,#2116,#2117,#2118,#2119,#2120,#2121,
    #2122,#2123,#2124,#2125,#2126,#2127,#2128,#2129,#2130,#2131,#2132,
    #2133,#2134,#2135,#2136,#2137,#2138,#2139,#2140,#2141,#2142,#2143,
    #2144,#2145,#2146,#2147,#2148,#2149,#2150,#2151),.UNSPECIFIED.,.T.,
  .F.,(7,5,5,5,5,5,5,5,5,5,5,5,5,5,5,5,5,5,5,5,5,5,7),(0.,
    5.963692912442E-02,8.685281801965E-02,0.121010622579,0.162884072617,
    0.203589786963,0.249398576122,0.295078865444,0.336575926032,
    0.413079875882,0.439547109188,0.475523130053,0.534597826192,
    0.584968772626,0.620614977242,0.662655511427,0.703523650402,
    0.749515226565,0.795377790149,0.837040433009,0.913849650212,
    0.94042249352,1.),.UNSPECIFIED.);
#2040 = CARTESIAN_POINT('',(-5.44,0.,21.64));
#2041 = CARTESIAN_POINT('',(-5.44,0.214724066953,21.64));
#2042 = CARTESIAN_POINT('',(-5.429829298287,0.427656554184,
    21.659689709307));
#2043 = CARTESIAN_POINT('',(-5.409807252542,0.635422852374,
    21.698452208921));
#2044 = CARTESIAN_POINT('',(-5.381166835593,0.834759067208,
    21.754654458876));
#2045 = CARTESIAN_POINT('',(-5.345981461939,1.022712250726,
    21.825653600111));
#2046 = CARTESIAN_POINT('',(-5.288792591436,1.276286736124,
    21.945023932367));
#2047 = CARTESIAN_POINT('',(-5.269940980578,1.353221966551,
    21.984881690446));
#2048 = CARTESIAN_POINT('',(-5.25031655207,1.427622678493,
    22.026994340655));
#2049 = CARTESIAN_POINT('',(-5.23007090705,1.499487247888,
    22.071178793381));
#2050 = CARTESIAN_POINT('',(-5.209347828337,1.568822475446,
    22.117265751996));
#2051 = CARTESIAN_POINT('',(-5.161843289826,1.719507519227,
    22.225133432015));
#2052 = CARTESIAN_POINT('',(-5.134859033174,1.799429194659,
    22.287931662906));
#2053 = CARTESIAN_POINT('',(-5.107579858946,1.875483308325,
    22.353224217832));
#2054 = CARTESIAN_POINT('',(-5.08023370714,1.947746464728,
    22.420781159418));
#2055 = CARTESIAN_POINT('',(-5.053027535251,2.016295813417,
    22.490412092337));
#2056 = CARTESIAN_POINT('',(-4.99319879006,2.160783126872,
    22.649682622673));
#2057 = CARTESIAN_POINT('',(-4.960736831014,2.23490242552,22.74029988055
    ));
#2058 = CARTESIAN_POINT('',(-4.929119128566,2.303678282898,
    22.83351539078));
#2059 = CARTESIAN_POINT('',(-4.898670850362,2.367203976941,
    22.929076203455));
#2060 = CARTESIAN_POINT('',(-4.869688559363,2.425553287971,
    23.026777786234));
#2061 = CARTESIAN_POINT('',(-4.815956409362,2.530522207863,
    23.22336832893));
#2062 = CARTESIAN_POINT('',(-4.791110256952,2.577424928034,
    23.322151225567));
#2063 = CARTESIAN_POINT('',(-4.768174024245,2.619494267345,
    23.422591211253));
#2064 = CARTESIAN_POINT('',(-4.747389677572,2.65673403897,
    23.524486855716));
#2065 = CARTESIAN_POINT('',(-4.728967103192,2.689141534612,
    23.627655212973));
#2066 = CARTESIAN_POINT('',(-4.695201136456,2.747720510417,
    23.849279808031));
#2067 = CARTESIAN_POINT('',(-4.680533758469,2.7725996007,23.968026728532
    ));
#2068 = CARTESIAN_POINT('',(-4.669345296469,2.791289484011,
    24.087813308666));
#2069 = CARTESIAN_POINT('',(-4.661820938703,2.803761023723,
    24.20829279823));
#2070 = CARTESIAN_POINT('',(-4.658057535068,2.81,24.32912985092));
#2071 = CARTESIAN_POINT('',(-4.658057535068,2.81,24.570531091999));
#2072 = CARTESIAN_POINT('',(-4.661799857502,2.803795976957,
    24.691029526269));
#2073 = CARTESIAN_POINT('',(-4.66928209265,2.79139424131,24.811173382666
    ));
#2074 = CARTESIAN_POINT('',(-4.680408468128,2.772808882196,
    24.930630006645));
#2075 = CARTESIAN_POINT('',(-4.694995813882,2.748068764624,
    25.049055494398));
#2076 = CARTESIAN_POINT('',(-4.728934675026,2.689204887751,
    25.272414900035));
#2077 = CARTESIAN_POINT('',(-4.747726926643,2.656149444056,
    25.377585768518));
#2078 = CARTESIAN_POINT('',(-4.768972677253,2.618072445963,
    25.481432777406));
#2079 = CARTESIAN_POINT('',(-4.792449276158,2.574976437383,
    25.583762523325));
#2080 = CARTESIAN_POINT('',(-4.817899556263,2.526856792889,
    25.684361540494));
#2081 = CARTESIAN_POINT('',(-4.895065761319,2.37571796272,
    25.964837379681));
#2082 = CARTESIAN_POINT('',(-4.950790101543,2.260704036042,
    26.13986282937));
#2083 = CARTESIAN_POINT('',(-5.010565161655,2.128327765538,
    26.307252790287));
#2084 = CARTESIAN_POINT('',(-5.072538031665,1.977861700513,
    26.465702862471));
#2085 = CARTESIAN_POINT('',(-5.134437977064,1.808425153468,
    26.613160231865));
#2086 = CARTESIAN_POINT('',(-5.213816141586,1.553840263984,
    26.792667571561));
#2087 = CARTESIAN_POINT('',(-5.233875550412,1.486023116972,
    26.837135463929));
#2088 = CARTESIAN_POINT('',(-5.25346614026,1.415814497105,
    26.879785588069));
#2089 = CARTESIAN_POINT('',(-5.272454818601,1.343210047103,
    26.920460452141));
#2090 = CARTESIAN_POINT('',(-5.290701669024,1.268213125737,
    26.958990530225));
#2091 = CARTESIAN_POINT('',(-5.33165692168,1.08565808262,27.044403664439
    ));
#2092 = CARTESIAN_POINT('',(-5.353649867685,0.975917994498,
    27.089390927942));
#2093 = CARTESIAN_POINT('',(-5.373586790345,0.861962324912,
    27.129512780948));
#2094 = CARTESIAN_POINT('',(-5.391043010381,0.744186324604,
    27.164201931579));
#2095 = CARTESIAN_POINT('',(-5.405640675856,0.623031093982,
    27.192958544677));
#2096 = CARTESIAN_POINT('',(-5.435830303515,0.295285009327,
    27.252097425712));
#2097 = CARTESIAN_POINT('',(-5.445993328108,8.432112416469E-02,
    27.271572434541));
#2098 = CARTESIAN_POINT('',(-5.446050830634,-0.129461181514,
    27.271589235764));
#2099 = CARTESIAN_POINT('',(-5.435680256302,-0.34136965095,
    27.25182683777));
#2100 = CARTESIAN_POINT('',(-5.416017541532,-0.546788459086,
    27.213668819091));
#2101 = CARTESIAN_POINT('',(-5.366389632735,-0.907492789748,
    27.114991280516));
#2102 = CARTESIAN_POINT('',(-5.338334844209,-1.065954477206,
    27.05852706614));
#2103 = CARTESIAN_POINT('',(-5.306086968235,-1.216328507297,
    26.992405290259));
#2104 = CARTESIAN_POINT('',(-5.270697083652,-1.358223945931,
    26.917943407967));
#2105 = CARTESIAN_POINT('',(-5.233192571168,-1.491390842823,
    26.836407920953));
#2106 = CARTESIAN_POINT('',(-5.167158291203,-1.703691392566,
    26.687207829105));
#2107 = CARTESIAN_POINT('',(-5.139160676598,-1.787398989281,
    26.622344718196));
#2108 = CARTESIAN_POINT('',(-5.110815083633,-1.866918507219,
    26.55475692706));
#2109 = CARTESIAN_POINT('',(-5.082379506714,-1.942335489695,
    26.48470649386));
#2110 = CARTESIAN_POINT('',(-5.054087272099,-2.013736533098,
    26.412409040703));
#2111 = CARTESIAN_POINT('',(-4.99319879006,-2.160783126872,
    26.250317377327));
#2112 = CARTESIAN_POINT('',(-4.960736831014,-2.23490242552,
    26.15970011945));
#2113 = CARTESIAN_POINT('',(-4.929119128566,-2.303678282898,
    26.06648460922));
#2114 = CARTESIAN_POINT('',(-4.898670850362,-2.367203976941,
    25.970923796545));
#2115 = CARTESIAN_POINT('',(-4.869688559363,-2.425553287971,
    25.873222213766));
#2116 = CARTESIAN_POINT('',(-4.815956409362,-2.530522207863,
    25.67663167107));
#2117 = CARTESIAN_POINT('',(-4.791110256952,-2.577424928034,
    25.577848774433));
#2118 = CARTESIAN_POINT('',(-4.768174024245,-2.619494267345,
    25.477408788747));
#2119 = CARTESIAN_POINT('',(-4.747389677572,-2.65673403897,
    25.375513144284));
#2120 = CARTESIAN_POINT('',(-4.728967103192,-2.689141534612,
    25.272344787027));
#2121 = CARTESIAN_POINT('',(-4.695201136456,-2.747720510417,
    25.050720191969));
#2122 = CARTESIAN_POINT('',(-4.680533758469,-2.7725996007,
    24.931973271468));
#2123 = CARTESIAN_POINT('',(-4.669345296469,-2.791289484011,
    24.812186691334));
#2124 = CARTESIAN_POINT('',(-4.661820938703,-2.803761023723,
    24.69170720177));
#2125 = CARTESIAN_POINT('',(-4.658057535068,-2.81,24.57087014908));
#2126 = CARTESIAN_POINT('',(-4.658057535068,-2.81,24.329468908001));
#2127 = CARTESIAN_POINT('',(-4.661799857502,-2.803795976957,
    24.208970473731));
#2128 = CARTESIAN_POINT('',(-4.66928209265,-2.79139424131,
    24.088826617334));
#2129 = CARTESIAN_POINT('',(-4.680408468128,-2.772808882196,
    23.969369993355));
#2130 = CARTESIAN_POINT('',(-4.694995813882,-2.748068764624,
    23.850944505602));
#2131 = CARTESIAN_POINT('',(-4.728934675026,-2.68920488775,
    23.627585099965));
#2132 = CARTESIAN_POINT('',(-4.747726926643,-2.656149444056,
    23.522414231482));
#2133 = CARTESIAN_POINT('',(-4.768972677253,-2.618072445963,
    23.418567222594));
#2134 = CARTESIAN_POINT('',(-4.792449276158,-2.574976437383,
    23.316237476675));
#2135 = CARTESIAN_POINT('',(-4.817899556263,-2.526856792889,
    23.215638459506));
#2136 = CARTESIAN_POINT('',(-4.895065761319,-2.37571796272,
    22.935162620319));
#2137 = CARTESIAN_POINT('',(-4.950790101543,-2.260704036042,
    22.76013717063));
#2138 = CARTESIAN_POINT('',(-5.010565161655,-2.128327765538,
    22.592747209713));
#2139 = CARTESIAN_POINT('',(-5.072538031665,-1.977861700512,
    22.434297137529));
#2140 = CARTESIAN_POINT('',(-5.134437977064,-1.808425153468,
    22.286839768135));
#2141 = CARTESIAN_POINT('',(-5.213816141587,-1.55384026398,
    22.107332428437));
#2142 = CARTESIAN_POINT('',(-5.233875550412,-1.486023116973,
    22.062864536072));
#2143 = CARTESIAN_POINT('',(-5.253466140259,-1.415814497109,
    22.020214411933));
#2144 = CARTESIAN_POINT('',(-5.272454818601,-1.343210047104,
    21.979539547859));
#2145 = CARTESIAN_POINT('',(-5.290701669025,-1.268213125733,
    21.941009469774));
#2146 = CARTESIAN_POINT('',(-5.346981352438,-1.017350553396,
    21.823636877954));
#2147 = CARTESIAN_POINT('',(-5.381816943035,-0.830219167034,
    21.753378667075));
#2148 = CARTESIAN_POINT('',(-5.410149267839,-0.631870704839,
    21.697790052132));
#2149 = CARTESIAN_POINT('',(-5.42994601207,-0.425220902653,
    21.659463766075));
#2150 = CARTESIAN_POINT('',(-5.44,-0.213488504105,21.64));
#2151 = CARTESIAN_POINT('',(-5.44,0.,21.64));
#2152 = PCURVE('',#811,#2153);
#2153 = DEFINITIONAL_REPRESENTATION('',(#2154),#2267);
#2154 = B_SPLINE_CURVE_WITH_KNOTS('',6,(#2155,#2156,#2157,#2158,#2159,
    #2160,#2161,#2162,#2163,#2164,#2165,#2166,#2167,#2168,#2169,#2170,
    #2171,#2172,#2173,#2174,#2175,#2176,#2177,#2178,#2179,#2180,#2181,
    #2182,#2183,#2184,#2185,#2186,#2187,#2188,#2189,#2190,#2191,#2192,
    #2193,#2194,#2195,#2196,#2197,#2198,#2199,#2200,#2201,#2202,#2203,
    #2204,#2205,#2206,#2207,#2208,#2209,#2210,#2211,#2212,#2213,#2214,
    #2215,#2216,#2217,#2218,#2219,#2220,#2221,#2222,#2223,#2224,#2225,
    #2226,#2227,#2228,#2229,#2230,#2231,#2232,#2233,#2234,#2235,#2236,
    #2237,#2238,#2239,#2240,#2241,#2242,#2243,#2244,#2245,#2246,#2247,
    #2248,#2249,#2250,#2251,#2252,#2253,#2254,#2255,#2256,#2257,#2258,
    #2259,#2260,#2261,#2262,#2263,#2264,#2265,#2266),.UNSPECIFIED.,.F.,
  .F.,(7,5,5,5,5,5,5,5,5,5,5,5,5,5,5,5,5,5,5,5,5,5,7),(0.,
    5.963692912442E-02,8.685281801965E-02,0.121010622579,0.162884072617,
    0.203589786963,0.249398576122,0.295078865444,0.336575926032,
    0.413079875882,0.439547109188,0.475523130053,0.534597826192,
    0.584968772626,0.620614977242,0.662655511427,0.703523650402,
    0.749515226565,0.795377790149,0.837040433009,0.913849650212,
    0.94042249352,1.),.UNSPECIFIED.);
#2155 = CARTESIAN_POINT('',(0.,23.68));
#2156 = CARTESIAN_POINT('',(7.641425870218E-02,23.68));
#2157 = CARTESIAN_POINT('',(0.152190869688,23.690170701713));
#2158 = CARTESIAN_POINT('',(0.226932609199,23.710192747458));
#2159 = CARTESIAN_POINT('',(0.300211888045,23.738833164407));
#2160 = CARTESIAN_POINT('',(0.371490358742,23.774018538061));
#2161 = CARTESIAN_POINT('',(0.471229317092,23.831207408564));
#2162 = CARTESIAN_POINT('',(0.502042203966,23.850059019422));
#2163 = CARTESIAN_POINT('',(0.532435726019,23.86968344793));
#2164 = CARTESIAN_POINT('',(0.562428895197,23.88992909295));
#2165 = CARTESIAN_POINT('',(0.592039192208,23.910652171663));
#2166 = CARTESIAN_POINT('',(0.657987369546,23.958156710174));
#2167 = CARTESIAN_POINT('',(0.694122769924,23.985140966826));
#2168 = CARTESIAN_POINT('',(0.729744626437,24.012420141054));
#2169 = CARTESIAN_POINT('',(0.764902919118,24.03976629286));
#2170 = CARTESIAN_POINT('',(0.799646628157,24.066972464749));
#2171 = CARTESIAN_POINT('',(0.876174546468,24.12680120994));
#2172 = CARTESIAN_POINT('',(0.917781585359,24.159263168986));
#2173 = CARTESIAN_POINT('',(0.958930436296,24.190880871434));
#2174 = CARTESIAN_POINT('',(0.9996945968,24.221329149638));
#2175 = CARTESIAN_POINT('',(1.040145947941,24.250311440637));
#2176 = CARTESIAN_POINT('',(1.119455345716,24.304043590638));
#2177 = CARTESIAN_POINT('',(1.158327508505,24.328889743048));
#2178 = CARTESIAN_POINT('',(1.19701727795,24.351825975755));
#2179 = CARTESIAN_POINT('',(1.235563462891,24.372610322428));
#2180 = CARTESIAN_POINT('',(1.274006324686,24.391032896808));
#2181 = CARTESIAN_POINT('',(1.355584827877,24.424798863544));
#2182 = CARTESIAN_POINT('',(1.39870293024,24.439466241531));
#2183 = CARTESIAN_POINT('',(1.441761060734,24.450654703531));
#2184 = CARTESIAN_POINT('',(1.48477950136,24.458179061297));
#2185 = CARTESIAN_POINT('',(1.527782038866,24.461942464932));
#2186 = CARTESIAN_POINT('',(1.613689953841,24.461942464932));
#2187 = CARTESIAN_POINT('',(1.656571986069,24.458200142498));
#2188 = CARTESIAN_POINT('',(1.699469783542,24.45071790735));
#2189 = CARTESIAN_POINT('',(1.742406891253,24.439591531872));
#2190 = CARTESIAN_POINT('',(1.785403394373,24.425004186118));
#2191 = CARTESIAN_POINT('',(1.867604700686,24.391065324974));
#2192 = CARTESIAN_POINT('',(1.906794138967,24.372273073357));
#2193 = CARTESIAN_POINT('',(1.946091214325,24.351027322747));
#2194 = CARTESIAN_POINT('',(1.985538747288,24.327550723842));
#2195 = CARTESIAN_POINT('',(2.025178015797,24.302100443737));
#2196 = CARTESIAN_POINT('',(2.138560855265,24.224934238681));
#2197 = CARTESIAN_POINT('',(2.212809715249,24.169209898457));
#2198 = CARTESIAN_POINT('',(2.288311265902,24.109434838345));
#2199 = CARTESIAN_POINT('',(2.36557161301,24.047461968335));
#2200 = CARTESIAN_POINT('',(2.445090874006,23.985562022936));
#2201 = CARTESIAN_POINT('',(2.55594730907,23.906183858414));
#2202 = CARTESIAN_POINT('',(2.58479063309,23.886124449588));
#2203 = CARTESIAN_POINT('',(2.613998394074,23.86653385974));
#2204 = CARTESIAN_POINT('',(2.64358624908,23.847545181399));
#2205 = CARTESIAN_POINT('',(2.6735712706,23.829298330976));
#2206 = CARTESIAN_POINT('',(2.745296670778,23.78834307832));
#2207 = CARTESIAN_POINT('',(2.787454432809,23.766350132315));
#2208 = CARTESIAN_POINT('',(2.830364432058,23.746413209655));
#2209 = CARTESIAN_POINT('',(2.873965969287,23.728956989619));
#2210 = CARTESIAN_POINT('',(2.918213774393,23.714359324144));
#2211 = CARTESIAN_POINT('',(3.036732952866,23.684169696485));
#2212 = CARTESIAN_POINT('',(3.111846470011,23.674006671892));
#2213 = CARTESIAN_POINT('',(3.187437699844,23.673949169366));
#2214 = CARTESIAN_POINT('',(3.26270078717,23.684319743698));
#2215 = CARTESIAN_POINT('',(3.336795696102,23.703982458468));
#2216 = CARTESIAN_POINT('',(3.469876970507,23.753610367265));
#2217 = CARTESIAN_POINT('',(3.529573003109,23.781665155791));
#2218 = CARTESIAN_POINT('',(3.587811866358,23.813913031765));
#2219 = CARTESIAN_POINT('',(3.644648364513,23.849302916348));
#2220 = CARTESIAN_POINT('',(3.700104967844,23.886807428832));
#2221 = CARTESIAN_POINT('',(3.792448196053,23.952841708797));
#2222 = CARTESIAN_POINT('',(3.830093010216,23.980839323402));
#2223 = CARTESIAN_POINT('',(3.867176722589,24.009184916367));
#2224 = CARTESIAN_POINT('',(3.903755358303,24.037620493286));
#2225 = CARTESIAN_POINT('',(3.939883755158,24.065912727901));
#2226 = CARTESIAN_POINT('',(4.017767200058,24.12680120994));
#2227 = CARTESIAN_POINT('',(4.059374238949,24.159263168986));
#2228 = CARTESIAN_POINT('',(4.100523089886,24.190880871434));
#2229 = CARTESIAN_POINT('',(4.14128725039,24.221329149638));
#2230 = CARTESIAN_POINT('',(4.181738601531,24.250311440637));
#2231 = CARTESIAN_POINT('',(4.261047999306,24.304043590638));
#2232 = CARTESIAN_POINT('',(4.299920162095,24.328889743048));
#2233 = CARTESIAN_POINT('',(4.33860993154,24.351825975755));
#2234 = CARTESIAN_POINT('',(4.377156116481,24.372610322428));
#2235 = CARTESIAN_POINT('',(4.415598978276,24.391032896808));
#2236 = CARTESIAN_POINT('',(4.497177481466,24.424798863544));
#2237 = CARTESIAN_POINT('',(4.54029558383,24.439466241531));
#2238 = CARTESIAN_POINT('',(4.583353714324,24.450654703531));
#2239 = CARTESIAN_POINT('',(4.62637215495,24.458179061297));
#2240 = CARTESIAN_POINT('',(4.669374692456,24.461942464932));
#2241 = CARTESIAN_POINT('',(4.755282607431,24.461942464932));
#2242 = CARTESIAN_POINT('',(4.798164639659,24.458200142498));
#2243 = CARTESIAN_POINT('',(4.841062437132,24.45071790735));
#2244 = CARTESIAN_POINT('',(4.883999544842,24.439591531872));
#2245 = CARTESIAN_POINT('',(4.926996047962,24.425004186118));
#2246 = CARTESIAN_POINT('',(5.009197354275,24.391065324974));
#2247 = CARTESIAN_POINT('',(5.048386792557,24.372273073357));
#2248 = CARTESIAN_POINT('',(5.087683867915,24.351027322747));
#2249 = CARTESIAN_POINT('',(5.127131400877,24.327550723842));
#2250 = CARTESIAN_POINT('',(5.166770669387,24.302100443737));
#2251 = CARTESIAN_POINT('',(5.280153508855,24.224934238681));
#2252 = CARTESIAN_POINT('',(5.354402368839,24.169209898457));
#2253 = CARTESIAN_POINT('',(5.429903919492,24.109434838345));
#2254 = CARTESIAN_POINT('',(5.5071642666,24.047461968335));
#2255 = CARTESIAN_POINT('',(5.586683527596,23.985562022936));
#2256 = CARTESIAN_POINT('',(5.697539962661,23.906183858413));
#2257 = CARTESIAN_POINT('',(5.72638328668,23.886124449588));
#2258 = CARTESIAN_POINT('',(5.755591047662,23.866533859741));
#2259 = CARTESIAN_POINT('',(5.785178902669,23.847545181399));
#2260 = CARTESIAN_POINT('',(5.815163924191,23.829298330975));
#2261 = CARTESIAN_POINT('',(5.913727174394,23.773018647562));
#2262 = CARTESIAN_POINT('',(5.984642071248,23.738183056965));
#2263 = CARTESIAN_POINT('',(6.057530601448,23.709850732161));
#2264 = CARTESIAN_POINT('',(6.131861215489,23.69005398793));
#2265 = CARTESIAN_POINT('',(6.207210750559,23.68));
#2266 = CARTESIAN_POINT('',(6.28318530718,23.68));
#2267 = ( GEOMETRIC_REPRESENTATION_CONTEXT(2)
PARAMETRIC_REPRESENTATION_CONTEXT() REPRESENTATION_CONTEXT('2D SPACE',''
  ) );
#2268 = PCURVE('',#1029,#2269);
#2269 = DEFINITIONAL_REPRESENTATION('',(#2270),#2383);
#2270 = B_SPLINE_CURVE_WITH_KNOTS('',6,(#2271,#2272,#2273,#2274,#2275,
    #2276,#2277,#2278,#2279,#2280,#2281,#2282,#2283,#2284,#2285,#2286,
    #2287,#2288,#2289,#2290,#2291,#2292,#2293,#2294,#2295,#2296,#2297,
    #2298,#2299,#2300,#2301,#2302,#2303,#2304,#2305,#2306,#2307,#2308,
    #2309,#2310,#2311,#2312,#2313,#2314,#2315,#2316,#2317,#2318,#2319,
    #2320,#2321,#2322,#2323,#2324,#2325,#2326,#2327,#2328,#2329,#2330,
    #2331,#2332,#2333,#2334,#2335,#2336,#2337,#2338,#2339,#2340,#2341,
    #2342,#2343,#2344,#2345,#2346,#2347,#2348,#2349,#2350,#2351,#2352,
    #2353,#2354,#2355,#2356,#2357,#2358,#2359,#2360,#2361,#2362,#2363,
    #2364,#2365,#2366,#2367,#2368,#2369,#2370,#2371,#2372,#2373,#2374,
    #2375,#2376,#2377,#2378,#2379,#2380,#2381,#2382),.UNSPECIFIED.,.T.,
  .F.,(7,5,5,5,5,5,5,5,5,5,5,5,5,5,5,5,5,5,5,5,5,5,7),(0.,
    5.963692912442E-02,8.685281801965E-02,0.121010622579,0.162884072617,
    0.203589786963,0.249398576122,0.295078865444,0.336575926032,
    0.413079875882,0.439547109188,0.475523130053,0.534597826192,
    0.584968772626,0.620614977242,0.662655511427,0.703523650402,
    0.749515226565,0.795377790149,0.837040433009,0.913849650212,
    0.94042249352,1.),.UNSPECIFIED.);
#2271 = CARTESIAN_POINT('',(3.14159265359,22.64));
#2272 = CARTESIAN_POINT('',(3.102121317753,22.64));
#2273 = CARTESIAN_POINT('',(3.062979247076,22.659689709307));
#2274 = CARTESIAN_POINT('',(3.024676561913,22.698452208921));
#2275 = CARTESIAN_POINT('',(2.98771009997,22.754654458876));
#2276 = CARTESIAN_POINT('',(2.952583376493,22.825653600111));
#2277 = CARTESIAN_POINT('',(2.90479965783,22.945023932367));
#2278 = CARTESIAN_POINT('',(2.890241262904,22.984881690446));
#2279 = CARTESIAN_POINT('',(2.876100059117,23.026994340655));
#2280 = CARTESIAN_POINT('',(2.862378102468,23.071178793381));
#2281 = CARTESIAN_POINT('',(2.84907704113,23.117265751996));
#2282 = CARTESIAN_POINT('',(2.820033700905,23.225133432015));
#2283 = CARTESIAN_POINT('',(2.804530587364,23.287931662906));
#2284 = CARTESIAN_POINT('',(2.789681640016,23.353224217832));
#2285 = CARTESIAN_POINT('',(2.77548149198,23.420781159418));
#2286 = CARTESIAN_POINT('',(2.761925830716,23.490412092337));
#2287 = CARTESIAN_POINT('',(2.733178708979,23.649682622673));
#2288 = CARTESIAN_POINT('',(2.718307420336,23.74029988055));
#2289 = CARTESIAN_POINT('',(2.704395919055,23.83351539078));
#2290 = CARTESIAN_POINT('',(2.691448338327,23.929076203455));
#2291 = CARTESIAN_POINT('',(2.679472990324,24.026777786234));
#2292 = CARTESIAN_POINT('',(2.657796136498,24.22336832893));
#2293 = CARTESIAN_POINT('',(2.648040244487,24.322151225567));
#2294 = CARTESIAN_POINT('',(2.63923303703,24.422591211253));
#2295 = CARTESIAN_POINT('',(2.63139384559,24.524486855716));
#2296 = CARTESIAN_POINT('',(2.62454142879,24.627655212973));
#2297 = CARTESIAN_POINT('',(2.612112406531,24.849279808031));
#2298 = CARTESIAN_POINT('',(2.606803672429,24.968026728532));
#2299 = CARTESIAN_POINT('',(2.60279954644,25.087813308666));
#2300 = CARTESIAN_POINT('',(2.600122005446,25.20829279823));
#2301 = CARTESIAN_POINT('',(2.598782656388,25.32912985092));
#2302 = CARTESIAN_POINT('',(2.598782656388,25.570531091999));
#2303 = CARTESIAN_POINT('',(2.600114502327,25.691029526269));
#2304 = CARTESIAN_POINT('',(2.602777055637,25.811173382666));
#2305 = CARTESIAN_POINT('',(2.60675883504,25.930630006645));
#2306 = CARTESIAN_POINT('',(2.6120380948,26.049055494398));
#2307 = CARTESIAN_POINT('',(2.624528362281,26.272414900035));
#2308 = CARTESIAN_POINT('',(2.631517902775,26.377585768518));
#2309 = CARTESIAN_POINT('',(2.639532795246,26.481432777406));
#2310 = CARTESIAN_POINT('',(2.648553191203,26.583762523325));
#2311 = CARTESIAN_POINT('',(2.658558666998,26.684361540494));
#2312 = CARTESIAN_POINT('',(2.689753237859,26.964837379681));
#2313 = CARTESIAN_POINT('',(2.71324117659,27.13986282937));
#2314 = CARTESIAN_POINT('',(2.739925074846,27.307252790287));
#2315 = CARTESIAN_POINT('',(2.769808381289,27.465702862471));
#2316 = CARTESIAN_POINT('',(2.802929993102,27.613160231865));
#2317 = CARTESIAN_POINT('',(2.851950720364,27.792667571561));
#2318 = CARTESIAN_POINT('',(2.864949619434,27.837135463929));
#2319 = CARTESIAN_POINT('',(2.878346148259,27.879785588069));
#2320 = CARTESIAN_POINT('',(2.892138531242,27.920460452141));
#2321 = CARTESIAN_POINT('',(2.906324612641,27.958990530225));
#2322 = CARTESIAN_POINT('',(2.940716652146,28.044403664439));
#2323 = CARTESIAN_POINT('',(2.96128521613,28.089390927942));
#2324 = CARTESIAN_POINT('',(2.982541074099,28.129512780948));
#2325 = CARTESIAN_POINT('',(3.004415834631,28.164201931579));
#2326 = CARTESIAN_POINT('',(3.026839234625,28.192958544677));
#2327 = CARTESIAN_POINT('',(3.087341729871,28.252097425712));
#2328 = CARTESIAN_POINT('',(3.12612989986,28.271572434541));
#2329 = CARTESIAN_POINT('',(3.165358324445,28.271589235764));
#2330 = CARTESIAN_POINT('',(3.204292466967,28.25182683777));
#2331 = CARTESIAN_POINT('',(3.242193689992,28.213668819091));
#2332 = CARTESIAN_POINT('',(3.309124274644,28.114991280516));
#2333 = CARTESIAN_POINT('',(3.338684256942,28.05852706614));
#2334 = CARTESIAN_POINT('',(3.366929388684,27.992405290259));
#2335 = CARTESIAN_POINT('',(3.39379275023,27.917943407967));
#2336 = CARTESIAN_POINT('',(3.41921504099,27.836407920953));
#2337 = CARTESIAN_POINT('',(3.46008511358,27.687207829105));
#2338 = CARTESIAN_POINT('',(3.476306773728,27.622344718196));
#2339 = CARTESIAN_POINT('',(3.491821029352,27.55475692706));
#2340 = CARTESIAN_POINT('',(3.506633915268,27.48470649386));
#2341 = CARTESIAN_POINT('',(3.520750283365,27.412409040703));
#2342 = CARTESIAN_POINT('',(3.550006598201,27.250317377327));
#2343 = CARTESIAN_POINT('',(3.564877886844,27.15970011945));
#2344 = CARTESIAN_POINT('',(3.578789388124,27.06648460922));
#2345 = CARTESIAN_POINT('',(3.591736968852,26.970923796545));
#2346 = CARTESIAN_POINT('',(3.603712316856,26.873222213766));
#2347 = CARTESIAN_POINT('',(3.625389170682,26.67663167107));
#2348 = CARTESIAN_POINT('',(3.635145062692,26.577848774433));
#2349 = CARTESIAN_POINT('',(3.64395227015,26.477408788747));
#2350 = CARTESIAN_POINT('',(3.65179146159,26.375513144284));
#2351 = CARTESIAN_POINT('',(3.658643878389,26.272344787027));
#2352 = CARTESIAN_POINT('',(3.671072900648,26.050720191969));
#2353 = CARTESIAN_POINT('',(3.676381634751,25.931973271468));
#2354 = CARTESIAN_POINT('',(3.68038576074,25.812186691334));
#2355 = CARTESIAN_POINT('',(3.683063301734,25.69170720177));
#2356 = CARTESIAN_POINT('',(3.684402650792,25.57087014908));
#2357 = CARTESIAN_POINT('',(3.684402650792,25.329468908001));
#2358 = CARTESIAN_POINT('',(3.683070804853,25.208970473731));
#2359 = CARTESIAN_POINT('',(3.680408251543,25.088826617334));
#2360 = CARTESIAN_POINT('',(3.67642647214,24.969369993355));
#2361 = CARTESIAN_POINT('',(3.67114721238,24.850944505602));
#2362 = CARTESIAN_POINT('',(3.658656944898,24.627585099965));
#2363 = CARTESIAN_POINT('',(3.651667404404,24.522414231482));
#2364 = CARTESIAN_POINT('',(3.643652511934,24.418567222594));
#2365 = CARTESIAN_POINT('',(3.634632115977,24.316237476675));
#2366 = CARTESIAN_POINT('',(3.624626640181,24.215638459506));
#2367 = CARTESIAN_POINT('',(3.59343206932,23.935162620319));
#2368 = CARTESIAN_POINT('',(3.569944130589,23.76013717063));
#2369 = CARTESIAN_POINT('',(3.543260232334,23.592747209713));
#2370 = CARTESIAN_POINT('',(3.51337692589,23.434297137529));
#2371 = CARTESIAN_POINT('',(3.480255314078,23.286839768135));
#2372 = CARTESIAN_POINT('',(3.431234586815,23.107332428437));
#2373 = CARTESIAN_POINT('',(3.418235687746,23.062864536072));
#2374 = CARTESIAN_POINT('',(3.404839158922,23.020214411933));
#2375 = CARTESIAN_POINT('',(3.391046775937,22.979539547859));
#2376 = CARTESIAN_POINT('',(3.376860694537,22.941009469774));
#2377 = CARTESIAN_POINT('',(3.329600014412,22.823636877954));
#2378 = CARTESIAN_POINT('',(3.294633334164,22.753378667075));
#2379 = CARTESIAN_POINT('',(3.257853884529,22.697790052132));
#2380 = CARTESIAN_POINT('',(3.219758328337,22.659463766075));
#2381 = CARTESIAN_POINT('',(3.180836863903,22.64));
#2382 = CARTESIAN_POINT('',(3.14159265359,22.64));
#2383 = ( GEOMETRIC_REPRESENTATION_CONTEXT(2)
PARAMETRIC_REPRESENTATION_CONTEXT() REPRESENTATION_CONTEXT('2D SPACE',''
  ) );
#2384 = ORIENTED_EDGE('',*,*,#2385,.F.);
#2385 = EDGE_CURVE('',#686,#2036,#2386,.T.);
#2386 = SEAM_CURVE('',#2387,(#2391,#2398),.PCURVE_S1.);
#2387 = LINE('',#2388,#2389);
#2388 = CARTESIAN_POINT('',(-29.12,-6.882515011208E-16,21.64));
#2389 = VECTOR('',#2390,1.);
#2390 = DIRECTION('',(1.,0.,1.110223024625E-16));
#2391 = PCURVE('',#811,#2392);
#2392 = DEFINITIONAL_REPRESENTATION('',(#2393),#2397);
#2393 = LINE('',#2394,#2395);
#2394 = CARTESIAN_POINT('',(6.28318530718,-0.));
#2395 = VECTOR('',#2396,1.);
#2396 = DIRECTION('',(0.,1.));
#2397 = ( GEOMETRIC_REPRESENTATION_CONTEXT(2)
PARAMETRIC_REPRESENTATION_CONTEXT() REPRESENTATION_CONTEXT('2D SPACE',''
  ) );
#2398 = PCURVE('',#811,#2399);
#2399 = DEFINITIONAL_REPRESENTATION('',(#2400),#2404);
#2400 = LINE('',#2401,#2402);
#2401 = CARTESIAN_POINT('',(0.,-0.));
#2402 = VECTOR('',#2403,1.);
#2403 = DIRECTION('',(0.,1.));
#2404 = ( GEOMETRIC_REPRESENTATION_CONTEXT(2)
PARAMETRIC_REPRESENTATION_CONTEXT() REPRESENTATION_CONTEXT('2D SPACE',''
  ) );
#2405 = ORIENTED_EDGE('',*,*,#685,.T.);
#2406 = ORIENTED_EDGE('',*,*,#2385,.T.);
#2407 = ADVANCED_FACE('',(#2408,#2458,#2461,#2464),#1029,.F.);
#2408 = FACE_BOUND('',#2409,.F.);
#2409 = EDGE_LOOP('',(#2410,#2411,#2432,#2433,#2434,#2435,#2456,#2457));
#2410 = ORIENTED_EDGE('',*,*,#1095,.F.);
#2411 = ORIENTED_EDGE('',*,*,#2412,.T.);
#2412 = EDGE_CURVE('',#906,#1317,#2413,.T.);
#2413 = SEAM_CURVE('',#2414,(#2418,#2425),.PCURVE_S1.);
#2414 = LINE('',#2415,#2416);
#2415 = CARTESIAN_POINT('',(5.44,-1.332415717472E-15,-1.));
#2416 = VECTOR('',#2417,1.);
#2417 = DIRECTION('',(0.,0.,1.));
#2418 = PCURVE('',#1029,#2419);
#2419 = DEFINITIONAL_REPRESENTATION('',(#2420),#2424);
#2420 = LINE('',#2421,#2422);
#2421 = CARTESIAN_POINT('',(0.,-0.));
#2422 = VECTOR('',#2423,1.);
#2423 = DIRECTION('',(0.,1.));
#2424 = ( GEOMETRIC_REPRESENTATION_CONTEXT(2)
PARAMETRIC_REPRESENTATION_CONTEXT() REPRESENTATION_CONTEXT('2D SPACE',''
  ) );
#2425 = PCURVE('',#1029,#2426);
#2426 = DEFINITIONAL_REPRESENTATION('',(#2427),#2431);
#2427 = LINE('',#2428,#2429);
#2428 = CARTESIAN_POINT('',(6.28318530718,-0.));
#2429 = VECTOR('',#2430,1.);
#2430 = DIRECTION('',(0.,1.));
#2431 = ( GEOMETRIC_REPRESENTATION_CONTEXT(2)
PARAMETRIC_REPRESENTATION_CONTEXT() REPRESENTATION_CONTEXT('2D SPACE',''
  ) );
#2432 = ORIENTED_EDGE('',*,*,#1316,.F.);
#2433 = ORIENTED_EDGE('',*,*,#2412,.F.);
#2434 = ORIENTED_EDGE('',*,*,#905,.F.);
#2435 = ORIENTED_EDGE('',*,*,#2436,.F.);
#2436 = EDGE_CURVE('',#1287,#883,#2437,.T.);
#2437 = SEAM_CURVE('',#2438,(#2442,#2449),.PCURVE_S1.);
#2438 = LINE('',#2439,#2440);
#2439 = CARTESIAN_POINT('',(5.44,-1.332415717472E-15,-1.));
#2440 = VECTOR('',#2441,1.);
#2441 = DIRECTION('',(0.,0.,1.));
#2442 = PCURVE('',#1029,#2443);
#2443 = DEFINITIONAL_REPRESENTATION('',(#2444),#2448);
#2444 = LINE('',#2445,#2446);
#2445 = CARTESIAN_POINT('',(6.28318530718,-0.));
#2446 = VECTOR('',#2447,1.);
#2447 = DIRECTION('',(0.,1.));
#2448 = ( GEOMETRIC_REPRESENTATION_CONTEXT(2)
PARAMETRIC_REPRESENTATION_CONTEXT() REPRESENTATION_CONTEXT('2D SPACE',''
  ) );
#2449 = PCURVE('',#1029,#2450);
#2450 = DEFINITIONAL_REPRESENTATION('',(#2451),#2455);
#2451 = LINE('',#2452,#2453);
#2452 = CARTESIAN_POINT('',(0.,-0.));
#2453 = VECTOR('',#2454,1.);
#2454 = DIRECTION('',(0.,1.));
#2455 = ( GEOMETRIC_REPRESENTATION_CONTEXT(2)
PARAMETRIC_REPRESENTATION_CONTEXT() REPRESENTATION_CONTEXT('2D SPACE',''
  ) );
#2456 = ORIENTED_EDGE('',*,*,#1286,.T.);
#2457 = ORIENTED_EDGE('',*,*,#2436,.T.);
#2458 = FACE_BOUND('',#2459,.F.);
#2459 = EDGE_LOOP('',(#2460));
#2460 = ORIENTED_EDGE('',*,*,#1367,.F.);
#2461 = FACE_BOUND('',#2462,.F.);
#2462 = EDGE_LOOP('',(#2463));
#2463 = ORIENTED_EDGE('',*,*,#1689,.T.);
#2464 = FACE_BOUND('',#2465,.F.);
#2465 = EDGE_LOOP('',(#2466));
#2466 = ORIENTED_EDGE('',*,*,#2035,.T.);
#2467 = ( GEOMETRIC_REPRESENTATION_CONTEXT(3)
GLOBAL_UNCERTAINTY_ASSIGNED_CONTEXT((#2471))
GLOBAL_UNIT_ASSIGNED_CONTEXT((#2468,#2469,#2470)) REPRESENTATION_CONTEXT
('Context #1','3D Context with UNIT and UNCERTAINTY') );
#2468 = ( LENGTH_UNIT() NAMED_UNIT(*) SI_UNIT(.MILLI.,.METRE.) );
#2469 = ( NAMED_UNIT(*) PLANE_ANGLE_UNIT() SI_UNIT($,.RADIAN.) );
#2470 = ( NAMED_UNIT(*) SI_UNIT($,.STERADIAN.) SOLID_ANGLE_UNIT() );
#2471 = UNCERTAINTY_MEASURE_WITH_UNIT(LENGTH_MEASURE(1.E-07),#2468,
  'distance_accuracy_value','confusion accuracy');
#2472 = PRODUCT_RELATED_PRODUCT_CATEGORY('part',$,(#7));
ENDSEC;
END-ISO-10303-21;
