ISO-10303-21;
HEADER;
FILE_DESCRIPTION(('Open CASCADE Model'),'2;1');
FILE_NAME('Open CASCADE Shape Model','2026-08-16T11:52:59',('Author'),(
    'Open CASCADE'),'Open CASCADE STEP processor 7.9','Open CASCADE 7.9'
  ,'Unknown');
FILE_SCHEMA(('AUTOMOTIVE_DESIGN { 1 0 10303 214 1 1 1 1 }'));
ENDSEC;
DATA;
#1 = APPLICATION_PROTOCOL_DEFINITION('international standard',
  'automotive_design',2000,#2);
#2 = APPLICATION_CONTEXT(
  'core data for automotive mechanical design processes');
#3 = SHAPE_DEFINITION_REPRESENTATION(#4,#10);
#4 = PRODUCT_DEFINITION_SHAPE('','',#5);
#5 = PRODUCT_DEFINITION('design','',#6,#9);
#6 = PRODUCT_DEFINITION_FORMATION('','',#7);
#7 = PRODUCT('Open CASCADE STEP translator 7.9 1',
  'Open CASCADE STEP translator 7.9 1','',(#8));
#8 = PRODUCT_CONTEXT('',#2,'mechanical');
#9 = PRODUCT_DEFINITION_CONTEXT('part definition',#2,'design');
#10 = ADVANCED_BREP_SHAPE_REPRESENTATION('',(#11,#15),#14095);
#11 = AXIS2_PLACEMENT_3D('',#12,#13,#14);
#12 = CARTESIAN_POINT('',(0.,0.,0.));
#13 = DIRECTION('',(0.,0.,1.));
#14 = DIRECTION('',(1.,0.,-0.));
#15 = MANIFOLD_SOLID_BREP('',#16);
#16 = CLOSED_SHELL('',(#17,#105,#140,#175,#957,#1696,#1773,#1820,#1986,
    #2035,#2085,#2112,#2139,#2174,#2201,#4309,#4317,#4324,#4379,#4436,
    #4519,#4597,#4630,#4663,#4741,#4819,#4852,#4885,#4963,#5041,#5074,
    #5107,#5185,#5263,#5296,#5329,#5407,#5485,#5518,#5551,#5629,#5707,
    #5740,#5773,#5851,#5929,#5962,#5995,#6073,#6151,#6184,#6217,#6295,
    #6373,#6406,#6556,#6706,#6856,#7006,#7156,#7301,#7451,#7596,#7740,
    #7817,#9385,#9466,#9520,#9569,#9650,#9699,#9748,#9829,#9878,#9927,
    #10008,#10057,#10106,#10187,#10236,#10285,#10366,#10415,#10464,
    #10545,#10594,#10643,#10724,#10773,#10822,#10903,#10952,#11001,
    #11082,#11131,#11180,#11261,#11310,#11359,#11440,#11489,#11538,
    #11619,#11668,#11717,#11798,#11847,#11896,#11977,#12026,#12075,
    #12156,#12205,#12254,#12335,#12384,#12433,#12504,#12531,#12555,
    #12628,#12651,#12682,#12705,#12758,#12782,#12833,#12858,#12909,
    #12915,#12938,#12949,#12954,#12981,#13033,#13061,#13089,#13117,
    #13145,#13173,#13201,#13229,#13257,#13285,#13313,#13341,#13369,
    #13397,#13425,#13453,#13481,#13509,#13536,#13543,#13551,#13578,
    #13585,#13612,#13619,#13646,#13653,#13680,#13687,#13714,#13721,
    #13748,#13755,#13782,#13789,#13816,#13823,#13850,#13857,#13884,
    #13891,#13918,#13925,#13952,#13959,#13986,#13993,#14020,#14027,
    #14054,#14061,#14088));
#17 = ADVANCED_FACE('',(#18),#32,.T.);
#18 = FACE_BOUND('',#19,.T.);
#19 = EDGE_LOOP('',(#20,#50,#77,#78));
#20 = ORIENTED_EDGE('',*,*,#21,.T.);
#21 = EDGE_CURVE('',#22,#24,#26,.T.);
#22 = VERTEX_POINT('',#23);
#23 = CARTESIAN_POINT('',(9.,-2.204364238465E-15,57.5));
#24 = VERTEX_POINT('',#25);
#25 = CARTESIAN_POINT('',(9.,-2.204364238465E-15,76.5));
#26 = SEAM_CURVE('',#27,(#31,#43),.PCURVE_S1.);
#27 = LINE('',#28,#29);
#28 = CARTESIAN_POINT('',(9.,-2.204364238465E-15,57.));
#29 = VECTOR('',#30,1.);
#30 = DIRECTION('',(0.,0.,1.));
#31 = PCURVE('',#32,#37);
#32 = CYLINDRICAL_SURFACE('',#33,9.);
#33 = AXIS2_PLACEMENT_3D('',#34,#35,#36);
#34 = CARTESIAN_POINT('',(0.,0.,57.));
#35 = DIRECTION('',(0.,0.,1.));
#36 = DIRECTION('',(1.,0.,-0.));
#37 = DEFINITIONAL_REPRESENTATION('',(#38),#42);
#38 = LINE('',#39,#40);
#39 = CARTESIAN_POINT('',(6.28318530718,-0.));
#40 = VECTOR('',#41,1.);
#41 = DIRECTION('',(0.,1.));
#42 = ( GEOMETRIC_REPRESENTATION_CONTEXT(2)
PARAMETRIC_REPRESENTATION_CONTEXT() REPRESENTATION_CONTEXT('2D SPACE',''
  ) );
#43 = PCURVE('',#32,#44);
#44 = DEFINITIONAL_REPRESENTATION('',(#45),#49);
#45 = LINE('',#46,#47);
#46 = CARTESIAN_POINT('',(0.,-0.));
#47 = VECTOR('',#48,1.);
#48 = DIRECTION('',(0.,1.));
#49 = ( GEOMETRIC_REPRESENTATION_CONTEXT(2)
PARAMETRIC_REPRESENTATION_CONTEXT() REPRESENTATION_CONTEXT('2D SPACE',''
  ) );
#50 = ORIENTED_EDGE('',*,*,#51,.F.);
#51 = EDGE_CURVE('',#24,#24,#52,.T.);
#52 = SURFACE_CURVE('',#53,(#58,#65),.PCURVE_S1.);
#53 = CIRCLE('',#54,9.);
#54 = AXIS2_PLACEMENT_3D('',#55,#56,#57);
#55 = CARTESIAN_POINT('',(0.,0.,76.5));
#56 = DIRECTION('',(0.,0.,1.));
#57 = DIRECTION('',(1.,0.,-0.));
#58 = PCURVE('',#32,#59);
#59 = DEFINITIONAL_REPRESENTATION('',(#60),#64);
#60 = LINE('',#61,#62);
#61 = CARTESIAN_POINT('',(0.,19.5));
#62 = VECTOR('',#63,1.);
#63 = DIRECTION('',(1.,0.));
#64 = ( GEOMETRIC_REPRESENTATION_CONTEXT(2)
PARAMETRIC_REPRESENTATION_CONTEXT() REPRESENTATION_CONTEXT('2D SPACE',''
  ) );
#65 = PCURVE('',#66,#71);
#66 = PLANE('',#67);
#67 = AXIS2_PLACEMENT_3D('',#68,#69,#70);
#68 = CARTESIAN_POINT('',(0.,0.,76.5));
#69 = DIRECTION('',(0.,0.,1.));
#70 = DIRECTION('',(1.,0.,-0.));
#71 = DEFINITIONAL_REPRESENTATION('',(#72),#76);
#72 = CIRCLE('',#73,9.);
#73 = AXIS2_PLACEMENT_2D('',#74,#75);
#74 = CARTESIAN_POINT('',(0.,0.));
#75 = DIRECTION('',(1.,0.));
#76 = ( GEOMETRIC_REPRESENTATION_CONTEXT(2)
PARAMETRIC_REPRESENTATION_CONTEXT() REPRESENTATION_CONTEXT('2D SPACE',''
  ) );
#77 = ORIENTED_EDGE('',*,*,#21,.F.);
#78 = ORIENTED_EDGE('',*,*,#79,.T.);
#79 = EDGE_CURVE('',#22,#22,#80,.T.);
#80 = SURFACE_CURVE('',#81,(#86,#93),.PCURVE_S1.);
#81 = CIRCLE('',#82,9.);
#82 = AXIS2_PLACEMENT_3D('',#83,#84,#85);
#83 = CARTESIAN_POINT('',(0.,0.,57.5));
#84 = DIRECTION('',(0.,0.,1.));
#85 = DIRECTION('',(1.,0.,-0.));
#86 = PCURVE('',#32,#87);
#87 = DEFINITIONAL_REPRESENTATION('',(#88),#92);
#88 = LINE('',#89,#90);
#89 = CARTESIAN_POINT('',(0.,0.5));
#90 = VECTOR('',#91,1.);
#91 = DIRECTION('',(1.,0.));
#92 = ( GEOMETRIC_REPRESENTATION_CONTEXT(2)
PARAMETRIC_REPRESENTATION_CONTEXT() REPRESENTATION_CONTEXT('2D SPACE',''
  ) );
#93 = PCURVE('',#94,#99);
#94 = PLANE('',#95);
#95 = AXIS2_PLACEMENT_3D('',#96,#97,#98);
#96 = CARTESIAN_POINT('',(0.,0.,57.5));
#97 = DIRECTION('',(0.,0.,1.));
#98 = DIRECTION('',(1.,0.,-0.));
#99 = DEFINITIONAL_REPRESENTATION('',(#100),#104);
#100 = CIRCLE('',#101,9.);
#101 = AXIS2_PLACEMENT_2D('',#102,#103);
#102 = CARTESIAN_POINT('',(0.,0.));
#103 = DIRECTION('',(1.,0.));
#104 = ( GEOMETRIC_REPRESENTATION_CONTEXT(2)
PARAMETRIC_REPRESENTATION_CONTEXT() REPRESENTATION_CONTEXT('2D SPACE',''
  ) );
#105 = ADVANCED_FACE('',(#106,#137),#94,.T.);
#106 = FACE_BOUND('',#107,.T.);
#107 = EDGE_LOOP('',(#108));
#108 = ORIENTED_EDGE('',*,*,#109,.T.);
#109 = EDGE_CURVE('',#110,#110,#112,.T.);
#110 = VERTEX_POINT('',#111);
#111 = CARTESIAN_POINT('',(12.,-2.939152317954E-15,57.5));
#112 = SURFACE_CURVE('',#113,(#118,#125),.PCURVE_S1.);
#113 = CIRCLE('',#114,12.);
#114 = AXIS2_PLACEMENT_3D('',#115,#116,#117);
#115 = CARTESIAN_POINT('',(0.,0.,57.5));
#116 = DIRECTION('',(0.,0.,1.));
#117 = DIRECTION('',(1.,0.,-0.));
#118 = PCURVE('',#94,#119);
#119 = DEFINITIONAL_REPRESENTATION('',(#120),#124);
#120 = CIRCLE('',#121,12.);
#121 = AXIS2_PLACEMENT_2D('',#122,#123);
#122 = CARTESIAN_POINT('',(0.,0.));
#123 = DIRECTION('',(1.,0.));
#124 = ( GEOMETRIC_REPRESENTATION_CONTEXT(2)
PARAMETRIC_REPRESENTATION_CONTEXT() REPRESENTATION_CONTEXT('2D SPACE',''
  ) );
#125 = PCURVE('',#126,#131);
#126 = CYLINDRICAL_SURFACE('',#127,12.);
#127 = AXIS2_PLACEMENT_3D('',#128,#129,#130);
#128 = CARTESIAN_POINT('',(0.,0.,27.5));
#129 = DIRECTION('',(0.,0.,1.));
#130 = DIRECTION('',(1.,0.,-0.));
#131 = DEFINITIONAL_REPRESENTATION('',(#132),#136);
#132 = LINE('',#133,#134);
#133 = CARTESIAN_POINT('',(0.,30.));
#134 = VECTOR('',#135,1.);
#135 = DIRECTION('',(1.,0.));
#136 = ( GEOMETRIC_REPRESENTATION_CONTEXT(2)
PARAMETRIC_REPRESENTATION_CONTEXT() REPRESENTATION_CONTEXT('2D SPACE',''
  ) );
#137 = FACE_BOUND('',#138,.T.);
#138 = EDGE_LOOP('',(#139));
#139 = ORIENTED_EDGE('',*,*,#79,.F.);
#140 = ADVANCED_FACE('',(#141,#144),#66,.T.);
#141 = FACE_BOUND('',#142,.T.);
#142 = EDGE_LOOP('',(#143));
#143 = ORIENTED_EDGE('',*,*,#51,.T.);
#144 = FACE_BOUND('',#145,.T.);
#145 = EDGE_LOOP('',(#146));
#146 = ORIENTED_EDGE('',*,*,#147,.F.);
#147 = EDGE_CURVE('',#148,#148,#150,.T.);
#148 = VERTEX_POINT('',#149);
#149 = CARTESIAN_POINT('',(4.95,-1.212400331156E-15,76.5));
#150 = SURFACE_CURVE('',#151,(#156,#163),.PCURVE_S1.);
#151 = CIRCLE('',#152,4.95);
#152 = AXIS2_PLACEMENT_3D('',#153,#154,#155);
#153 = CARTESIAN_POINT('',(0.,0.,76.5));
#154 = DIRECTION('',(0.,0.,1.));
#155 = DIRECTION('',(1.,0.,-0.));
#156 = PCURVE('',#66,#157);
#157 = DEFINITIONAL_REPRESENTATION('',(#158),#162);
#158 = CIRCLE('',#159,4.95);
#159 = AXIS2_PLACEMENT_2D('',#160,#161);
#160 = CARTESIAN_POINT('',(0.,0.));
#161 = DIRECTION('',(1.,0.));
#162 = ( GEOMETRIC_REPRESENTATION_CONTEXT(2)
PARAMETRIC_REPRESENTATION_CONTEXT() REPRESENTATION_CONTEXT('2D SPACE',''
  ) );
#163 = PCURVE('',#164,#169);
#164 = CYLINDRICAL_SURFACE('',#165,4.95);
#165 = AXIS2_PLACEMENT_3D('',#166,#167,#168);
#166 = CARTESIAN_POINT('',(0.,0.,-1.));
#167 = DIRECTION('',(0.,0.,1.));
#168 = DIRECTION('',(1.,0.,-0.));
#169 = DEFINITIONAL_REPRESENTATION('',(#170),#174);
#170 = LINE('',#171,#172);
#171 = CARTESIAN_POINT('',(0.,77.5));
#172 = VECTOR('',#173,1.);
#173 = DIRECTION('',(1.,0.));
#174 = ( GEOMETRIC_REPRESENTATION_CONTEXT(2)
PARAMETRIC_REPRESENTATION_CONTEXT() REPRESENTATION_CONTEXT('2D SPACE',''
  ) );
#175 = ADVANCED_FACE('',(#176,#720),#126,.T.);
#176 = FACE_BOUND('',#177,.T.);
#177 = EDGE_LOOP('',(#178,#203,#230,#231,#260,#286,#416,#442,#471,#492,
    #493,#494,#518,#544,#672,#698));
#178 = ORIENTED_EDGE('',*,*,#179,.F.);
#179 = EDGE_CURVE('',#180,#182,#184,.T.);
#180 = VERTEX_POINT('',#181);
#181 = CARTESIAN_POINT('',(12.,-2.939152317954E-15,28.));
#182 = VERTEX_POINT('',#183);
#183 = CARTESIAN_POINT('',(12.,-2.939152317954E-15,29.5));
#184 = SEAM_CURVE('',#185,(#189,#196),.PCURVE_S1.);
#185 = LINE('',#186,#187);
#186 = CARTESIAN_POINT('',(12.,-2.939152317954E-15,27.5));
#187 = VECTOR('',#188,1.);
#188 = DIRECTION('',(0.,0.,1.));
#189 = PCURVE('',#126,#190);
#190 = DEFINITIONAL_REPRESENTATION('',(#191),#195);
#191 = LINE('',#192,#193);
#192 = CARTESIAN_POINT('',(0.,-0.));
#193 = VECTOR('',#194,1.);
#194 = DIRECTION('',(0.,1.));
#195 = ( GEOMETRIC_REPRESENTATION_CONTEXT(2)
PARAMETRIC_REPRESENTATION_CONTEXT() REPRESENTATION_CONTEXT('2D SPACE',''
  ) );
#196 = PCURVE('',#126,#197);
#197 = DEFINITIONAL_REPRESENTATION('',(#198),#202);
#198 = LINE('',#199,#200);
#199 = CARTESIAN_POINT('',(6.28318530718,-0.));
#200 = VECTOR('',#201,1.);
#201 = DIRECTION('',(0.,1.));
#202 = ( GEOMETRIC_REPRESENTATION_CONTEXT(2)
PARAMETRIC_REPRESENTATION_CONTEXT() REPRESENTATION_CONTEXT('2D SPACE',''
  ) );
#203 = ORIENTED_EDGE('',*,*,#204,.T.);
#204 = EDGE_CURVE('',#180,#180,#205,.T.);
#205 = SURFACE_CURVE('',#206,(#211,#218),.PCURVE_S1.);
#206 = CIRCLE('',#207,12.);
#207 = AXIS2_PLACEMENT_3D('',#208,#209,#210);
#208 = CARTESIAN_POINT('',(0.,0.,28.));
#209 = DIRECTION('',(0.,0.,1.));
#210 = DIRECTION('',(1.,0.,-0.));
#211 = PCURVE('',#126,#212);
#212 = DEFINITIONAL_REPRESENTATION('',(#213),#217);
#213 = LINE('',#214,#215);
#214 = CARTESIAN_POINT('',(0.,0.5));
#215 = VECTOR('',#216,1.);
#216 = DIRECTION('',(1.,0.));
#217 = ( GEOMETRIC_REPRESENTATION_CONTEXT(2)
PARAMETRIC_REPRESENTATION_CONTEXT() REPRESENTATION_CONTEXT('2D SPACE',''
  ) );
#218 = PCURVE('',#219,#224);
#219 = PLANE('',#220);
#220 = AXIS2_PLACEMENT_3D('',#221,#222,#223);
#221 = CARTESIAN_POINT('',(0.,0.,28.));
#222 = DIRECTION('',(0.,0.,1.));
#223 = DIRECTION('',(1.,0.,-0.));
#224 = DEFINITIONAL_REPRESENTATION('',(#225),#229);
#225 = CIRCLE('',#226,12.);
#226 = AXIS2_PLACEMENT_2D('',#227,#228);
#227 = CARTESIAN_POINT('',(0.,0.));
#228 = DIRECTION('',(1.,0.));
#229 = ( GEOMETRIC_REPRESENTATION_CONTEXT(2)
PARAMETRIC_REPRESENTATION_CONTEXT() REPRESENTATION_CONTEXT('2D SPACE',''
  ) );
#230 = ORIENTED_EDGE('',*,*,#179,.T.);
#231 = ORIENTED_EDGE('',*,*,#232,.F.);
#232 = EDGE_CURVE('',#233,#182,#235,.T.);
#233 = VERTEX_POINT('',#234);
#234 = CARTESIAN_POINT('',(11.787175234126,-2.25,29.5));
#235 = SURFACE_CURVE('',#236,(#241,#248),.PCURVE_S1.);
#236 = CIRCLE('',#237,12.);
#237 = AXIS2_PLACEMENT_3D('',#238,#239,#240);
#238 = CARTESIAN_POINT('',(0.,0.,29.5));
#239 = DIRECTION('',(0.,0.,1.));
#240 = DIRECTION('',(1.,0.,-0.));
#241 = PCURVE('',#126,#242);
#242 = DEFINITIONAL_REPRESENTATION('',(#243),#247);
#243 = LINE('',#244,#245);
#244 = CARTESIAN_POINT('',(0.,2.));
#245 = VECTOR('',#246,1.);
#246 = DIRECTION('',(1.,0.));
#247 = ( GEOMETRIC_REPRESENTATION_CONTEXT(2)
PARAMETRIC_REPRESENTATION_CONTEXT() REPRESENTATION_CONTEXT('2D SPACE',''
  ) );
#248 = PCURVE('',#249,#254);
#249 = PLANE('',#250);
#250 = AXIS2_PLACEMENT_3D('',#251,#252,#253);
#251 = CARTESIAN_POINT('',(9.75,-2.25,29.5));
#252 = DIRECTION('',(0.,0.,1.));
#253 = DIRECTION('',(1.,0.,-0.));
#254 = DEFINITIONAL_REPRESENTATION('',(#255),#259);
#255 = CIRCLE('',#256,12.);
#256 = AXIS2_PLACEMENT_2D('',#257,#258);
#257 = CARTESIAN_POINT('',(-9.75,2.25));
#258 = DIRECTION('',(1.,0.));
#259 = ( GEOMETRIC_REPRESENTATION_CONTEXT(2)
PARAMETRIC_REPRESENTATION_CONTEXT() REPRESENTATION_CONTEXT('2D SPACE',''
  ) );
#260 = ORIENTED_EDGE('',*,*,#261,.T.);
#261 = EDGE_CURVE('',#233,#262,#264,.T.);
#262 = VERTEX_POINT('',#263);
#263 = CARTESIAN_POINT('',(11.787175234126,-2.25,46.938542158635));
#264 = SURFACE_CURVE('',#265,(#269,#275),.PCURVE_S1.);
#265 = LINE('',#266,#267);
#266 = CARTESIAN_POINT('',(11.787175234126,-2.25,27.5));
#267 = VECTOR('',#268,1.);
#268 = DIRECTION('',(0.,0.,1.));
#269 = PCURVE('',#126,#270);
#270 = DEFINITIONAL_REPRESENTATION('',(#271),#274);
#271 = B_SPLINE_CURVE_WITH_KNOTS('',1,(#272,#273),.UNSPECIFIED.,.F.,.F.,
  (2,2),(0.4999994,30.0000006),.PIECEWISE_BEZIER_KNOTS.);
#272 = CARTESIAN_POINT('',(6.094568921004,0.4999994));
#273 = CARTESIAN_POINT('',(6.094568921004,30.0000006));
#274 = ( GEOMETRIC_REPRESENTATION_CONTEXT(2)
PARAMETRIC_REPRESENTATION_CONTEXT() REPRESENTATION_CONTEXT('2D SPACE',''
  ) );
#275 = PCURVE('',#276,#281);
#276 = PLANE('',#277);
#277 = AXIS2_PLACEMENT_3D('',#278,#279,#280);
#278 = CARTESIAN_POINT('',(9.75,-2.25,29.5));
#279 = DIRECTION('',(-0.,1.,0.));
#280 = DIRECTION('',(0.,0.,1.));
#281 = DEFINITIONAL_REPRESENTATION('',(#282),#285);
#282 = B_SPLINE_CURVE_WITH_KNOTS('',1,(#283,#284),.UNSPECIFIED.,.F.,.F.,
  (2,2),(0.4999994,30.0000006),.PIECEWISE_BEZIER_KNOTS.);
#283 = CARTESIAN_POINT('',(-1.5000006,2.037175234126));
#284 = CARTESIAN_POINT('',(28.0000006,2.037175234126));
#285 = ( GEOMETRIC_REPRESENTATION_CONTEXT(2)
PARAMETRIC_REPRESENTATION_CONTEXT() REPRESENTATION_CONTEXT('2D SPACE',''
  ) );
#286 = ORIENTED_EDGE('',*,*,#287,.F.);
#287 = EDGE_CURVE('',#288,#262,#290,.T.);
#288 = VERTEX_POINT('',#289);
#289 = CARTESIAN_POINT('',(11.787175234126,-2.25,51.261457841365));
#290 = SURFACE_CURVE('',#291,(#329,#370),.PCURVE_S1.);
#291 = B_SPLINE_CURVE_WITH_KNOTS('',8,(#292,#293,#294,#295,#296,#297,
    #298,#299,#300,#301,#302,#303,#304,#305,#306,#307,#308,#309,#310,
    #311,#312,#313,#314,#315,#316,#317,#318,#319,#320,#321,#322,#323,
    #324,#325,#326,#327,#328),.UNSPECIFIED.,.F.,.F.,(9,7,7,7,7,9),(0.,
    0.146879433311,0.346223125433,0.502238259492,0.711208679622,1.),
  .UNSPECIFIED.);
#292 = CARTESIAN_POINT('',(12.,-8.881784197001E-16,52.22));
#293 = CARTESIAN_POINT('',(12.,-0.217459512175,52.22));
#294 = CARTESIAN_POINT('',(11.995496675449,-0.433337806759,
    52.202677941161));
#295 = CARTESIAN_POINT('',(11.986603046908,-0.645473240765,
    52.168475592041));
#296 = CARTESIAN_POINT('',(11.973676348295,-0.851776585461,
    52.118253565219));
#297 = CARTESIAN_POINT('',(11.957290513748,-1.050291104293,
    52.053283069557));
#298 = CARTESIAN_POINT('',(11.938186200552,-1.239251898888,
    51.975243021122));
#299 = CARTESIAN_POINT('',(11.917198348123,-1.417144523137,
    51.886222512757));
#300 = CARTESIAN_POINT('',(11.86525271603,-1.807538867541,
    51.656410674759));
#301 = CARTESIAN_POINT('',(11.833104735514,-2.012017014903,
    51.507124155294));
#302 = CARTESIAN_POINT('',(11.800205589497,-2.196376218546,
    51.344209436979));
#303 = CARTESIAN_POINT('',(11.767810938186,-2.361075081655,
    51.170347461753));
#304 = CARTESIAN_POINT('',(11.736925276141,-2.506704207166,
    50.987694715649));
#305 = CARTESIAN_POINT('',(11.708330741225,-2.633881778014,
    50.797983828746));
#306 = CARTESIAN_POINT('',(11.682632923902,-2.743178638879,
    50.602598078609));
#307 = CARTESIAN_POINT('',(11.642809329339,-2.906968801672,
    50.24612272805));
#308 = CARTESIAN_POINT('',(11.627379347449,-2.968222895158,
    50.086782170938));
#309 = CARTESIAN_POINT('',(11.614232921907,-3.019009053414,
    49.925187307702));
#310 = CARTESIAN_POINT('',(11.603546047121,-3.059481071959,
    49.761853380385));
#311 = CARTESIAN_POINT('',(11.595446600684,-3.089757070388,
    49.597245546793));
#312 = CARTESIAN_POINT('',(11.590018333822,-3.109917076298,
    49.431794246749));
#313 = CARTESIAN_POINT('',(11.58730339639,-3.12,49.265910337744));
#314 = CARTESIAN_POINT('',(11.58730339639,-3.12,48.877775706239));
#315 = CARTESIAN_POINT('',(11.592174171383,-3.101910974306,
    48.65567257447));
#316 = CARTESIAN_POINT('',(11.601906200319,-3.065766213622,
    48.434617382896));
#317 = CARTESIAN_POINT('',(11.61636514689,-3.011438351103,48.21556995866
    ));
#318 = CARTESIAN_POINT('',(11.63528579418,-2.938656179121,
    47.999573883081));
#319 = CARTESIAN_POINT('',(11.658256579087,-2.847023065469,
    47.787822769908));
#320 = CARTESIAN_POINT('',(11.684694726522,-2.736036969013,
    47.581742116573));
#321 = CARTESIAN_POINT('',(11.754051224173,-2.424177457321,
    47.108550496021));
#322 = CARTESIAN_POINT('',(11.800620282631,-2.199710167152,46.839922431)
  );
#323 = CARTESIAN_POINT('',(11.851176457761,-1.929748352829,
    46.588798245431));
#324 = CARTESIAN_POINT('',(11.901743120653,-1.61493152698,
    46.366464538374));
#325 = CARTESIAN_POINT('',(11.947001805947,-1.258258229548,
    46.183844216784));
#326 = CARTESIAN_POINT('',(11.981396507747,-0.864852624375,
    46.051550938848));
#327 = CARTESIAN_POINT('',(12.,-0.441967380102,45.98));
#328 = CARTESIAN_POINT('',(12.,-1.7763568394E-15,45.98));
#329 = PCURVE('',#126,#330);
#330 = DEFINITIONAL_REPRESENTATION('',(#331),#369);
#331 = B_SPLINE_CURVE_WITH_KNOTS('',8,(#332,#333,#334,#335,#336,#337,
    #338,#339,#340,#341,#342,#343,#344,#345,#346,#347,#348,#349,#350,
    #351,#352,#353,#354,#355,#356,#357,#358,#359,#360,#361,#362,#363,
    #364,#365,#366,#367,#368),.UNSPECIFIED.,.F.,.F.,(9,7,7,7,7,9),(0.,
    0.146879433311,0.346223125433,0.502238259492,0.711208679622,1.),
  .UNSPECIFIED.);
#332 = CARTESIAN_POINT('',(6.28318530718,24.72));
#333 = CARTESIAN_POINT('',(6.265063681165,24.72));
#334 = CARTESIAN_POINT('',(6.247073811315,24.702677941161));
#335 = CARTESIAN_POINT('',(6.229386825358,24.668475592041));
#336 = CARTESIAN_POINT('',(6.212168195685,24.618253565219));
#337 = CARTESIAN_POINT('',(6.195574914788,24.553283069557));
#338 = CARTESIAN_POINT('',(6.179751683934,24.475243021122));
#339 = CARTESIAN_POINT('',(6.164826115067,24.386222512757));
#340 = CARTESIAN_POINT('',(6.132006522676,24.156410674759));
#341 = CARTESIAN_POINT('',(6.114762198092,24.007124155294));
#342 = CARTESIAN_POINT('',(6.099161250157,23.844209436979));
#343 = CARTESIAN_POINT('',(6.085176923613,23.670347461753));
#344 = CARTESIAN_POINT('',(6.072773210463,23.487694715649));
#345 = CARTESIAN_POINT('',(6.061911400166,23.297983828746));
#346 = CARTESIAN_POINT('',(6.052555228634,23.102598078609));
#347 = CARTESIAN_POINT('',(6.038508398201,22.74612272805));
#348 = CARTESIAN_POINT('',(6.033244608535,22.586782170938));
#349 = CARTESIAN_POINT('',(6.02887305593,22.425187307702));
#350 = CARTESIAN_POINT('',(6.025384827963,22.261853380385));
#351 = CARTESIAN_POINT('',(6.022773108988,22.097245546793));
#352 = CARTESIAN_POINT('',(6.021033274975,21.931794246749));
#353 = CARTESIAN_POINT('',(6.020163104271,21.765910337744));
#354 = CARTESIAN_POINT('',(6.020163104271,21.377775706239));
#355 = CARTESIAN_POINT('',(6.021724220569,21.15567257447));
#356 = CARTESIAN_POINT('',(6.024843540406,20.934617382896));
#357 = CARTESIAN_POINT('',(6.029528444442,20.71556995866));
#358 = CARTESIAN_POINT('',(6.035794999402,20.499573883081));
#359 = CARTESIAN_POINT('',(6.04366665123,20.287822769908));
#360 = CARTESIAN_POINT('',(6.053173218747,20.081742116573));
#361 = CARTESIAN_POINT('',(6.07979644884,19.608550496021));
#362 = CARTESIAN_POINT('',(6.098898427056,19.339922431));
#363 = CARTESIAN_POINT('',(6.121778960524,19.088798245431));
#364 = CARTESIAN_POINT('',(6.148330823798,18.866464538374));
#365 = CARTESIAN_POINT('',(6.178254309783,18.683844216784));
#366 = CARTESIAN_POINT('',(6.211114257319,18.551550938848));
#367 = CARTESIAN_POINT('',(6.246354692171,18.48));
#368 = CARTESIAN_POINT('',(6.28318530718,18.48));
#369 = ( GEOMETRIC_REPRESENTATION_CONTEXT(2)
PARAMETRIC_REPRESENTATION_CONTEXT() REPRESENTATION_CONTEXT('2D SPACE',''
  ) );
#370 = PCURVE('',#371,#376);
#371 = CYLINDRICAL_SURFACE('',#372,3.12);
#372 = AXIS2_PLACEMENT_3D('',#373,#374,#375);
#373 = CARTESIAN_POINT('',(-13.,0.,49.1));
#374 = DIRECTION('',(1.,0.,1.110223024625E-16));
#375 = DIRECTION('',(1.110223024625E-16,0.,-1.));
#376 = DEFINITIONAL_REPRESENTATION('',(#377),#415);
#377 = B_SPLINE_CURVE_WITH_KNOTS('',8,(#378,#379,#380,#381,#382,#383,
    #384,#385,#386,#387,#388,#389,#390,#391,#392,#393,#394,#395,#396,
    #397,#398,#399,#400,#401,#402,#403,#404,#405,#406,#407,#408,#409,
    #410,#411,#412,#413,#414),.UNSPECIFIED.,.F.,.F.,(9,7,7,7,7,9),(0.,
    0.146879433311,0.346223125433,0.502238259492,0.711208679622,1.),
  .UNSPECIFIED.);
#378 = CARTESIAN_POINT('',(3.14159265359,25.));
#379 = CARTESIAN_POINT('',(3.211291215184,25.));
#380 = CARTESIAN_POINT('',(3.280482920784,24.995496675449));
#381 = CARTESIAN_POINT('',(3.348991172171,24.986603046908));
#382 = CARTESIAN_POINT('',(3.41663013634,24.973676348295));
#383 = CARTESIAN_POINT('',(3.483191747765,24.957290513748));
#384 = CARTESIAN_POINT('',(3.548429539264,24.938186200552));
#385 = CARTESIAN_POINT('',(3.612039301442,24.917198348123));
#386 = CARTESIAN_POINT('',(3.757235933879,24.86525271603));
#387 = CARTESIAN_POINT('',(3.83798790378,24.833104735514));
#388 = CARTESIAN_POINT('',(3.916288687075,24.800205589497));
#389 = CARTESIAN_POINT('',(3.99246589725,24.767810938186));
#390 = CARTESIAN_POINT('',(4.066816819527,24.736925276141));
#391 = CARTESIAN_POINT('',(4.139621962436,24.708330741225));
#392 = CARTESIAN_POINT('',(4.211152069159,24.682632923902));
#393 = CARTESIAN_POINT('',(4.336890311972,24.642809329339));
#394 = CARTESIAN_POINT('',(4.391493738193,24.627379347449));
#395 = CARTESIAN_POINT('',(4.445609122463,24.614232921907));
#396 = CARTESIAN_POINT('',(4.499340271505,24.603546047121));
#397 = CARTESIAN_POINT('',(4.552786338678,24.595446600684));
#398 = CARTESIAN_POINT('',(4.606044629409,24.590018333822));
#399 = CARTESIAN_POINT('',(4.659212590082,24.58730339639));
#400 = CARTESIAN_POINT('',(4.783614715564,24.58730339639));
#401 = CARTESIAN_POINT('',(4.854801955645,24.592174171383));
#402 = CARTESIAN_POINT('',(4.926202728309,24.601906200319));
#403 = CARTESIAN_POINT('',(4.998060024454,24.61636514689));
#404 = CARTESIAN_POINT('',(5.070615784877,24.63528579418));
#405 = CARTESIAN_POINT('',(5.144120976891,24.658256579087));
#406 = CARTESIAN_POINT('',(5.218847760878,24.684694726522));
#407 = CARTESIAN_POINT('',(5.400487402705,24.754051224173));
#408 = CARTESIAN_POINT('',(5.511968329761,24.800620282631));
#409 = CARTESIAN_POINT('',(5.628570474925,24.851176457761));
#410 = CARTESIAN_POINT('',(5.749819002761,24.901743120653));
#411 = CARTESIAN_POINT('',(5.87556746091,24.947001805947));
#412 = CARTESIAN_POINT('',(6.005988678073,24.981396507747));
#413 = CARTESIAN_POINT('',(6.141529095609,25.));
#414 = CARTESIAN_POINT('',(6.28318530718,25.));
#415 = ( GEOMETRIC_REPRESENTATION_CONTEXT(2)
PARAMETRIC_REPRESENTATION_CONTEXT() REPRESENTATION_CONTEXT('2D SPACE',''
  ) );
#416 = ORIENTED_EDGE('',*,*,#417,.T.);
#417 = EDGE_CURVE('',#288,#418,#420,.T.);
#418 = VERTEX_POINT('',#419);
#419 = CARTESIAN_POINT('',(11.787175234126,-2.25,55.5));
#420 = SURFACE_CURVE('',#421,(#425,#431),.PCURVE_S1.);
#421 = LINE('',#422,#423);
#422 = CARTESIAN_POINT('',(11.787175234126,-2.25,27.5));
#423 = VECTOR('',#424,1.);
#424 = DIRECTION('',(0.,0.,1.));
#425 = PCURVE('',#126,#426);
#426 = DEFINITIONAL_REPRESENTATION('',(#427),#430);
#427 = B_SPLINE_CURVE_WITH_KNOTS('',1,(#428,#429),.UNSPECIFIED.,.F.,.F.,
  (2,2),(0.4999994,30.0000006),.PIECEWISE_BEZIER_KNOTS.);
#428 = CARTESIAN_POINT('',(6.094568921004,0.4999994));
#429 = CARTESIAN_POINT('',(6.094568921004,30.0000006));
#430 = ( GEOMETRIC_REPRESENTATION_CONTEXT(2)
PARAMETRIC_REPRESENTATION_CONTEXT() REPRESENTATION_CONTEXT('2D SPACE',''
  ) );
#431 = PCURVE('',#432,#437);
#432 = PLANE('',#433);
#433 = AXIS2_PLACEMENT_3D('',#434,#435,#436);
#434 = CARTESIAN_POINT('',(9.75,-2.25,29.5));
#435 = DIRECTION('',(-0.,1.,0.));
#436 = DIRECTION('',(0.,0.,1.));
#437 = DEFINITIONAL_REPRESENTATION('',(#438),#441);
#438 = B_SPLINE_CURVE_WITH_KNOTS('',1,(#439,#440),.UNSPECIFIED.,.F.,.F.,
  (2,2),(0.4999994,30.0000006),.PIECEWISE_BEZIER_KNOTS.);
#439 = CARTESIAN_POINT('',(-1.5000006,2.037175234126));
#440 = CARTESIAN_POINT('',(28.0000006,2.037175234126));
#441 = ( GEOMETRIC_REPRESENTATION_CONTEXT(2)
PARAMETRIC_REPRESENTATION_CONTEXT() REPRESENTATION_CONTEXT('2D SPACE',''
  ) );
#442 = ORIENTED_EDGE('',*,*,#443,.T.);
#443 = EDGE_CURVE('',#418,#444,#446,.T.);
#444 = VERTEX_POINT('',#445);
#445 = CARTESIAN_POINT('',(12.,-2.939152317954E-15,55.5));
#446 = SURFACE_CURVE('',#447,(#452,#459),.PCURVE_S1.);
#447 = CIRCLE('',#448,12.);
#448 = AXIS2_PLACEMENT_3D('',#449,#450,#451);
#449 = CARTESIAN_POINT('',(0.,0.,55.5));
#450 = DIRECTION('',(0.,0.,1.));
#451 = DIRECTION('',(1.,0.,-0.));
#452 = PCURVE('',#126,#453);
#453 = DEFINITIONAL_REPRESENTATION('',(#454),#458);
#454 = LINE('',#455,#456);
#455 = CARTESIAN_POINT('',(0.,28.));
#456 = VECTOR('',#457,1.);
#457 = DIRECTION('',(1.,0.));
#458 = ( GEOMETRIC_REPRESENTATION_CONTEXT(2)
PARAMETRIC_REPRESENTATION_CONTEXT() REPRESENTATION_CONTEXT('2D SPACE',''
  ) );
#459 = PCURVE('',#460,#465);
#460 = PLANE('',#461);
#461 = AXIS2_PLACEMENT_3D('',#462,#463,#464);
#462 = CARTESIAN_POINT('',(9.75,-2.25,55.5));
#463 = DIRECTION('',(0.,0.,1.));
#464 = DIRECTION('',(1.,0.,-0.));
#465 = DEFINITIONAL_REPRESENTATION('',(#466),#470);
#466 = CIRCLE('',#467,12.);
#467 = AXIS2_PLACEMENT_2D('',#468,#469);
#468 = CARTESIAN_POINT('',(-9.75,2.25));
#469 = DIRECTION('',(1.,0.));
#470 = ( GEOMETRIC_REPRESENTATION_CONTEXT(2)
PARAMETRIC_REPRESENTATION_CONTEXT() REPRESENTATION_CONTEXT('2D SPACE',''
  ) );
#471 = ORIENTED_EDGE('',*,*,#472,.T.);
#472 = EDGE_CURVE('',#444,#110,#473,.T.);
#473 = SEAM_CURVE('',#474,(#478,#485),.PCURVE_S1.);
#474 = LINE('',#475,#476);
#475 = CARTESIAN_POINT('',(12.,-2.939152317954E-15,27.5));
#476 = VECTOR('',#477,1.);
#477 = DIRECTION('',(0.,0.,1.));
#478 = PCURVE('',#126,#479);
#479 = DEFINITIONAL_REPRESENTATION('',(#480),#484);
#480 = LINE('',#481,#482);
#481 = CARTESIAN_POINT('',(0.,-0.));
#482 = VECTOR('',#483,1.);
#483 = DIRECTION('',(0.,1.));
#484 = ( GEOMETRIC_REPRESENTATION_CONTEXT(2)
PARAMETRIC_REPRESENTATION_CONTEXT() REPRESENTATION_CONTEXT('2D SPACE',''
  ) );
#485 = PCURVE('',#126,#486);
#486 = DEFINITIONAL_REPRESENTATION('',(#487),#491);
#487 = LINE('',#488,#489);
#488 = CARTESIAN_POINT('',(6.28318530718,-0.));
#489 = VECTOR('',#490,1.);
#490 = DIRECTION('',(0.,1.));
#491 = ( GEOMETRIC_REPRESENTATION_CONTEXT(2)
PARAMETRIC_REPRESENTATION_CONTEXT() REPRESENTATION_CONTEXT('2D SPACE',''
  ) );
#492 = ORIENTED_EDGE('',*,*,#109,.F.);
#493 = ORIENTED_EDGE('',*,*,#472,.F.);
#494 = ORIENTED_EDGE('',*,*,#495,.T.);
#495 = EDGE_CURVE('',#444,#496,#498,.T.);
#496 = VERTEX_POINT('',#497);
#497 = CARTESIAN_POINT('',(11.787175234126,2.25,55.5));
#498 = SURFACE_CURVE('',#499,(#504,#511),.PCURVE_S1.);
#499 = CIRCLE('',#500,12.);
#500 = AXIS2_PLACEMENT_3D('',#501,#502,#503);
#501 = CARTESIAN_POINT('',(0.,0.,55.5));
#502 = DIRECTION('',(0.,0.,1.));
#503 = DIRECTION('',(1.,0.,-0.));
#504 = PCURVE('',#126,#505);
#505 = DEFINITIONAL_REPRESENTATION('',(#506),#510);
#506 = LINE('',#507,#508);
#507 = CARTESIAN_POINT('',(0.,28.));
#508 = VECTOR('',#509,1.);
#509 = DIRECTION('',(1.,0.));
#510 = ( GEOMETRIC_REPRESENTATION_CONTEXT(2)
PARAMETRIC_REPRESENTATION_CONTEXT() REPRESENTATION_CONTEXT('2D SPACE',''
  ) );
#511 = PCURVE('',#460,#512);
#512 = DEFINITIONAL_REPRESENTATION('',(#513),#517);
#513 = CIRCLE('',#514,12.);
#514 = AXIS2_PLACEMENT_2D('',#515,#516);
#515 = CARTESIAN_POINT('',(-9.75,2.25));
#516 = DIRECTION('',(1.,0.));
#517 = ( GEOMETRIC_REPRESENTATION_CONTEXT(2)
PARAMETRIC_REPRESENTATION_CONTEXT() REPRESENTATION_CONTEXT('2D SPACE',''
  ) );
#518 = ORIENTED_EDGE('',*,*,#519,.F.);
#519 = EDGE_CURVE('',#520,#496,#522,.T.);
#520 = VERTEX_POINT('',#521);
#521 = CARTESIAN_POINT('',(11.787175234126,2.25,51.261457841365));
#522 = SURFACE_CURVE('',#523,(#527,#533),.PCURVE_S1.);
#523 = LINE('',#524,#525);
#524 = CARTESIAN_POINT('',(11.787175234126,2.25,27.5));
#525 = VECTOR('',#526,1.);
#526 = DIRECTION('',(0.,0.,1.));
#527 = PCURVE('',#126,#528);
#528 = DEFINITIONAL_REPRESENTATION('',(#529),#532);
#529 = B_SPLINE_CURVE_WITH_KNOTS('',1,(#530,#531),.UNSPECIFIED.,.F.,.F.,
  (2,2),(0.4999994,30.0000006),.PIECEWISE_BEZIER_KNOTS.);
#530 = CARTESIAN_POINT('',(0.188616386175,0.4999994));
#531 = CARTESIAN_POINT('',(0.188616386175,30.0000006));
#532 = ( GEOMETRIC_REPRESENTATION_CONTEXT(2)
PARAMETRIC_REPRESENTATION_CONTEXT() REPRESENTATION_CONTEXT('2D SPACE',''
  ) );
#533 = PCURVE('',#534,#539);
#534 = PLANE('',#535);
#535 = AXIS2_PLACEMENT_3D('',#536,#537,#538);
#536 = CARTESIAN_POINT('',(9.75,2.25,29.5));
#537 = DIRECTION('',(-0.,1.,0.));
#538 = DIRECTION('',(0.,0.,1.));
#539 = DEFINITIONAL_REPRESENTATION('',(#540),#543);
#540 = B_SPLINE_CURVE_WITH_KNOTS('',1,(#541,#542),.UNSPECIFIED.,.F.,.F.,
  (2,2),(0.4999994,30.0000006),.PIECEWISE_BEZIER_KNOTS.);
#541 = CARTESIAN_POINT('',(-1.5000006,2.037175234126));
#542 = CARTESIAN_POINT('',(28.0000006,2.037175234126));
#543 = ( GEOMETRIC_REPRESENTATION_CONTEXT(2)
PARAMETRIC_REPRESENTATION_CONTEXT() REPRESENTATION_CONTEXT('2D SPACE',''
  ) );
#544 = ORIENTED_EDGE('',*,*,#545,.F.);
#545 = EDGE_CURVE('',#546,#520,#548,.T.);
#546 = VERTEX_POINT('',#547);
#547 = CARTESIAN_POINT('',(11.787175234126,2.25,46.938542158635));
#548 = SURFACE_CURVE('',#549,(#588,#630),.PCURVE_S1.);
#549 = B_SPLINE_CURVE_WITH_KNOTS('',7,(#550,#551,#552,#553,#554,#555,
    #556,#557,#558,#559,#560,#561,#562,#563,#564,#565,#566,#567,#568,
    #569,#570,#571,#572,#573,#574,#575,#576,#577,#578,#579,#580,#581,
    #582,#583,#584,#585,#586,#587),.UNSPECIFIED.,.F.,.F.,(8,6,6,6,6,6,8)
  ,(0.,0.146243678209,0.389745555692,0.500056960025,0.708085621609,
    0.911766534974,1.),.UNSPECIFIED.);
#550 = CARTESIAN_POINT('',(12.,-3.82089801334E-16,45.98));
#551 = CARTESIAN_POINT('',(12.,0.248525156772,45.98));
#552 = CARTESIAN_POINT('',(11.993995567265,0.494942023422,
    46.003096078452));
#553 = CARTESIAN_POINT('',(11.982167534694,0.735791971171,
    46.048581405663));
#554 = CARTESIAN_POINT('',(11.965185161897,0.967761199751,
    46.114911463899));
#555 = CARTESIAN_POINT('',(11.944132766835,1.187840945197,
    46.199726041349));
#556 = CARTESIAN_POINT('',(11.920346501704,1.393484759963,
    46.299849791466));
#557 = CARTESIAN_POINT('',(11.853226807681,1.89791887481,46.596792953537
    ));
#558 = CARTESIAN_POINT('',(11.806806322882,2.172278725242,
    46.816329660056));
#559 = CARTESIAN_POINT('',(11.760292220594,2.406468038294,
    47.060034684774));
#560 = CARTESIAN_POINT('',(11.717009749435,2.602283761501,
    47.321060969076));
#561 = CARTESIAN_POINT('',(11.679126461915,2.761671572159,
    47.594539332108));
#562 = CARTESIAN_POINT('',(11.648105101913,2.886244564102,
    47.877001141014));
#563 = CARTESIAN_POINT('',(11.614367619026,3.017989833692,
    48.296903673804));
#564 = CARTESIAN_POINT('',(11.605454793862,3.052090209525,48.42910511544
    ));
#565 = CARTESIAN_POINT('',(11.59823741891,3.079292571752,48.562305253432
    ));
#566 = CARTESIAN_POINT('',(11.592781325901,3.099655421888,
    48.696240047478));
#567 = CARTESIAN_POINT('',(11.589129557365,3.113218085663,
    48.830660722136));
#568 = CARTESIAN_POINT('',(11.58730339639,3.12,48.965326944187));
#569 = CARTESIAN_POINT('',(11.58730339639,3.12,49.353970618192));
#570 = CARTESIAN_POINT('',(11.593797763377,3.095881297649,
    49.607779701029));
#571 = CARTESIAN_POINT('',(11.606771262205,3.047697164441,
    49.859944366908));
#572 = CARTESIAN_POINT('',(11.625959030939,2.975179540523,50.10891570691
    ));
#573 = CARTESIAN_POINT('',(11.650830400031,2.877783908076,
    50.352943466573));
#574 = CARTESIAN_POINT('',(11.680535117967,2.754740530129,
    50.589878539322));
#575 = CARTESIAN_POINT('',(11.746393370434,2.458610778039,
    51.039203033307));
#576 = CARTESIAN_POINT('',(11.78254566275,2.28596531897,51.25300173524)
  );
#577 = CARTESIAN_POINT('',(11.821069560485,2.086209673126,
    51.455018883567));
#578 = CARTESIAN_POINT('',(11.860274784544,1.858608074086,
    51.641263808748));
#579 = CARTESIAN_POINT('',(11.897946969465,1.60281374116,51.806952720046
    ));
#580 = CARTESIAN_POINT('',(11.931330943112,1.319142205718,
    51.946331409299));
#581 = CARTESIAN_POINT('',(11.968827748437,0.874829409196,
    52.098202196503));
#582 = CARTESIAN_POINT('',(11.978787328417,0.735814760685,
    52.137758975074));
#583 = CARTESIAN_POINT('',(11.987088424276,0.592881179539,
    52.170208433623));
#584 = CARTESIAN_POINT('',(11.993492247976,0.446898669131,
    52.194970370665));
#585 = CARTESIAN_POINT('',(11.997827025006,0.298788300773,
    52.211642329953));
#586 = CARTESIAN_POINT('',(12.,0.149501650088,52.22));
#587 = CARTESIAN_POINT('',(12.,5.73134702001E-16,52.22));
#588 = PCURVE('',#126,#589);
#589 = DEFINITIONAL_REPRESENTATION('',(#590),#629);
#590 = B_SPLINE_CURVE_WITH_KNOTS('',7,(#591,#592,#593,#594,#595,#596,
    #597,#598,#599,#600,#601,#602,#603,#604,#605,#606,#607,#608,#609,
    #610,#611,#612,#613,#614,#615,#616,#617,#618,#619,#620,#621,#622,
    #623,#624,#625,#626,#627,#628),.UNSPECIFIED.,.F.,.F.,(8,6,6,6,6,6,8)
  ,(0.,0.146243678209,0.389745555692,0.500056960025,0.708085621609,
    0.911766534974,1.),.UNSPECIFIED.);
#591 = CARTESIAN_POINT('',(0.,18.48));
#592 = CARTESIAN_POINT('',(2.071042973099E-02,18.48));
#593 = CARTESIAN_POINT('',(4.12451845764E-02,18.503096078452));
#594 = CARTESIAN_POINT('',(6.133046016818E-02,18.548581405663));
#595 = CARTESIAN_POINT('',(8.070376282019E-02,18.614911463899));
#596 = CARTESIAN_POINT('',(9.912144167737E-02,18.699726041349));
#597 = CARTESIAN_POINT('',(0.116370167951,18.799849791466));
#598 = CARTESIAN_POINT('',(0.158776832583,19.096792953537));
#599 = CARTESIAN_POINT('',(0.181950619258,19.316329660056));
#600 = CARTESIAN_POINT('',(0.201837608672,19.560034684773));
#601 = CARTESIAN_POINT('',(0.21854535526,19.821060969076));
#602 = CARTESIAN_POINT('',(0.232196345527,20.094539332108));
#603 = CARTESIAN_POINT('',(0.24289423903,20.377001141014));
#604 = CARTESIAN_POINT('',(0.254227276346,20.796903673804));
#605 = CARTESIAN_POINT('',(0.257164403141,20.92910511544));
#606 = CARTESIAN_POINT('',(0.259509675883,21.062305253432));
#607 = CARTESIAN_POINT('',(0.261266436461,21.196240047478));
#608 = CARTESIAN_POINT('',(0.262436916535,21.330660722136));
#609 = CARTESIAN_POINT('',(0.263022202908,21.465326944187));
#610 = CARTESIAN_POINT('',(0.263022202908,21.853970618192));
#611 = CARTESIAN_POINT('',(0.26094071439,22.107779701029));
#612 = CARTESIAN_POINT('',(0.25678239831,22.359944366908));
#613 = CARTESIAN_POINT('',(0.250531327401,22.60891570691));
#614 = CARTESIAN_POINT('',(0.242155274896,22.852943466573));
#615 = CARTESIAN_POINT('',(0.231608798465,23.089878539322));
#616 = CARTESIAN_POINT('',(0.206328407034,23.539203033307));
#617 = CARTESIAN_POINT('',(0.191630361392,23.75300173524));
#618 = CARTESIAN_POINT('',(0.174680971242,23.955018883567));
#619 = CARTESIAN_POINT('',(0.1554424903,24.141263808748));
#620 = CARTESIAN_POINT('',(0.133909285632,24.306952720045));
#621 = CARTESIAN_POINT('',(0.110119785278,24.446331409299));
#622 = CARTESIAN_POINT('',(7.296210030566E-02,24.598202196503));
#623 = CARTESIAN_POINT('',(6.134878412389E-02,24.637758975074));
#624 = CARTESIAN_POINT('',(4.941936215989E-02,24.670208433623));
#625 = CARTESIAN_POINT('',(3.724471033178E-02,24.694970370665));
#626 = CARTESIAN_POINT('',(2.489902644469E-02,24.711642329953));
#627 = CARTESIAN_POINT('',(1.245847084064E-02,24.72));
#628 = CARTESIAN_POINT('',(0.,24.72));
#629 = ( GEOMETRIC_REPRESENTATION_CONTEXT(2)
PARAMETRIC_REPRESENTATION_CONTEXT() REPRESENTATION_CONTEXT('2D SPACE',''
  ) );
#630 = PCURVE('',#371,#631);
#631 = DEFINITIONAL_REPRESENTATION('',(#632),#671);
#632 = B_SPLINE_CURVE_WITH_KNOTS('',7,(#633,#634,#635,#636,#637,#638,
    #639,#640,#641,#642,#643,#644,#645,#646,#647,#648,#649,#650,#651,
    #652,#653,#654,#655,#656,#657,#658,#659,#660,#661,#662,#663,#664,
    #665,#666,#667,#668,#669,#670),.UNSPECIFIED.,.F.,.F.,(8,6,6,6,6,6,8)
  ,(0.,0.146243678209,0.389745555692,0.500056960025,0.708085621609,
    0.911766534974,1.),.UNSPECIFIED.);
#633 = CARTESIAN_POINT('',(0.,25.));
#634 = CARTESIAN_POINT('',(7.965549896535E-02,25.));
#635 = CARTESIAN_POINT('',(0.158635189937,24.993995567265));
#636 = CARTESIAN_POINT('',(0.236656515768,24.982167534694));
#637 = CARTESIAN_POINT('',(0.313418449732,24.965185161897));
#638 = CARTESIAN_POINT('',(0.388566834915,24.944132766835));
#639 = CARTESIAN_POINT('',(0.461647037953,24.920346501704));
#640 = CARTESIAN_POINT('',(0.649257682965,24.853226807681));
#641 = CARTESIAN_POINT('',(0.760734169263,24.806806322882));
#642 = CARTESIAN_POINT('',(0.867672933503,24.760292220594));
#643 = CARTESIAN_POINT('',(0.970939881227,24.717009749435));
#644 = CARTESIAN_POINT('',(1.071362448443,24.679126461915));
#645 = CARTESIAN_POINT('',(1.169695578877,24.648105101913));
#646 = CARTESIAN_POINT('',(1.310748516614,24.614367619026));
#647 = CARTESIAN_POINT('',(1.35444950023,24.605454793862));
#648 = CARTESIAN_POINT('',(1.397932868644,24.59823741891));
#649 = CARTESIAN_POINT('',(1.441254718472,24.592781325901));
#650 = CARTESIAN_POINT('',(1.484469654183,24.589129557365));
#651 = CARTESIAN_POINT('',(1.527631885829,24.58730339639));
#652 = CARTESIAN_POINT('',(1.652197165959,24.58730339639));
#653 = CARTESIAN_POINT('',(1.73354668292,24.593797763377));
#654 = CARTESIAN_POINT('',(1.815248109736,24.606771262205));
#655 = CARTESIAN_POINT('',(1.897686628918,24.625959030939));
#656 = CARTESIAN_POINT('',(1.981250635323,24.650830400031));
#657 = CARTESIAN_POINT('',(2.066361393886,24.680535117967));
#658 = CARTESIAN_POINT('',(2.238839385057,24.746393370434));
#659 = CARTESIAN_POINT('',(2.326506342974,24.78254566275));
#660 = CARTESIAN_POINT('',(2.416817645569,24.821069560485));
#661 = CARTESIAN_POINT('',(2.5100963198,24.860274784544));
#662 = CARTESIAN_POINT('',(2.606741549805,24.897946969465));
#663 = CARTESIAN_POINT('',(2.707223871246,24.931330943112));
#664 = CARTESIAN_POINT('',(2.857721142111,24.968827748437));
#665 = CARTESIAN_POINT('',(2.903982895675,24.978787328417));
#666 = CARTESIAN_POINT('',(2.95085017992,24.987088424276));
#667 = CARTESIAN_POINT('',(2.998176186158,24.993492247976));
#668 = CARTESIAN_POINT('',(3.045827177093,24.997827025006));
#669 = CARTESIAN_POINT('',(3.093675458049,25.));
#670 = CARTESIAN_POINT('',(3.14159265359,25.));
#671 = ( GEOMETRIC_REPRESENTATION_CONTEXT(2)
PARAMETRIC_REPRESENTATION_CONTEXT() REPRESENTATION_CONTEXT('2D SPACE',''
  ) );
#672 = ORIENTED_EDGE('',*,*,#673,.F.);
#673 = EDGE_CURVE('',#674,#546,#676,.T.);
#674 = VERTEX_POINT('',#675);
#675 = CARTESIAN_POINT('',(11.787175234126,2.25,29.5));
#676 = SURFACE_CURVE('',#677,(#681,#687),.PCURVE_S1.);
#677 = LINE('',#678,#679);
#678 = CARTESIAN_POINT('',(11.787175234126,2.25,27.5));
#679 = VECTOR('',#680,1.);
#680 = DIRECTION('',(0.,0.,1.));
#681 = PCURVE('',#126,#682);
#682 = DEFINITIONAL_REPRESENTATION('',(#683),#686);
#683 = B_SPLINE_CURVE_WITH_KNOTS('',1,(#684,#685),.UNSPECIFIED.,.F.,.F.,
  (2,2),(0.4999994,30.0000006),.PIECEWISE_BEZIER_KNOTS.);
#684 = CARTESIAN_POINT('',(0.188616386175,0.4999994));
#685 = CARTESIAN_POINT('',(0.188616386175,30.0000006));
#686 = ( GEOMETRIC_REPRESENTATION_CONTEXT(2)
PARAMETRIC_REPRESENTATION_CONTEXT() REPRESENTATION_CONTEXT('2D SPACE',''
  ) );
#687 = PCURVE('',#688,#693);
#688 = PLANE('',#689);
#689 = AXIS2_PLACEMENT_3D('',#690,#691,#692);
#690 = CARTESIAN_POINT('',(9.75,2.25,29.5));
#691 = DIRECTION('',(-0.,1.,0.));
#692 = DIRECTION('',(0.,0.,1.));
#693 = DEFINITIONAL_REPRESENTATION('',(#694),#697);
#694 = B_SPLINE_CURVE_WITH_KNOTS('',1,(#695,#696),.UNSPECIFIED.,.F.,.F.,
  (2,2),(0.4999994,30.0000006),.PIECEWISE_BEZIER_KNOTS.);
#695 = CARTESIAN_POINT('',(-1.5000006,2.037175234126));
#696 = CARTESIAN_POINT('',(28.0000006,2.037175234126));
#697 = ( GEOMETRIC_REPRESENTATION_CONTEXT(2)
PARAMETRIC_REPRESENTATION_CONTEXT() REPRESENTATION_CONTEXT('2D SPACE',''
  ) );
#698 = ORIENTED_EDGE('',*,*,#699,.F.);
#699 = EDGE_CURVE('',#182,#674,#700,.T.);
#700 = SURFACE_CURVE('',#701,(#706,#713),.PCURVE_S1.);
#701 = CIRCLE('',#702,12.);
#702 = AXIS2_PLACEMENT_3D('',#703,#704,#705);
#703 = CARTESIAN_POINT('',(0.,0.,29.5));
#704 = DIRECTION('',(0.,0.,1.));
#705 = DIRECTION('',(1.,0.,-0.));
#706 = PCURVE('',#126,#707);
#707 = DEFINITIONAL_REPRESENTATION('',(#708),#712);
#708 = LINE('',#709,#710);
#709 = CARTESIAN_POINT('',(0.,2.));
#710 = VECTOR('',#711,1.);
#711 = DIRECTION('',(1.,0.));
#712 = ( GEOMETRIC_REPRESENTATION_CONTEXT(2)
PARAMETRIC_REPRESENTATION_CONTEXT() REPRESENTATION_CONTEXT('2D SPACE',''
  ) );
#713 = PCURVE('',#249,#714);
#714 = DEFINITIONAL_REPRESENTATION('',(#715),#719);
#715 = CIRCLE('',#716,12.);
#716 = AXIS2_PLACEMENT_2D('',#717,#718);
#717 = CARTESIAN_POINT('',(-9.75,2.25));
#718 = DIRECTION('',(1.,0.));
#719 = ( GEOMETRIC_REPRESENTATION_CONTEXT(2)
PARAMETRIC_REPRESENTATION_CONTEXT() REPRESENTATION_CONTEXT('2D SPACE',''
  ) );
#720 = FACE_BOUND('',#721,.T.);
#721 = EDGE_LOOP('',(#722));
#722 = ORIENTED_EDGE('',*,*,#723,.T.);
#723 = EDGE_CURVE('',#724,#724,#726,.T.);
#724 = VERTEX_POINT('',#725);
#725 = CARTESIAN_POINT('',(-12.,-7.641796026679E-16,45.98));
#726 = SURFACE_CURVE('',#727,(#800,#876),.PCURVE_S1.);
#727 = B_SPLINE_CURVE_WITH_KNOTS('',8,(#728,#729,#730,#731,#732,#733,
    #734,#735,#736,#737,#738,#739,#740,#741,#742,#743,#744,#745,#746,
    #747,#748,#749,#750,#751,#752,#753,#754,#755,#756,#757,#758,#759,
    #760,#761,#762,#763,#764,#765,#766,#767,#768,#769,#770,#771,#772,
    #773,#774,#775,#776,#777,#778,#779,#780,#781,#782,#783,#784,#785,
    #786,#787,#788,#789,#790,#791,#792,#793,#794,#795,#796,#797,#798,
    #799),.UNSPECIFIED.,.T.,.F.,(9,7,7,7,7,7,7,7,7,7,9),(0.,
    7.329110683241E-02,0.172761260729,0.250611822996,0.354887439527,
    0.456983722434,0.545294479933,0.647381170324,0.751644954372,
    0.855909412652,1.),.UNSPECIFIED.);
#728 = CARTESIAN_POINT('',(-12.,4.440892098501E-16,45.98));
#729 = CARTESIAN_POINT('',(-12.,0.217459512175,45.98));
#730 = CARTESIAN_POINT('',(-11.99549667544,0.433337806759,
    45.997322058839));
#731 = CARTESIAN_POINT('',(-11.9866030469,0.645473240765,46.031524407959
    ));
#732 = CARTESIAN_POINT('',(-11.97367634829,0.851776585461,
    46.081746434781));
#733 = CARTESIAN_POINT('',(-11.95729051374,1.050291104293,
    46.146716930443));
#734 = CARTESIAN_POINT('',(-11.93818620055,1.239251898888,
    46.224756978878));
#735 = CARTESIAN_POINT('',(-11.91719834812,1.417144523137,
    46.313777487243));
#736 = CARTESIAN_POINT('',(-11.86525271603,1.807538867541,
    46.543589325241));
#737 = CARTESIAN_POINT('',(-11.83310473551,2.012017014902,
    46.692875844705));
#738 = CARTESIAN_POINT('',(-11.80020558949,2.196376218547,
    46.855790563022));
#739 = CARTESIAN_POINT('',(-11.76781093818,2.361075081655,
    47.029652538247));
#740 = CARTESIAN_POINT('',(-11.73692527614,2.506704207165,47.21230528435
    ));
#741 = CARTESIAN_POINT('',(-11.70833074122,2.633881778015,
    47.402016171254));
#742 = CARTESIAN_POINT('',(-11.6826329239,2.743178638879,47.597401921391
    ));
#743 = CARTESIAN_POINT('',(-11.6428091388,2.906969585329,47.953878977512
    ));
#744 = CARTESIAN_POINT('',(-11.62737924734,2.968223265128,
    48.113219185547));
#745 = CARTESIAN_POINT('',(-11.61423292888,3.019009009836,
    48.274813053995));
#746 = CARTESIAN_POINT('',(-11.60354607605,3.059480970571,
    48.438146321505));
#747 = CARTESIAN_POINT('',(-11.59544658799,3.089757127835,
    48.602754277207));
#748 = CARTESIAN_POINT('',(-11.59001829571,3.10991721144,48.768206320053
    ));
#749 = CARTESIAN_POINT('',(-11.58730339639,3.12,48.934090779855));
#750 = CARTESIAN_POINT('',(-11.58730339639,3.12,49.322224293761));
#751 = CARTESIAN_POINT('',(-11.59217417138,3.101910974306,49.54432742553
    ));
#752 = CARTESIAN_POINT('',(-11.60190620031,3.065766213622,
    49.765382617104));
#753 = CARTESIAN_POINT('',(-11.61636514689,3.011438351103,49.98443004134
    ));
#754 = CARTESIAN_POINT('',(-11.63528579418,2.938656179121,
    50.200426116919));
#755 = CARTESIAN_POINT('',(-11.65825657908,2.847023065469,
    50.412177230092));
#756 = CARTESIAN_POINT('',(-11.68469472652,2.736036969013,
    50.618257883427));
#757 = CARTESIAN_POINT('',(-11.74232069704,2.476923437671,
    51.011416813027));
#758 = CARTESIAN_POINT('',(-11.77350758966,2.329126683759,
    51.199552059745));
#759 = CARTESIAN_POINT('',(-11.80662309884,2.161118040294,
    51.379262452981));
#760 = CARTESIAN_POINT('',(-11.84067217252,1.972408873555,
    51.548141346197));
#761 = CARTESIAN_POINT('',(-11.87440185389,1.762685199207,
    51.703397150492));
#762 = CARTESIAN_POINT('',(-11.90629296287,1.531895857323,
    51.841797392336));
#763 = CARTESIAN_POINT('',(-11.93460132995,1.280390245057,
    51.959577237053));
#764 = CARTESIAN_POINT('',(-11.97729566363,0.77449011231,52.132499223563
    ));
#765 = CARTESIAN_POINT('',(-11.9930496763,0.525017129995,52.193970340505
    ));
#766 = CARTESIAN_POINT('',(-12.00324353046,0.265173722551,
    52.232500234773));
#767 = CARTESIAN_POINT('',(-12.00677445566,1.698135954076E-06,
    52.245614472686));
#768 = CARTESIAN_POINT('',(-12.00324313069,-0.265165370235,
    52.232498946722));
#769 = CARTESIAN_POINT('',(-11.99305027211,-0.524998371424,
    52.193972262286));
#770 = CARTESIAN_POINT('',(-11.97729752428,-0.774468064835,
    52.132506759622));
#771 = CARTESIAN_POINT('',(-11.93460132995,-1.280390245059,
    51.959577237052));
#772 = CARTESIAN_POINT('',(-11.90629296287,-1.531895857325,
    51.841797392335));
#773 = CARTESIAN_POINT('',(-11.87440185389,-1.762685199205,
    51.703397150493));
#774 = CARTESIAN_POINT('',(-11.84067217252,-1.972408873554,
    51.548141346198));
#775 = CARTESIAN_POINT('',(-11.80662309884,-2.161118040294,
    51.379262452982));
#776 = CARTESIAN_POINT('',(-11.77350758966,-2.329126683759,
    51.199552059746));
#777 = CARTESIAN_POINT('',(-11.74232069704,-2.476923437673,
    51.011416813025));
#778 = CARTESIAN_POINT('',(-11.68469529487,-2.736034413437,
    50.61826176106));
#779 = CARTESIAN_POINT('',(-11.65825681294,-2.847022273736,
    50.412179899039));
#780 = CARTESIAN_POINT('',(-11.63528556558,-2.938657216309,
    50.20042524254));
#781 = CARTESIAN_POINT('',(-11.61636473874,-3.011439883423,
    49.984426039148));
#782 = CARTESIAN_POINT('',(-11.60190592746,-3.065767174803,
    49.765377597624));
#783 = CARTESIAN_POINT('',(-11.59217411739,-3.101911201814,
    49.544323671666));
#784 = CARTESIAN_POINT('',(-11.58730339639,-3.12,49.322222856738));
#785 = CARTESIAN_POINT('',(-11.58730339639,-3.12,48.877775706239));
#786 = CARTESIAN_POINT('',(-11.59217417138,-3.101910974306,
    48.65567257447));
#787 = CARTESIAN_POINT('',(-11.60190620031,-3.065766213622,
    48.434617382896));
#788 = CARTESIAN_POINT('',(-11.61636514689,-3.011438351103,
    48.21556995866));
#789 = CARTESIAN_POINT('',(-11.63528579418,-2.938656179121,
    47.999573883081));
#790 = CARTESIAN_POINT('',(-11.65825657908,-2.847023065469,
    47.787822769908));
#791 = CARTESIAN_POINT('',(-11.68469472652,-2.736036969012,
    47.581742116573));
#792 = CARTESIAN_POINT('',(-11.75405122417,-2.424177457322,
    47.108550496022));
#793 = CARTESIAN_POINT('',(-11.80062028263,-2.199710167151,46.839922431)
  );
#794 = CARTESIAN_POINT('',(-11.85117645776,-1.929748352832,
    46.588798245432));
#795 = CARTESIAN_POINT('',(-11.90174312065,-1.614931526975,
    46.366464538374));
#796 = CARTESIAN_POINT('',(-11.94700180594,-1.258258229553,
    46.183844216784));
#797 = CARTESIAN_POINT('',(-11.98139650774,-0.864852624372,
    46.051550938848));
#798 = CARTESIAN_POINT('',(-12.,-0.441967380102,45.98));
#799 = CARTESIAN_POINT('',(-12.,4.440892098501E-16,45.98));
#800 = PCURVE('',#126,#801);
#801 = DEFINITIONAL_REPRESENTATION('',(#802),#875);
#802 = B_SPLINE_CURVE_WITH_KNOTS('',8,(#803,#804,#805,#806,#807,#808,
    #809,#810,#811,#812,#813,#814,#815,#816,#817,#818,#819,#820,#821,
    #822,#823,#824,#825,#826,#827,#828,#829,#830,#831,#832,#833,#834,
    #835,#836,#837,#838,#839,#840,#841,#842,#843,#844,#845,#846,#847,
    #848,#849,#850,#851,#852,#853,#854,#855,#856,#857,#858,#859,#860,
    #861,#862,#863,#864,#865,#866,#867,#868,#869,#870,#871,#872,#873,
    #874),.UNSPECIFIED.,.T.,.F.,(9,7,7,7,7,7,7,7,7,7,9),(0.,
    7.329110683241E-02,0.172761260729,0.250611822996,0.354887439527,
    0.456983722434,0.545294479933,0.647381170324,0.751644954372,
    0.855909412652,1.),.UNSPECIFIED.);
#803 = CARTESIAN_POINT('',(3.14159265359,18.48));
#804 = CARTESIAN_POINT('',(3.123471027575,18.48));
#805 = CARTESIAN_POINT('',(3.105481157725,18.497322058839));
#806 = CARTESIAN_POINT('',(3.087794171769,18.531524407959));
#807 = CARTESIAN_POINT('',(3.070575542096,18.581746434781));
#808 = CARTESIAN_POINT('',(3.053982261198,18.646716930443));
#809 = CARTESIAN_POINT('',(3.038159030344,18.724756978878));
#810 = CARTESIAN_POINT('',(3.023233461477,18.813777487243));
#811 = CARTESIAN_POINT('',(2.990413869086,19.043589325241));
#812 = CARTESIAN_POINT('',(2.973169544502,19.192875844705));
#813 = CARTESIAN_POINT('',(2.957568596568,19.355790563022));
#814 = CARTESIAN_POINT('',(2.943584270023,19.529652538247));
#815 = CARTESIAN_POINT('',(2.931180556873,19.71230528435));
#816 = CARTESIAN_POINT('',(2.920318746576,19.902016171254));
#817 = CARTESIAN_POINT('',(2.910962575044,20.097401921391));
#818 = CARTESIAN_POINT('',(2.896915677404,20.453878977512));
#819 = CARTESIAN_POINT('',(2.891651922987,20.613219185547));
#820 = CARTESIAN_POINT('',(2.887280406012,20.774813053995));
#821 = CARTESIAN_POINT('',(2.883792183187,20.938146321505));
#822 = CARTESIAN_POINT('',(2.881180450505,21.102754277207));
#823 = CARTESIAN_POINT('',(2.879440609665,21.268206320053));
#824 = CARTESIAN_POINT('',(2.878570450681,21.434090779855));
#825 = CARTESIAN_POINT('',(2.878570450681,21.822224293761));
#826 = CARTESIAN_POINT('',(2.880131566979,22.04432742553));
#827 = CARTESIAN_POINT('',(2.883250886816,22.265382617104));
#828 = CARTESIAN_POINT('',(2.887935790852,22.48443004134));
#829 = CARTESIAN_POINT('',(2.894202345813,22.700426116919));
#830 = CARTESIAN_POINT('',(2.902073997641,22.912177230092));
#831 = CARTESIAN_POINT('',(2.911580565157,23.118257883427));
#832 = CARTESIAN_POINT('',(2.933700907511,23.511416813027));
#833 = CARTESIAN_POINT('',(2.946287780786,23.699552059745));
#834 = CARTESIAN_POINT('',(2.960555661044,23.879262452981));
#835 = CARTESIAN_POINT('',(2.976530922823,24.048141346197));
#836 = CARTESIAN_POINT('',(2.994225115043,24.203397150492));
#837 = CARTESIAN_POINT('',(3.013630743044,24.341797392336));
#838 = CARTESIAN_POINT('',(3.034713677844,24.459577237053));
#839 = CARTESIAN_POINT('',(3.077021884826,24.632499223563));
#840 = CARTESIAN_POINT('',(3.097848061408,24.693970340505));
#841 = CARTESIAN_POINT('',(3.119507935047,24.732500234773));
#842 = CARTESIAN_POINT('',(3.141592511428,24.745614472686));
#843 = CARTESIAN_POINT('',(3.163676677074,24.732498946722));
#844 = CARTESIAN_POINT('',(3.185335684252,24.693972262286));
#845 = CARTESIAN_POINT('',(3.206161578533,24.632506759622));
#846 = CARTESIAN_POINT('',(3.248471629336,24.459577237052));
#847 = CARTESIAN_POINT('',(3.269554564135,24.341797392335));
#848 = CARTESIAN_POINT('',(3.288960192136,24.203397150493));
#849 = CARTESIAN_POINT('',(3.306654384356,24.048141346198));
#850 = CARTESIAN_POINT('',(3.322629646136,23.879262452982));
#851 = CARTESIAN_POINT('',(3.336897526394,23.699552059746));
#852 = CARTESIAN_POINT('',(3.349484399668,23.511416813025));
#853 = CARTESIAN_POINT('',(3.371604523854,23.11826176106));
#854 = CARTESIAN_POINT('',(3.381111240918,22.912179899039));
#855 = CARTESIAN_POINT('',(3.388983049841,22.70042524254));
#856 = CARTESIAN_POINT('',(3.395249648343,22.484426039148));
#857 = CARTESIAN_POINT('',(3.399934503571,22.265377597624));
#858 = CARTESIAN_POINT('',(3.403053759813,22.044323671666));
#859 = CARTESIAN_POINT('',(3.404614856498,21.822222856738));
#860 = CARTESIAN_POINT('',(3.404614856498,21.377775706239));
#861 = CARTESIAN_POINT('',(3.403053740201,21.15567257447));
#862 = CARTESIAN_POINT('',(3.399934420364,20.934617382896));
#863 = CARTESIAN_POINT('',(3.395249516327,20.71556995866));
#864 = CARTESIAN_POINT('',(3.388982961367,20.499573883081));
#865 = CARTESIAN_POINT('',(3.381111309539,20.287822769908));
#866 = CARTESIAN_POINT('',(3.371604742022,20.081742116573));
#867 = CARTESIAN_POINT('',(3.34498151193,19.608550496022));
#868 = CARTESIAN_POINT('',(3.325879533713,19.339922431));
#869 = CARTESIAN_POINT('',(3.302999000246,19.088798245431));
#870 = CARTESIAN_POINT('',(3.276447136972,18.866464538374));
#871 = CARTESIAN_POINT('',(3.246523650987,18.683844216784));
#872 = CARTESIAN_POINT('',(3.21366370345,18.551550938848));
#873 = CARTESIAN_POINT('',(3.178423268598,18.48));
#874 = CARTESIAN_POINT('',(3.14159265359,18.48));
#875 = ( GEOMETRIC_REPRESENTATION_CONTEXT(2)
PARAMETRIC_REPRESENTATION_CONTEXT() REPRESENTATION_CONTEXT('2D SPACE',''
  ) );
#876 = PCURVE('',#877,#882);
#877 = CYLINDRICAL_SURFACE('',#878,3.12);
#878 = AXIS2_PLACEMENT_3D('',#879,#880,#881);
#879 = CARTESIAN_POINT('',(-13.,0.,49.1));
#880 = DIRECTION('',(1.,0.,1.110223024625E-16));
#881 = DIRECTION('',(1.110223024625E-16,0.,-1.));
#882 = DEFINITIONAL_REPRESENTATION('',(#883),#956);
#883 = B_SPLINE_CURVE_WITH_KNOTS('',8,(#884,#885,#886,#887,#888,#889,
    #890,#891,#892,#893,#894,#895,#896,#897,#898,#899,#900,#901,#902,
    #903,#904,#905,#906,#907,#908,#909,#910,#911,#912,#913,#914,#915,
    #916,#917,#918,#919,#920,#921,#922,#923,#924,#925,#926,#927,#928,
    #929,#930,#931,#932,#933,#934,#935,#936,#937,#938,#939,#940,#941,
    #942,#943,#944,#945,#946,#947,#948,#949,#950,#951,#952,#953,#954,
    #955),.UNSPECIFIED.,.F.,.F.,(9,7,7,7,7,7,7,7,7,7,9),(0.,
    7.329110683241E-02,0.172761260729,0.250611822996,0.354887439527,
    0.456983722434,0.545294479933,0.647381170324,0.751644954372,
    0.855909412652,1.),.UNSPECIFIED.);
#884 = CARTESIAN_POINT('',(0.,1.));
#885 = CARTESIAN_POINT('',(6.969856159467E-02,1.));
#886 = CARTESIAN_POINT('',(0.138890267194,1.004503324551));
#887 = CARTESIAN_POINT('',(0.207398518581,1.013396953092));
#888 = CARTESIAN_POINT('',(0.27503748275,1.026323651705));
#889 = CARTESIAN_POINT('',(0.341599094175,1.042709486252));
#890 = CARTESIAN_POINT('',(0.406836885674,1.061813799448));
#891 = CARTESIAN_POINT('',(0.470446647852,1.082801651877));
#892 = CARTESIAN_POINT('',(0.61564328029,1.13474728397));
#893 = CARTESIAN_POINT('',(0.69639525019,1.166895264486));
#894 = CARTESIAN_POINT('',(0.774696033485,1.199794410503));
#895 = CARTESIAN_POINT('',(0.85087324366,1.232189061814));
#896 = CARTESIAN_POINT('',(0.925224165937,1.263074723859));
#897 = CARTESIAN_POINT('',(0.998029308846,1.291669258775));
#898 = CARTESIAN_POINT('',(1.069559415569,1.317367076098));
#899 = CARTESIAN_POINT('',(1.195298259979,1.357190861198));
#900 = CARTESIAN_POINT('',(1.249901530801,1.372620752652));
#901 = CARTESIAN_POINT('',(1.304016575783,1.38576707112));
#902 = CARTESIAN_POINT('',(1.357747519859,1.396453923945));
#903 = CARTESIAN_POINT('',(1.411193633073,1.404553412005));
#904 = CARTESIAN_POINT('',(1.464452158782,1.409981704282));
#905 = CARTESIAN_POINT('',(1.517620294697,1.41269660361));
#906 = CARTESIAN_POINT('',(1.642022061975,1.41269660361));
#907 = CARTESIAN_POINT('',(1.713209302055,1.407825828617));
#908 = CARTESIAN_POINT('',(1.784610074719,1.398093799681));
#909 = CARTESIAN_POINT('',(1.856467370864,1.38363485311));
#910 = CARTESIAN_POINT('',(1.929023131287,1.36471420582));
#911 = CARTESIAN_POINT('',(2.002528323301,1.341743420913));
#912 = CARTESIAN_POINT('',(2.077255107288,1.315305273478));
#913 = CARTESIAN_POINT('',(2.228173348551,1.257679302956));
#914 = CARTESIAN_POINT('',(2.304589603488,1.226492410333));
#915 = CARTESIAN_POINT('',(2.382950907109,1.19337690116));
#916 = CARTESIAN_POINT('',(2.463456982704,1.159327827477));
#917 = CARTESIAN_POINT('',(2.546338281061,1.125598146108));
#918 = CARTESIAN_POINT('',(2.631862130156,1.093707037129));
#919 = CARTESIAN_POINT('',(2.720349904,1.065398670043));
#920 = CARTESIAN_POINT('',(2.89170798755,1.022704336367));
#921 = CARTESIAN_POINT('',(2.973741882546,1.006950323691));
#922 = CARTESIAN_POINT('',(3.057307604476,0.996756469532));
#923 = CARTESIAN_POINT('',(3.141592058986,0.993225544334));
#924 = CARTESIAN_POINT('',(3.225875082757,0.996756869307));
#925 = CARTESIAN_POINT('',(3.309437537562,1.006949727886));
#926 = CARTESIAN_POINT('',(3.391469851727,1.022702475719));
#927 = CARTESIAN_POINT('',(3.56283540318,1.065398670043));
#928 = CARTESIAN_POINT('',(3.651323177025,1.093707037129));
#929 = CARTESIAN_POINT('',(3.736847026118,1.125598146108));
#930 = CARTESIAN_POINT('',(3.819728324475,1.159327827476));
#931 = CARTESIAN_POINT('',(3.90023440007,1.19337690116));
#932 = CARTESIAN_POINT('',(3.978595703692,1.226492410333));
#933 = CARTESIAN_POINT('',(4.05501195863,1.257679302956));
#934 = CARTESIAN_POINT('',(4.205928711421,1.315304705127));
#935 = CARTESIAN_POINT('',(4.280656128995,1.341743187056));
#936 = CARTESIAN_POINT('',(4.354162559538,1.364714434411));
#937 = CARTESIAN_POINT('',(4.426719274864,1.38363526126));
#938 = CARTESIAN_POINT('',(4.498576847119,1.398094072535));
#939 = CARTESIAN_POINT('',(4.569977216563,1.407825882602));
#940 = CARTESIAN_POINT('',(4.641163705789,1.41269660361));
#941 = CARTESIAN_POINT('',(4.783614715564,1.41269660361));
#942 = CARTESIAN_POINT('',(4.854801955645,1.407825828617));
#943 = CARTESIAN_POINT('',(4.926202728309,1.398093799681));
#944 = CARTESIAN_POINT('',(4.998060024454,1.38363485311));
#945 = CARTESIAN_POINT('',(5.070615784877,1.36471420582));
#946 = CARTESIAN_POINT('',(5.144120976891,1.341743420913));
#947 = CARTESIAN_POINT('',(5.218847760878,1.315305273478));
#948 = CARTESIAN_POINT('',(5.400487402705,1.245948775827));
#949 = CARTESIAN_POINT('',(5.511968329761,1.199379717368));
#950 = CARTESIAN_POINT('',(5.628570474925,1.148823542239));
#951 = CARTESIAN_POINT('',(5.749819002761,1.098256879347));
#952 = CARTESIAN_POINT('',(5.875567460909,1.052998194053));
#953 = CARTESIAN_POINT('',(6.005988678074,1.018603492253));
#954 = CARTESIAN_POINT('',(6.141529095608,1.));
#955 = CARTESIAN_POINT('',(6.28318530718,1.));
#956 = ( GEOMETRIC_REPRESENTATION_CONTEXT(2)
PARAMETRIC_REPRESENTATION_CONTEXT() REPRESENTATION_CONTEXT('2D SPACE',''
  ) );
#957 = ADVANCED_FACE('',(#958,#1374),#164,.F.);
#958 = FACE_BOUND('',#959,.F.);
#959 = EDGE_LOOP('',(#960,#983,#984,#985,#1155,#1178,#1205,#1206));
#960 = ORIENTED_EDGE('',*,*,#961,.T.);
#961 = EDGE_CURVE('',#962,#148,#964,.T.);
#962 = VERTEX_POINT('',#963);
#963 = CARTESIAN_POINT('',(4.95,-1.212400331156E-15,52.22));
#964 = SEAM_CURVE('',#965,(#969,#976),.PCURVE_S1.);
#965 = LINE('',#966,#967);
#966 = CARTESIAN_POINT('',(4.95,-1.212400331156E-15,-1.));
#967 = VECTOR('',#968,1.);
#968 = DIRECTION('',(0.,0.,1.));
#969 = PCURVE('',#164,#970);
#970 = DEFINITIONAL_REPRESENTATION('',(#971),#975);
#971 = LINE('',#972,#973);
#972 = CARTESIAN_POINT('',(6.28318530718,-0.));
#973 = VECTOR('',#974,1.);
#974 = DIRECTION('',(0.,1.));
#975 = ( GEOMETRIC_REPRESENTATION_CONTEXT(2)
PARAMETRIC_REPRESENTATION_CONTEXT() REPRESENTATION_CONTEXT('2D SPACE',''
  ) );
#976 = PCURVE('',#164,#977);
#977 = DEFINITIONAL_REPRESENTATION('',(#978),#982);
#978 = LINE('',#979,#980);
#979 = CARTESIAN_POINT('',(0.,-0.));
#980 = VECTOR('',#981,1.);
#981 = DIRECTION('',(0.,1.));
#982 = ( GEOMETRIC_REPRESENTATION_CONTEXT(2)
PARAMETRIC_REPRESENTATION_CONTEXT() REPRESENTATION_CONTEXT('2D SPACE',''
  ) );
#983 = ORIENTED_EDGE('',*,*,#147,.F.);
#984 = ORIENTED_EDGE('',*,*,#961,.F.);
#985 = ORIENTED_EDGE('',*,*,#986,.F.);
#986 = EDGE_CURVE('',#987,#962,#989,.T.);
#987 = VERTEX_POINT('',#988);
#988 = CARTESIAN_POINT('',(4.95,-9.882899669119E-16,45.98));
#989 = SURFACE_CURVE('',#990,(#1043,#1099),.PCURVE_S1.);
#990 = B_SPLINE_CURVE_WITH_KNOTS('',6,(#991,#992,#993,#994,#995,#996,
    #997,#998,#999,#1000,#1001,#1002,#1003,#1004,#1005,#1006,#1007,#1008
    ,#1009,#1010,#1011,#1012,#1013,#1014,#1015,#1016,#1017,#1018,#1019,
    #1020,#1021,#1022,#1023,#1024,#1025,#1026,#1027,#1028,#1029,#1030,
    #1031,#1032,#1033,#1034,#1035,#1036,#1037,#1038,#1039,#1040,#1041,
    #1042),.UNSPECIFIED.,.F.,.F.,(7,5,5,5,5,5,5,5,5,5,7),(0.,
    0.111365915134,0.162319163148,0.295020992937,0.398260049119,
    0.499990383991,0.60143009602,0.70612708456,0.839696794352,
    0.88894635636,1.),.UNSPECIFIED.);
#991 = CARTESIAN_POINT('',(4.95,-3.82089801334E-16,45.98));
#992 = CARTESIAN_POINT('',(4.95,0.225538048901,45.98));
#993 = CARTESIAN_POINT('',(4.93766816626,0.449087458485,45.999564575596)
  );
#994 = CARTESIAN_POINT('',(4.913414530582,0.667269001103,46.038045618044
    ));
#995 = CARTESIAN_POINT('',(4.87863461054,0.876809704653,46.093775404862)
  );
#996 = CARTESIAN_POINT('',(4.835655405097,1.074714585307,46.164069563232
    ));
#997 = CARTESIAN_POINT('',(4.765277774785,1.342452742784,46.282082938394
    ));
#998 = CARTESIAN_POINT('',(4.741968269031,1.423928162352,46.321541356524
    ));
#999 = CARTESIAN_POINT('',(4.717618037006,1.502837706027,46.363215232498
    ));
#1000 = CARTESIAN_POINT('',(4.692394971866,1.579193626103,
    46.406923092607));
#1001 = CARTESIAN_POINT('',(4.666457545007,1.65301619219,46.45249923116)
  );
#1002 = CARTESIAN_POINT('',(4.570929255162,1.91007026683,46.62296525207)
  );
#1003 = CARTESIAN_POINT('',(4.498005870758,2.078973379255,
    46.757896140838));
#1004 = CARTESIAN_POINT('',(4.423644261572,2.231882510335,46.90223998121
    ));
#1005 = CARTESIAN_POINT('',(4.349807269763,2.369730603339,
    47.054511723626));
#1006 = CARTESIAN_POINT('',(4.278151737155,2.493304365781,
    47.213875772856));
#1007 = CARTESIAN_POINT('',(4.157510004109,2.68843585146,47.509182769257
    ));
#1008 = CARTESIAN_POINT('',(4.107015390451,2.765463718257,
    47.642488635747));
#1009 = CARTESIAN_POINT('',(4.05968711004,2.83416386912,47.779445669168)
  );
#1010 = CARTESIAN_POINT('',(4.016369781654,2.894539462343,
    47.919692317173));
#1011 = CARTESIAN_POINT('',(3.977857816877,2.946545257874,
    48.062941222565));
#1012 = CARTESIAN_POINT('',(3.912370525686,3.032944464418,
    48.352876157874));
#1013 = CARTESIAN_POINT('',(3.885221363267,3.067601176607,
    48.499540376314));
#1014 = CARTESIAN_POINT('',(3.864246570809,3.093742492563,48.64821909506
    ));
#1015 = CARTESIAN_POINT('',(3.850044456113,3.11123529636,48.798253534689
    ));
#1016 = CARTESIAN_POINT('',(3.842928570765,3.12,48.949041756093));
#1017 = CARTESIAN_POINT('',(3.842928570765,3.12,49.250526986956));
#1018 = CARTESIAN_POINT('',(3.850003857822,3.111285301844,
    49.400886156322));
#1019 = CARTESIAN_POINT('',(3.864125242105,3.093891933179,
    49.550497934029));
#1020 = CARTESIAN_POINT('',(3.884982632055,3.067898711495,49.69876484615
    ));
#1021 = CARTESIAN_POINT('',(3.911984160984,3.033437599322,
    49.845033318271));
#1022 = CARTESIAN_POINT('',(3.977688803254,2.946785094702,
    50.136696078973));
#1023 = CARTESIAN_POINT('',(4.016753140556,2.894043129662,
    50.281969396043));
#1024 = CARTESIAN_POINT('',(4.060756874905,2.832695892186,50.42415238235
    ));
#1025 = CARTESIAN_POINT('',(4.108872250518,2.762788328722,
    50.562948739049));
#1026 = CARTESIAN_POINT('',(4.160218775291,2.68431387382,50.697983509426
    ));
#1027 = CARTESIAN_POINT('',(4.282350385707,2.486162076494,
    50.995675937087));
#1028 = CARTESIAN_POINT('',(4.354606372413,2.361064230171,
    51.155719658531));
#1029 = CARTESIAN_POINT('',(4.429001012799,2.221480554189,
    51.308548696417));
#1030 = CARTESIAN_POINT('',(4.503842014311,2.066597075537,
    51.453295981005));
#1031 = CARTESIAN_POINT('',(4.57711407695,1.895455115948,51.588419968595
    ));
#1032 = CARTESIAN_POINT('',(4.671788614396,1.637791082535,
    51.756862326367));
#1033 = CARTESIAN_POINT('',(4.696743052567,1.566032229513,
    51.800613086864));
#1034 = CARTESIAN_POINT('',(4.721011665966,1.491902831657,
    51.842599811589));
#1035 = CARTESIAN_POINT('',(4.74445041698,1.41538640699,51.88267075226)
  );
#1036 = CARTESIAN_POINT('',(4.766907182664,1.33647362591,51.920660633883
    ));
#1037 = CARTESIAN_POINT('',(4.836284332254,1.071812096493,
    52.036958863747));
#1038 = CARTESIAN_POINT('',(4.879041219201,0.874355258476,
    52.106876135481));
#1039 = CARTESIAN_POINT('',(4.913627563347,0.665351731779,52.16229239062
    ));
#1040 = CARTESIAN_POINT('',(4.93774070335,0.447775297111,52.200550502089
    ));
#1041 = CARTESIAN_POINT('',(4.95,0.224873756877,52.22));
#1042 = CARTESIAN_POINT('',(4.95,5.73134702001E-16,52.22));
#1043 = PCURVE('',#164,#1044);
#1044 = DEFINITIONAL_REPRESENTATION('',(#1045),#1098);
#1045 = B_SPLINE_CURVE_WITH_KNOTS('',6,(#1046,#1047,#1048,#1049,#1050,
    #1051,#1052,#1053,#1054,#1055,#1056,#1057,#1058,#1059,#1060,#1061,
    #1062,#1063,#1064,#1065,#1066,#1067,#1068,#1069,#1070,#1071,#1072,
    #1073,#1074,#1075,#1076,#1077,#1078,#1079,#1080,#1081,#1082,#1083,
    #1084,#1085,#1086,#1087,#1088,#1089,#1090,#1091,#1092,#1093,#1094,
    #1095,#1096,#1097),.UNSPECIFIED.,.F.,.F.,(7,5,5,5,5,5,5,5,5,5,7),(0.
    ,0.111365915134,0.162319163148,0.295020992937,0.398260049119,
    0.499990383991,0.60143009602,0.70612708456,0.839696794352,
    0.88894635636,1.),.UNSPECIFIED.);
#1046 = CARTESIAN_POINT('',(0.,46.98));
#1047 = CARTESIAN_POINT('',(4.556324220214E-02,46.98));
#1048 = CARTESIAN_POINT('',(9.072482082976E-02,46.999564575596));
#1049 = CARTESIAN_POINT('',(0.134971767746,47.038045618044));
#1050 = CARTESIAN_POINT('',(0.177800023789,47.093775404862));
#1051 = CARTESIAN_POINT('',(0.218674665407,47.164069563232));
#1052 = CARTESIAN_POINT('',(0.27460060497,47.282082938394));
#1053 = CARTESIAN_POINT('',(0.291716647906,47.321541356524));
#1054 = CARTESIAN_POINT('',(0.308394549415,47.363215232498));
#1055 = CARTESIAN_POINT('',(0.324635387159,47.406923092607));
#1056 = CARTESIAN_POINT('',(0.340440226585,47.45249923116));
#1057 = CARTESIAN_POINT('',(0.395840358653,47.62296525207));
#1058 = CARTESIAN_POINT('',(0.432956874047,47.757896140838));
#1059 = CARTESIAN_POINT('',(0.467261219907,47.90223998121));
#1060 = CARTESIAN_POINT('',(0.498823817012,48.054511723626));
#1061 = CARTESIAN_POINT('',(0.527670096661,48.213875772856));
#1062 = CARTESIAN_POINT('',(0.574016333336,48.509182769257));
#1063 = CARTESIAN_POINT('',(0.592616481423,48.642488635747));
#1064 = CARTESIAN_POINT('',(0.609464354015,48.779445669168));
#1065 = CARTESIAN_POINT('',(0.62447321353,48.919692317173));
#1066 = CARTESIAN_POINT('',(0.637545739214,49.062941222565));
#1067 = CARTESIAN_POINT('',(0.659447382983,49.352876157874));
#1068 = CARTESIAN_POINT('',(0.668340099056,49.499540376314));
#1069 = CARTESIAN_POINT('',(0.675110758601,49.64821909506));
#1070 = CARTESIAN_POINT('',(0.67966275161,49.798253534689));
#1071 = CARTESIAN_POINT('',(0.681943477063,49.949041756093));
#1072 = CARTESIAN_POINT('',(0.681943477063,50.250526986956));
#1073 = CARTESIAN_POINT('',(0.67967576374,50.400886156322));
#1074 = CARTESIAN_POINT('',(0.675149646544,50.550497934029));
#1075 = CARTESIAN_POINT('',(0.668417161039,50.69876484615));
#1076 = CARTESIAN_POINT('',(0.659573925743,50.845033318271));
#1077 = CARTESIAN_POINT('',(0.637604977354,51.136696078973));
#1078 = CARTESIAN_POINT('',(0.624346550013,51.281969396043));
#1079 = CARTESIAN_POINT('',(0.60909748521,51.42415238235));
#1080 = CARTESIAN_POINT('',(0.591958829523,51.562948739049));
#1081 = CARTESIAN_POINT('',(0.573020297779,51.697983509426));
#1082 = CARTESIAN_POINT('',(0.525996753085,51.995675937087));
#1083 = CARTESIAN_POINT('',(0.496823620107,52.155719658531));
#1084 = CARTESIAN_POINT('',(0.464899671121,52.308548696417));
#1085 = CARTESIAN_POINT('',(0.430195759808,52.453295981005));
#1086 = CARTESIAN_POINT('',(0.39263775594,52.588419968595));
#1087 = CARTESIAN_POINT('',(0.337181822431,52.756862326367));
#1088 = CARTESIAN_POINT('',(0.321835806923,52.800613086864));
#1089 = CARTESIAN_POINT('',(0.306082176313,52.842599811589));
#1090 = CARTESIAN_POINT('',(0.289920090891,52.88267075226));
#1091 = CARTESIAN_POINT('',(0.273348707859,52.920660633883));
#1092 = CARTESIAN_POINT('',(0.218075259182,53.036958863747));
#1093 = CARTESIAN_POINT('',(0.17729837542,53.106876135481));
#1094 = CARTESIAN_POINT('',(0.134582944921,53.16229239062));
#1095 = CARTESIAN_POINT('',(9.045973681812E-02,53.200550502089));
#1096 = CARTESIAN_POINT('',(4.542904179324E-02,53.22));
#1097 = CARTESIAN_POINT('',(0.,53.22));
#1098 = ( GEOMETRIC_REPRESENTATION_CONTEXT(2)
PARAMETRIC_REPRESENTATION_CONTEXT() REPRESENTATION_CONTEXT('2D SPACE',''
  ) );
#1099 = PCURVE('',#371,#1100);
#1100 = DEFINITIONAL_REPRESENTATION('',(#1101),#1154);
#1101 = B_SPLINE_CURVE_WITH_KNOTS('',6,(#1102,#1103,#1104,#1105,#1106,
    #1107,#1108,#1109,#1110,#1111,#1112,#1113,#1114,#1115,#1116,#1117,
    #1118,#1119,#1120,#1121,#1122,#1123,#1124,#1125,#1126,#1127,#1128,
    #1129,#1130,#1131,#1132,#1133,#1134,#1135,#1136,#1137,#1138,#1139,
    #1140,#1141,#1142,#1143,#1144,#1145,#1146,#1147,#1148,#1149,#1150,
    #1151,#1152,#1153),.UNSPECIFIED.,.F.,.F.,(7,5,5,5,5,5,5,5,5,5,7),(0.
    ,0.111365915134,0.162319163148,0.295020992937,0.398260049119,
    0.499990383991,0.60143009602,0.70612708456,0.839696794352,
    0.88894635636,1.),.UNSPECIFIED.);
#1102 = CARTESIAN_POINT('',(0.,17.95));
#1103 = CARTESIAN_POINT('',(7.228783618608E-02,17.95));
#1104 = CARTESIAN_POINT('',(0.1439382398,17.93766816626));
#1105 = CARTESIAN_POINT('',(0.214548434045,17.913414530582));
#1106 = CARTESIAN_POINT('',(0.283687815118,17.87863461054));
#1107 = CARTESIAN_POINT('',(0.350817713437,17.835655405097));
#1108 = CARTESIAN_POINT('',(0.44459763836,17.765277774785));
#1109 = CARTESIAN_POINT('',(0.473594197004,17.741968269031));
#1110 = CARTESIAN_POINT('',(0.502170515275,17.717618037006));
#1111 = CARTESIAN_POINT('',(0.530345831861,17.692394971866));
#1112 = CARTESIAN_POINT('',(0.558138229079,17.666457545007));
#1113 = CARTESIAN_POINT('',(0.656997321886,17.570929255162));
#1114 = CARTESIAN_POINT('',(0.726015452692,17.498005870758));
#1115 = CARTESIAN_POINT('',(0.79308401119,17.423644261572));
#1116 = CARTESIAN_POINT('',(0.858626918042,17.349807269763));
#1117 = CARTESIAN_POINT('',(0.923077240281,17.278151737155));
#1118 = CARTESIAN_POINT('',(1.036523620745,17.157510004109));
#1119 = CARTESIAN_POINT('',(1.08578110384,17.107015390451));
#1120 = CARTESIAN_POINT('',(1.134763877936,17.05968711004));
#1121 = CARTESIAN_POINT('',(1.183578573428,17.016369781654));
#1122 = CARTESIAN_POINT('',(1.232339897199,16.977857816877));
#1123 = CARTESIAN_POINT('',(1.32930606504,16.912370525686));
#1124 = CARTESIAN_POINT('',(1.377528342867,16.885221363267));
#1125 = CARTESIAN_POINT('',(1.425790759739,16.864246570809));
#1126 = CARTESIAN_POINT('',(1.47408274589,16.850044456113));
#1127 = CARTESIAN_POINT('',(1.522412274261,16.842928570765));
#1128 = CARTESIAN_POINT('',(1.619042155948,16.842928570765));
#1129 = CARTESIAN_POINT('',(1.667234168162,16.850003857822));
#1130 = CARTESIAN_POINT('',(1.715388940885,16.864125242105));
#1131 = CARTESIAN_POINT('',(1.763514190471,16.884982632055));
#1132 = CARTESIAN_POINT('',(1.811599298904,16.911984160984));
#1133 = CARTESIAN_POINT('',(1.909119411873,16.977688803254));
#1134 = CARTESIAN_POINT('',(1.958567547428,17.016753140556));
#1135 = CARTESIAN_POINT('',(2.008070137553,17.060756874905));
#1136 = CARTESIAN_POINT('',(2.057747968506,17.108872250518));
#1137 = CARTESIAN_POINT('',(2.107713409767,17.160218775291));
#1138 = CARTESIAN_POINT('',(2.22233200138,17.282350385707));
#1139 = CARTESIAN_POINT('',(2.287250440195,17.354606372413));
#1140 = CARTESIAN_POINT('',(2.353293318423,17.429001012799));
#1141 = CARTESIAN_POINT('',(2.420903620592,17.503842014311));
#1142 = CARTESIAN_POINT('',(2.490514507679,17.57711407695));
#1143 = CARTESIAN_POINT('',(2.589180193773,17.671788614396));
#1144 = CARTESIAN_POINT('',(2.616104359323,17.696743052567));
#1145 = CARTESIAN_POINT('',(2.64338851342,17.721011665966));
#1146 = CARTESIAN_POINT('',(2.671049012161,17.74445041698));
#1147 = CARTESIAN_POINT('',(2.699103261195,17.766907182664));
#1148 = CARTESIAN_POINT('',(2.791759190095,17.836284332254));
#1149 = CARTESIAN_POINT('',(2.858714625207,17.879041219201));
#1150 = CARTESIAN_POINT('',(2.927664722402,17.913627563347));
#1151 = CARTESIAN_POINT('',(2.998074977757,17.93774070335));
#1152 = CARTESIAN_POINT('',(3.069517731514,17.95));
#1153 = CARTESIAN_POINT('',(3.14159265359,17.95));
#1154 = ( GEOMETRIC_REPRESENTATION_CONTEXT(2)
PARAMETRIC_REPRESENTATION_CONTEXT() REPRESENTATION_CONTEXT('2D SPACE',''
  ) );
#1155 = ORIENTED_EDGE('',*,*,#1156,.F.);
#1156 = EDGE_CURVE('',#1157,#987,#1159,.T.);
#1157 = VERTEX_POINT('',#1158);
#1158 = CARTESIAN_POINT('',(4.95,-1.212400331156E-15,0.));
#1159 = SEAM_CURVE('',#1160,(#1164,#1171),.PCURVE_S1.);
#1160 = LINE('',#1161,#1162);
#1161 = CARTESIAN_POINT('',(4.95,-1.212400331156E-15,-1.));
#1162 = VECTOR('',#1163,1.);
#1163 = DIRECTION('',(0.,0.,1.));
#1164 = PCURVE('',#164,#1165);
#1165 = DEFINITIONAL_REPRESENTATION('',(#1166),#1170);
#1166 = LINE('',#1167,#1168);
#1167 = CARTESIAN_POINT('',(6.28318530718,-0.));
#1168 = VECTOR('',#1169,1.);
#1169 = DIRECTION('',(0.,1.));
#1170 = ( GEOMETRIC_REPRESENTATION_CONTEXT(2)
PARAMETRIC_REPRESENTATION_CONTEXT() REPRESENTATION_CONTEXT('2D SPACE',''
  ) );
#1171 = PCURVE('',#164,#1172);
#1172 = DEFINITIONAL_REPRESENTATION('',(#1173),#1177);
#1173 = LINE('',#1174,#1175);
#1174 = CARTESIAN_POINT('',(0.,-0.));
#1175 = VECTOR('',#1176,1.);
#1176 = DIRECTION('',(0.,1.));
#1177 = ( GEOMETRIC_REPRESENTATION_CONTEXT(2)
PARAMETRIC_REPRESENTATION_CONTEXT() REPRESENTATION_CONTEXT('2D SPACE',''
  ) );
#1178 = ORIENTED_EDGE('',*,*,#1179,.T.);
#1179 = EDGE_CURVE('',#1157,#1157,#1180,.T.);
#1180 = SURFACE_CURVE('',#1181,(#1186,#1193),.PCURVE_S1.);
#1181 = CIRCLE('',#1182,4.95);
#1182 = AXIS2_PLACEMENT_3D('',#1183,#1184,#1185);
#1183 = CARTESIAN_POINT('',(0.,0.,0.));
#1184 = DIRECTION('',(0.,0.,1.));
#1185 = DIRECTION('',(1.,0.,-0.));
#1186 = PCURVE('',#164,#1187);
#1187 = DEFINITIONAL_REPRESENTATION('',(#1188),#1192);
#1188 = LINE('',#1189,#1190);
#1189 = CARTESIAN_POINT('',(0.,1.));
#1190 = VECTOR('',#1191,1.);
#1191 = DIRECTION('',(1.,0.));
#1192 = ( GEOMETRIC_REPRESENTATION_CONTEXT(2)
PARAMETRIC_REPRESENTATION_CONTEXT() REPRESENTATION_CONTEXT('2D SPACE',''
  ) );
#1193 = PCURVE('',#1194,#1199);
#1194 = PLANE('',#1195);
#1195 = AXIS2_PLACEMENT_3D('',#1196,#1197,#1198);
#1196 = CARTESIAN_POINT('',(0.,0.,0.));
#1197 = DIRECTION('',(0.,0.,1.));
#1198 = DIRECTION('',(1.,0.,-0.));
#1199 = DEFINITIONAL_REPRESENTATION('',(#1200),#1204);
#1200 = CIRCLE('',#1201,4.95);
#1201 = AXIS2_PLACEMENT_2D('',#1202,#1203);
#1202 = CARTESIAN_POINT('',(0.,0.));
#1203 = DIRECTION('',(1.,0.));
#1204 = ( GEOMETRIC_REPRESENTATION_CONTEXT(2)
PARAMETRIC_REPRESENTATION_CONTEXT() REPRESENTATION_CONTEXT('2D SPACE',''
  ) );
#1205 = ORIENTED_EDGE('',*,*,#1156,.T.);
#1206 = ORIENTED_EDGE('',*,*,#1207,.F.);
#1207 = EDGE_CURVE('',#962,#987,#1208,.T.);
#1208 = SURFACE_CURVE('',#1209,(#1262,#1318),.PCURVE_S1.);
#1209 = B_SPLINE_CURVE_WITH_KNOTS('',6,(#1210,#1211,#1212,#1213,#1214,
    #1215,#1216,#1217,#1218,#1219,#1220,#1221,#1222,#1223,#1224,#1225,
    #1226,#1227,#1228,#1229,#1230,#1231,#1232,#1233,#1234,#1235,#1236,
    #1237,#1238,#1239,#1240,#1241,#1242,#1243,#1244,#1245,#1246,#1247,
    #1248,#1249,#1250,#1251,#1252,#1253,#1254,#1255,#1256,#1257,#1258,
    #1259,#1260,#1261),.UNSPECIFIED.,.F.,.F.,(7,5,5,5,5,5,5,5,5,5,7),(0.
    ,0.111365910212,0.162319155905,0.295020979637,0.398260031108,
    0.499990361337,0.601430068737,0.706127052499,0.839696756196,
    0.888946323942,1.),.UNSPECIFIED.);
#1210 = CARTESIAN_POINT('',(4.95,0.,52.22));
#1211 = CARTESIAN_POINT('',(4.95,-0.22553804864,52.22));
#1212 = CARTESIAN_POINT('',(4.937668166289,-0.449087458544,
    52.200435424448));
#1213 = CARTESIAN_POINT('',(4.913414530546,-0.667269001356,
    52.161954381904));
#1214 = CARTESIAN_POINT('',(4.878634610497,-0.876809704728,
    52.106224595061));
#1215 = CARTESIAN_POINT('',(4.83565540516,-1.074714585069,
    52.035930436873));
#1216 = CARTESIAN_POINT('',(4.765277774787,-1.342452742777,
    51.917917061609));
#1217 = CARTESIAN_POINT('',(4.741968269031,-1.423928162354,
    51.878458643476));
#1218 = CARTESIAN_POINT('',(4.717618037004,-1.502837706033,
    51.836784767499));
#1219 = CARTESIAN_POINT('',(4.692394971866,-1.579193626104,
    51.793076907391));
#1220 = CARTESIAN_POINT('',(4.666457545009,-1.653016192185,
    51.747500768843));
#1221 = CARTESIAN_POINT('',(4.570929255162,-1.91007026683,51.57703474793
    ));
#1222 = CARTESIAN_POINT('',(4.498005870757,-2.078973379256,
    51.442103859161));
#1223 = CARTESIAN_POINT('',(4.423644261572,-2.231882510334,
    51.297760018791));
#1224 = CARTESIAN_POINT('',(4.349807269763,-2.369730603339,
    51.145488276374));
#1225 = CARTESIAN_POINT('',(4.278151737155,-2.493304365781,
    50.986124227143));
#1226 = CARTESIAN_POINT('',(4.157510004108,-2.68843585146,
    50.690817230743));
#1227 = CARTESIAN_POINT('',(4.107015390451,-2.765463718257,
    50.557511364253));
#1228 = CARTESIAN_POINT('',(4.05968711004,-2.83416386912,50.420554330832
    ));
#1229 = CARTESIAN_POINT('',(4.016369781654,-2.894539462343,
    50.280307682827));
#1230 = CARTESIAN_POINT('',(3.977857816877,-2.946545257874,
    50.137058777435));
#1231 = CARTESIAN_POINT('',(3.912370525686,-3.032944464418,
    49.847123842126));
#1232 = CARTESIAN_POINT('',(3.885221363267,-3.067601176607,
    49.700459623686));
#1233 = CARTESIAN_POINT('',(3.864246570809,-3.093742492562,
    49.551780904941));
#1234 = CARTESIAN_POINT('',(3.850044456113,-3.11123529636,
    49.401746465311));
#1235 = CARTESIAN_POINT('',(3.842928570765,-3.12,49.250958243906));
#1236 = CARTESIAN_POINT('',(3.842928570765,-3.12,48.949473013044));
#1237 = CARTESIAN_POINT('',(3.850003857822,-3.111285301844,
    48.799113843678));
#1238 = CARTESIAN_POINT('',(3.864125242105,-3.093891933179,
    48.649502065972));
#1239 = CARTESIAN_POINT('',(3.884982632055,-3.067898711495,
    48.501235153849));
#1240 = CARTESIAN_POINT('',(3.911984160984,-3.033437599322,
    48.354966681729));
#1241 = CARTESIAN_POINT('',(3.977688803254,-2.946785094702,
    48.063303921027));
#1242 = CARTESIAN_POINT('',(4.016753140556,-2.894043129662,
    47.918030603957));
#1243 = CARTESIAN_POINT('',(4.060756874905,-2.832695892186,
    47.77584761765));
#1244 = CARTESIAN_POINT('',(4.108872250518,-2.762788328722,
    47.637051260951));
#1245 = CARTESIAN_POINT('',(4.160218775291,-2.68431387382,
    47.502016490574));
#1246 = CARTESIAN_POINT('',(4.282350385707,-2.486162076494,
    47.204324062913));
#1247 = CARTESIAN_POINT('',(4.354606372413,-2.361064230171,
    47.044280341469));
#1248 = CARTESIAN_POINT('',(4.4290010128,-2.221480554189,46.891451303583
    ));
#1249 = CARTESIAN_POINT('',(4.503842014311,-2.066597075537,
    46.746704018995));
#1250 = CARTESIAN_POINT('',(4.57711407695,-1.895455115948,
    46.611580031404));
#1251 = CARTESIAN_POINT('',(4.671788618532,-1.637791071279,
    46.443137666274));
#1252 = CARTESIAN_POINT('',(4.696743051661,-1.566032234082,
    46.399386914543));
#1253 = CARTESIAN_POINT('',(4.721011662007,-1.491902844363,
    46.357400195265));
#1254 = CARTESIAN_POINT('',(4.744450415757,-1.415386409155,
    46.317329250021));
#1255 = CARTESIAN_POINT('',(4.766907186402,-1.336473611649,
    46.27933935985));
#1256 = CARTESIAN_POINT('',(4.836284332254,-1.071812096492,
    46.163041136252));
#1257 = CARTESIAN_POINT('',(4.879041219201,-0.874355258476,
    46.093123864519));
#1258 = CARTESIAN_POINT('',(4.913627563347,-0.665351731778,
    46.03770760938));
#1259 = CARTESIAN_POINT('',(4.93774070335,-0.44777529711,45.999449497911
    ));
#1260 = CARTESIAN_POINT('',(4.95,-0.224873756876,45.98));
#1261 = CARTESIAN_POINT('',(4.95,-8.881784197001E-16,45.98));
#1262 = PCURVE('',#164,#1263);
#1263 = DEFINITIONAL_REPRESENTATION('',(#1264),#1317);
#1264 = B_SPLINE_CURVE_WITH_KNOTS('',6,(#1265,#1266,#1267,#1268,#1269,
    #1270,#1271,#1272,#1273,#1274,#1275,#1276,#1277,#1278,#1279,#1280,
    #1281,#1282,#1283,#1284,#1285,#1286,#1287,#1288,#1289,#1290,#1291,
    #1292,#1293,#1294,#1295,#1296,#1297,#1298,#1299,#1300,#1301,#1302,
    #1303,#1304,#1305,#1306,#1307,#1308,#1309,#1310,#1311,#1312,#1313,
    #1314,#1315,#1316),.UNSPECIFIED.,.F.,.F.,(7,5,5,5,5,5,5,5,5,5,7),(0.
    ,0.111365910212,0.162319155905,0.295020979637,0.398260031108,
    0.499990361337,0.601430068737,0.706127052499,0.839696756196,
    0.888946323942,1.),.UNSPECIFIED.);
#1265 = CARTESIAN_POINT('',(6.28318530718,53.22));
#1266 = CARTESIAN_POINT('',(6.23762206503,53.22));
#1267 = CARTESIAN_POINT('',(6.192460486338,53.200435424448));
#1268 = CARTESIAN_POINT('',(6.148213539382,53.161954381904));
#1269 = CARTESIAN_POINT('',(6.105385283374,53.106224595061));
#1270 = CARTESIAN_POINT('',(6.064510641822,53.035930436873));
#1271 = CARTESIAN_POINT('',(6.008584702211,52.917917061609));
#1272 = CARTESIAN_POINT('',(5.991468659273,52.878458643476));
#1273 = CARTESIAN_POINT('',(5.974790757763,52.836784767499));
#1274 = CARTESIAN_POINT('',(5.95854992002,52.793076907391));
#1275 = CARTESIAN_POINT('',(5.942745080596,52.747500768843));
#1276 = CARTESIAN_POINT('',(5.887344948526,52.57703474793));
#1277 = CARTESIAN_POINT('',(5.850228433133,52.442103859161));
#1278 = CARTESIAN_POINT('',(5.815924087273,52.297760018791));
#1279 = CARTESIAN_POINT('',(5.784361490168,52.145488276374));
#1280 = CARTESIAN_POINT('',(5.755515210519,51.986124227143));
#1281 = CARTESIAN_POINT('',(5.709168973844,51.690817230743));
#1282 = CARTESIAN_POINT('',(5.690568825756,51.557511364253));
#1283 = CARTESIAN_POINT('',(5.673720953165,51.420554330832));
#1284 = CARTESIAN_POINT('',(5.658712093649,51.280307682827));
#1285 = CARTESIAN_POINT('',(5.645639567965,51.137058777435));
#1286 = CARTESIAN_POINT('',(5.623737924197,50.847123842126));
#1287 = CARTESIAN_POINT('',(5.614845208124,50.700459623686));
#1288 = CARTESIAN_POINT('',(5.608074548579,50.551780904941));
#1289 = CARTESIAN_POINT('',(5.603522555569,50.401746465311));
#1290 = CARTESIAN_POINT('',(5.601241830117,50.250958243906));
#1291 = CARTESIAN_POINT('',(5.601241830117,49.949473013044));
#1292 = CARTESIAN_POINT('',(5.60350954344,49.799113843678));
#1293 = CARTESIAN_POINT('',(5.608035660635,49.649502065972));
#1294 = CARTESIAN_POINT('',(5.614768146141,49.501235153849));
#1295 = CARTESIAN_POINT('',(5.623611381437,49.354966681729));
#1296 = CARTESIAN_POINT('',(5.645580329826,49.063303921027));
#1297 = CARTESIAN_POINT('',(5.658838757167,48.918030603957));
#1298 = CARTESIAN_POINT('',(5.674087821969,48.77584761765));
#1299 = CARTESIAN_POINT('',(5.691226477657,48.637051260951));
#1300 = CARTESIAN_POINT('',(5.710165009401,48.502016490574));
#1301 = CARTESIAN_POINT('',(5.757188554095,48.204324062913));
#1302 = CARTESIAN_POINT('',(5.786361687073,48.044280341469));
#1303 = CARTESIAN_POINT('',(5.818285636059,47.891451303583));
#1304 = CARTESIAN_POINT('',(5.852989547372,47.746704018995));
#1305 = CARTESIAN_POINT('',(5.890547551239,47.611580031404));
#1306 = CARTESIAN_POINT('',(5.946003487171,47.443137666274));
#1307 = CARTESIAN_POINT('',(5.961349499321,47.399386914543));
#1308 = CARTESIAN_POINT('',(5.977103128175,47.357400195265));
#1309 = CARTESIAN_POINT('',(5.993265215797,47.317329250021));
#1310 = CARTESIAN_POINT('',(6.009836602298,47.27933935985));
#1311 = CARTESIAN_POINT('',(6.065110047998,47.163041136252));
#1312 = CARTESIAN_POINT('',(6.105886931759,47.093123864519));
#1313 = CARTESIAN_POINT('',(6.148602362259,47.03770760938));
#1314 = CARTESIAN_POINT('',(6.192725570362,46.999449497911));
#1315 = CARTESIAN_POINT('',(6.237756265386,46.98));
#1316 = CARTESIAN_POINT('',(6.28318530718,46.98));
#1317 = ( GEOMETRIC_REPRESENTATION_CONTEXT(2)
PARAMETRIC_REPRESENTATION_CONTEXT() REPRESENTATION_CONTEXT('2D SPACE',''
  ) );
#1318 = PCURVE('',#371,#1319);
#1319 = DEFINITIONAL_REPRESENTATION('',(#1320),#1373);
#1320 = B_SPLINE_CURVE_WITH_KNOTS('',6,(#1321,#1322,#1323,#1324,#1325,
    #1326,#1327,#1328,#1329,#1330,#1331,#1332,#1333,#1334,#1335,#1336,
    #1337,#1338,#1339,#1340,#1341,#1342,#1343,#1344,#1345,#1346,#1347,
    #1348,#1349,#1350,#1351,#1352,#1353,#1354,#1355,#1356,#1357,#1358,
    #1359,#1360,#1361,#1362,#1363,#1364,#1365,#1366,#1367,#1368,#1369,
    #1370,#1371,#1372),.UNSPECIFIED.,.F.,.F.,(7,5,5,5,5,5,5,5,5,5,7),(0.
    ,0.111365910212,0.162319155905,0.295020979637,0.398260031108,
    0.499990361337,0.601430068737,0.706127052499,0.839696756196,
    0.888946323942,1.),.UNSPECIFIED.);
#1321 = CARTESIAN_POINT('',(3.14159265359,17.95));
#1322 = CARTESIAN_POINT('',(3.213880489692,17.95));
#1323 = CARTESIAN_POINT('',(3.285530893409,17.937668166289));
#1324 = CARTESIAN_POINT('',(3.356141087714,17.913414530546));
#1325 = CARTESIAN_POINT('',(3.42528046874,17.878634610497));
#1326 = CARTESIAN_POINT('',(3.492410366943,17.83565540516));
#1327 = CARTESIAN_POINT('',(3.586190291947,17.765277774787));
#1328 = CARTESIAN_POINT('',(3.615186850595,17.741968269031));
#1329 = CARTESIAN_POINT('',(3.643763168867,17.717618037004));
#1330 = CARTESIAN_POINT('',(3.671938485451,17.692394971866));
#1331 = CARTESIAN_POINT('',(3.699730882667,17.666457545009));
#1332 = CARTESIAN_POINT('',(3.798589975476,17.570929255162));
#1333 = CARTESIAN_POINT('',(3.867608106282,17.498005870757));
#1334 = CARTESIAN_POINT('',(3.93467666478,17.423644261572));
#1335 = CARTESIAN_POINT('',(4.000219571632,17.349807269763));
#1336 = CARTESIAN_POINT('',(4.064669893871,17.278151737155));
#1337 = CARTESIAN_POINT('',(4.178116274335,17.157510004108));
#1338 = CARTESIAN_POINT('',(4.22737375743,17.107015390451));
#1339 = CARTESIAN_POINT('',(4.276356531526,17.05968711004));
#1340 = CARTESIAN_POINT('',(4.325171227018,17.016369781654));
#1341 = CARTESIAN_POINT('',(4.373932550788,16.977857816877));
#1342 = CARTESIAN_POINT('',(4.47089871863,16.912370525686));
#1343 = CARTESIAN_POINT('',(4.519120996457,16.885221363267));
#1344 = CARTESIAN_POINT('',(4.567383413329,16.864246570809));
#1345 = CARTESIAN_POINT('',(4.61567539948,16.850044456113));
#1346 = CARTESIAN_POINT('',(4.664004927851,16.842928570765));
#1347 = CARTESIAN_POINT('',(4.760634809537,16.842928570765));
#1348 = CARTESIAN_POINT('',(4.808826821752,16.850003857822));
#1349 = CARTESIAN_POINT('',(4.856981594474,16.864125242105));
#1350 = CARTESIAN_POINT('',(4.905106844061,16.884982632055));
#1351 = CARTESIAN_POINT('',(4.953191952494,16.911984160984));
#1352 = CARTESIAN_POINT('',(5.050712065463,16.977688803254));
#1353 = CARTESIAN_POINT('',(5.100160201018,17.016753140556));
#1354 = CARTESIAN_POINT('',(5.149662791142,17.060756874905));
#1355 = CARTESIAN_POINT('',(5.199340622096,17.108872250518));
#1356 = CARTESIAN_POINT('',(5.249306063357,17.160218775291));
#1357 = CARTESIAN_POINT('',(5.363924654969,17.282350385707));
#1358 = CARTESIAN_POINT('',(5.428843093785,17.354606372413));
#1359 = CARTESIAN_POINT('',(5.494885972013,17.4290010128));
#1360 = CARTESIAN_POINT('',(5.562496274182,17.503842014311));
#1361 = CARTESIAN_POINT('',(5.632107161269,17.57711407695));
#1362 = CARTESIAN_POINT('',(5.730772851673,17.671788618532));
#1363 = CARTESIAN_POINT('',(5.757697011406,17.696743051661));
#1364 = CARTESIAN_POINT('',(5.78498116237,17.721011662007));
#1365 = CARTESIAN_POINT('',(5.81264166479,17.744450415757));
#1366 = CARTESIAN_POINT('',(5.840695919777,17.766907186402));
#1367 = CARTESIAN_POINT('',(5.933351843685,17.836284332254));
#1368 = CARTESIAN_POINT('',(6.000307278797,17.879041219201));
#1369 = CARTESIAN_POINT('',(6.069257375992,17.913627563347));
#1370 = CARTESIAN_POINT('',(6.139667631347,17.93774070335));
#1371 = CARTESIAN_POINT('',(6.211110385104,17.95));
#1372 = CARTESIAN_POINT('',(6.28318530718,17.95));
#1373 = ( GEOMETRIC_REPRESENTATION_CONTEXT(2)
PARAMETRIC_REPRESENTATION_CONTEXT() REPRESENTATION_CONTEXT('2D SPACE',''
  ) );
#1374 = FACE_BOUND('',#1375,.F.);
#1375 = EDGE_LOOP('',(#1376));
#1376 = ORIENTED_EDGE('',*,*,#1377,.T.);
#1377 = EDGE_CURVE('',#1378,#1378,#1380,.T.);
#1378 = VERTEX_POINT('',#1379);
#1379 = CARTESIAN_POINT('',(-4.95,-7.641796026679E-16,45.98));
#1380 = SURFACE_CURVE('',#1381,(#1484,#1590),.PCURVE_S1.);
#1381 = B_SPLINE_CURVE_WITH_KNOTS('',6,(#1382,#1383,#1384,#1385,#1386,
    #1387,#1388,#1389,#1390,#1391,#1392,#1393,#1394,#1395,#1396,#1397,
    #1398,#1399,#1400,#1401,#1402,#1403,#1404,#1405,#1406,#1407,#1408,
    #1409,#1410,#1411,#1412,#1413,#1414,#1415,#1416,#1417,#1418,#1419,
    #1420,#1421,#1422,#1423,#1424,#1425,#1426,#1427,#1428,#1429,#1430,
    #1431,#1432,#1433,#1434,#1435,#1436,#1437,#1438,#1439,#1440,#1441,
    #1442,#1443,#1444,#1445,#1446,#1447,#1448,#1449,#1450,#1451,#1452,
    #1453,#1454,#1455,#1456,#1457,#1458,#1459,#1460,#1461,#1462,#1463,
    #1464,#1465,#1466,#1467,#1468,#1469,#1470,#1471,#1472,#1473,#1474,
    #1475,#1476,#1477,#1478,#1479,#1480,#1481,#1482,#1483),
  .UNSPECIFIED.,.T.,.F.,(7,5,5,5,5,5,5,5,5,5,5,5,5,5,5,5,5,5,5,5,7),(0.,
    5.577039866851E-02,8.128702957053E-02,0.147742137786,0.199442725952,
    0.250387768861,0.301187272161,0.353617971228,0.420507700878,
    0.467097755039,0.523295698928,0.55659427777,0.582018647739,
    0.648233473042,0.699747126474,0.750507966489,0.801123793125,
    0.853364917584,0.920012792853,0.944587066984,1.),.UNSPECIFIED.);
#1382 = CARTESIAN_POINT('',(-4.95,0.,45.98));
#1383 = CARTESIAN_POINT('',(-4.95,0.225538048639,45.98));
#1384 = CARTESIAN_POINT('',(-4.937668166289,0.449087458544,
    45.999564575552));
#1385 = CARTESIAN_POINT('',(-4.913414530546,0.667269001356,
    46.038045618096));
#1386 = CARTESIAN_POINT('',(-4.878634610497,0.876809704728,
    46.093775404939));
#1387 = CARTESIAN_POINT('',(-4.83565540516,1.074714585069,
    46.164069563127));
#1388 = CARTESIAN_POINT('',(-4.765277774785,1.342452742784,
    46.282082938394));
#1389 = CARTESIAN_POINT('',(-4.741968269031,1.423928162352,
    46.321541356524));
#1390 = CARTESIAN_POINT('',(-4.717618037006,1.502837706027,
    46.363215232498));
#1391 = CARTESIAN_POINT('',(-4.692394971866,1.579193626102,
    46.406923092607));
#1392 = CARTESIAN_POINT('',(-4.666457545007,1.65301619219,46.45249923116
    ));
#1393 = CARTESIAN_POINT('',(-4.570929255162,1.91007026683,46.62296525207
    ));
#1394 = CARTESIAN_POINT('',(-4.498005870758,2.078973379255,
    46.757896140838));
#1395 = CARTESIAN_POINT('',(-4.423644261572,2.231882510335,
    46.90223998121));
#1396 = CARTESIAN_POINT('',(-4.349807269763,2.369730603339,
    47.054511723626));
#1397 = CARTESIAN_POINT('',(-4.278151737155,2.493304365781,
    47.213875772856));
#1398 = CARTESIAN_POINT('',(-4.157510004109,2.68843585146,
    47.509182769257));
#1399 = CARTESIAN_POINT('',(-4.107015390451,2.765463718257,
    47.642488635747));
#1400 = CARTESIAN_POINT('',(-4.05968711004,2.83416386912,47.779445669168
    ));
#1401 = CARTESIAN_POINT('',(-4.016369781654,2.894539462343,
    47.919692317173));
#1402 = CARTESIAN_POINT('',(-3.977857816877,2.946545257874,
    48.062941222565));
#1403 = CARTESIAN_POINT('',(-3.912370525686,3.032944464418,
    48.352876157874));
#1404 = CARTESIAN_POINT('',(-3.885221363267,3.067601176607,
    48.499540376314));
#1405 = CARTESIAN_POINT('',(-3.864246570809,3.093742492562,
    48.64821909506));
#1406 = CARTESIAN_POINT('',(-3.850044456113,3.11123529636,
    48.798253534689));
#1407 = CARTESIAN_POINT('',(-3.842928570765,3.12,48.949041756094));
#1408 = CARTESIAN_POINT('',(-3.842928570765,3.12,49.250526986956));
#1409 = CARTESIAN_POINT('',(-3.850003857822,3.111285301844,
    49.400886156322));
#1410 = CARTESIAN_POINT('',(-3.864125242105,3.093891933179,
    49.550497934028));
#1411 = CARTESIAN_POINT('',(-3.884982632055,3.067898711495,
    49.69876484615));
#1412 = CARTESIAN_POINT('',(-3.911984160984,3.033437599322,
    49.845033318271));
#1413 = CARTESIAN_POINT('',(-3.977688803254,2.946785094702,
    50.136696078973));
#1414 = CARTESIAN_POINT('',(-4.016753140556,2.894043129662,
    50.281969396042));
#1415 = CARTESIAN_POINT('',(-4.060756874905,2.832695892186,
    50.42415238235));
#1416 = CARTESIAN_POINT('',(-4.108872250518,2.762788328723,
    50.562948739049));
#1417 = CARTESIAN_POINT('',(-4.160218775291,2.68431387382,
    50.697983509427));
#1418 = CARTESIAN_POINT('',(-4.282350385707,2.486162076494,
    50.995675937087));
#1419 = CARTESIAN_POINT('',(-4.354606372413,2.361064230171,
    51.155719658531));
#1420 = CARTESIAN_POINT('',(-4.4290010128,2.221480554189,51.308548696417
    ));
#1421 = CARTESIAN_POINT('',(-4.50384201431,2.066597075537,
    51.453295981005));
#1422 = CARTESIAN_POINT('',(-4.57711407695,1.895455115948,
    51.588419968595));
#1423 = CARTESIAN_POINT('',(-4.694462770433,1.576081623408,
    51.797203567069));
#1424 = CARTESIAN_POINT('',(-4.740786672087,1.436290743412,
    51.87731232916));
#1425 = CARTESIAN_POINT('',(-4.784221459516,1.287886824141,
    51.950645127534));
#1426 = CARTESIAN_POINT('',(-4.823665642025,1.131026756949,
    52.015990623085));
#1427 = CARTESIAN_POINT('',(-4.857982325623,0.965993798778,
    52.072064649496));
#1428 = CARTESIAN_POINT('',(-4.919863376637,0.58482414897,
    52.172264994266));
#1429 = CARTESIAN_POINT('',(-4.944665510958,0.364618249183,
    52.211687205057));
#1430 = CARTESIAN_POINT('',(-4.957685113201,0.137318566417,
    52.232092343523));
#1431 = CARTESIAN_POINT('',(-4.957545938448,-9.200897330006E-02,
    52.231948927407));
#1432 = CARTESIAN_POINT('',(-4.944634234411,-0.31822444623,
    52.211622107201));
#1433 = CARTESIAN_POINT('',(-4.906755699284,-0.665703979336,
    52.15097722048));
#1434 = CARTESIAN_POINT('',(-4.888867222087,-0.791968785019,
    52.122215702766));
#1435 = CARTESIAN_POINT('',(-4.867540604473,-0.914762896758,
    52.08770265375));
#1436 = CARTESIAN_POINT('',(-4.84319625007,-1.033674719494,
    52.047937574429));
#1437 = CARTESIAN_POINT('',(-4.816304109565,-1.148332866961,
    52.003481039292));
#1438 = CARTESIAN_POINT('',(-4.765277774787,-1.342452742777,
    51.917917061609));
#1439 = CARTESIAN_POINT('',(-4.741968269031,-1.423928162354,
    51.878458643476));
#1440 = CARTESIAN_POINT('',(-4.717618037004,-1.502837706033,
    51.836784767499));
#1441 = CARTESIAN_POINT('',(-4.692394971866,-1.579193626104,
    51.793076907391));
#1442 = CARTESIAN_POINT('',(-4.666457545009,-1.653016192184,
    51.747500768843));
#1443 = CARTESIAN_POINT('',(-4.570929255162,-1.91007026683,
    51.57703474793));
#1444 = CARTESIAN_POINT('',(-4.498005870757,-2.078973379256,
    51.442103859161));
#1445 = CARTESIAN_POINT('',(-4.423644261572,-2.231882510334,
    51.297760018791));
#1446 = CARTESIAN_POINT('',(-4.349807269763,-2.369730603339,
    51.145488276374));
#1447 = CARTESIAN_POINT('',(-4.278151737155,-2.493304365781,
    50.986124227143));
#1448 = CARTESIAN_POINT('',(-4.157510004109,-2.68843585146,
    50.690817230743));
#1449 = CARTESIAN_POINT('',(-4.107015390451,-2.765463718257,
    50.557511364253));
#1450 = CARTESIAN_POINT('',(-4.05968711004,-2.83416386912,
    50.420554330832));
#1451 = CARTESIAN_POINT('',(-4.016369781654,-2.894539462343,
    50.280307682827));
#1452 = CARTESIAN_POINT('',(-3.977857816877,-2.946545257875,
    50.137058777435));
#1453 = CARTESIAN_POINT('',(-3.912370525686,-3.032944464418,
    49.847123842126));
#1454 = CARTESIAN_POINT('',(-3.885221363267,-3.067601176607,
    49.700459623686));
#1455 = CARTESIAN_POINT('',(-3.864246570809,-3.093742492562,
    49.55178090494));
#1456 = CARTESIAN_POINT('',(-3.850044456113,-3.11123529636,
    49.401746465311));
#1457 = CARTESIAN_POINT('',(-3.842928570765,-3.12,49.250958243906));
#1458 = CARTESIAN_POINT('',(-3.842928570765,-3.12,48.949473013043));
#1459 = CARTESIAN_POINT('',(-3.850003857822,-3.111285301844,
    48.799113843678));
#1460 = CARTESIAN_POINT('',(-3.864125242105,-3.093891933179,
    48.649502065972));
#1461 = CARTESIAN_POINT('',(-3.884982632055,-3.067898711495,
    48.501235153849));
#1462 = CARTESIAN_POINT('',(-3.911984160984,-3.033437599322,
    48.354966681729));
#1463 = CARTESIAN_POINT('',(-3.977688803254,-2.946785094702,
    48.063303921027));
#1464 = CARTESIAN_POINT('',(-4.016753140556,-2.894043129662,
    47.918030603957));
#1465 = CARTESIAN_POINT('',(-4.060756874905,-2.832695892186,
    47.77584761765));
#1466 = CARTESIAN_POINT('',(-4.108872250518,-2.762788328722,
    47.637051260951));
#1467 = CARTESIAN_POINT('',(-4.160218775291,-2.68431387382,
    47.502016490573));
#1468 = CARTESIAN_POINT('',(-4.282350385707,-2.486162076494,
    47.204324062913));
#1469 = CARTESIAN_POINT('',(-4.354606372413,-2.361064230171,
    47.044280341469));
#1470 = CARTESIAN_POINT('',(-4.4290010128,-2.221480554189,
    46.891451303582));
#1471 = CARTESIAN_POINT('',(-4.503842014311,-2.066597075537,
    46.746704018995));
#1472 = CARTESIAN_POINT('',(-4.57711407695,-1.895455115948,
    46.611580031404));
#1473 = CARTESIAN_POINT('',(-4.671788614383,-1.63779108257,
    46.443137673656));
#1474 = CARTESIAN_POINT('',(-4.69674305257,-1.566032229498,
    46.399386913131));
#1475 = CARTESIAN_POINT('',(-4.721011665979,-1.491902831617,
    46.357400188389));
#1476 = CARTESIAN_POINT('',(-4.744450416985,-1.415386406982,
    46.317329247733));
#1477 = CARTESIAN_POINT('',(-4.766907182652,-1.336473625954,
    46.279339366136));
#1478 = CARTESIAN_POINT('',(-4.836284332254,-1.071812096492,
    46.163041136252));
#1479 = CARTESIAN_POINT('',(-4.879041219201,-0.874355258476,
    46.093123864519));
#1480 = CARTESIAN_POINT('',(-4.913627563347,-0.665351731778,
    46.03770760938));
#1481 = CARTESIAN_POINT('',(-4.93774070335,-0.447775297111,
    45.999449497911));
#1482 = CARTESIAN_POINT('',(-4.95,-0.224873756876,45.98));
#1483 = CARTESIAN_POINT('',(-4.95,0.,45.98));
#1484 = PCURVE('',#164,#1485);
#1485 = DEFINITIONAL_REPRESENTATION('',(#1486),#1589);
#1486 = B_SPLINE_CURVE_WITH_KNOTS('',6,(#1487,#1488,#1489,#1490,#1491,
    #1492,#1493,#1494,#1495,#1496,#1497,#1498,#1499,#1500,#1501,#1502,
    #1503,#1504,#1505,#1506,#1507,#1508,#1509,#1510,#1511,#1512,#1513,
    #1514,#1515,#1516,#1517,#1518,#1519,#1520,#1521,#1522,#1523,#1524,
    #1525,#1526,#1527,#1528,#1529,#1530,#1531,#1532,#1533,#1534,#1535,
    #1536,#1537,#1538,#1539,#1540,#1541,#1542,#1543,#1544,#1545,#1546,
    #1547,#1548,#1549,#1550,#1551,#1552,#1553,#1554,#1555,#1556,#1557,
    #1558,#1559,#1560,#1561,#1562,#1563,#1564,#1565,#1566,#1567,#1568,
    #1569,#1570,#1571,#1572,#1573,#1574,#1575,#1576,#1577,#1578,#1579,
    #1580,#1581,#1582,#1583,#1584,#1585,#1586,#1587,#1588),
  .UNSPECIFIED.,.T.,.F.,(7,5,5,5,5,5,5,5,5,5,5,5,5,5,5,5,5,5,5,5,7),(0.,
    5.577039866851E-02,8.128702957053E-02,0.147742137786,0.199442725952,
    0.250387768861,0.301187272161,0.353617971228,0.420507700878,
    0.467097755039,0.523295698928,0.55659427777,0.582018647739,
    0.648233473042,0.699747126474,0.750507966489,0.801123793125,
    0.853364917584,0.920012792853,0.944587066984,1.),.UNSPECIFIED.);
#1487 = CARTESIAN_POINT('',(3.14159265359,46.98));
#1488 = CARTESIAN_POINT('',(3.09602941144,46.98));
#1489 = CARTESIAN_POINT('',(3.050867832748,46.999564575552));
#1490 = CARTESIAN_POINT('',(3.006620885793,47.038045618096));
#1491 = CARTESIAN_POINT('',(2.963792629784,47.093775404939));
#1492 = CARTESIAN_POINT('',(2.922917988232,47.164069563127));
#1493 = CARTESIAN_POINT('',(2.86699204862,47.282082938394));
#1494 = CARTESIAN_POINT('',(2.849876005684,47.321541356524));
#1495 = CARTESIAN_POINT('',(2.833198104175,47.363215232498));
#1496 = CARTESIAN_POINT('',(2.81695726643,47.406923092607));
#1497 = CARTESIAN_POINT('',(2.801152427005,47.45249923116));
#1498 = CARTESIAN_POINT('',(2.745752294937,47.62296525207));
#1499 = CARTESIAN_POINT('',(2.708635779543,47.757896140838));
#1500 = CARTESIAN_POINT('',(2.674331433683,47.90223998121));
#1501 = CARTESIAN_POINT('',(2.642768836578,48.054511723626));
#1502 = CARTESIAN_POINT('',(2.613922556929,48.213875772856));
#1503 = CARTESIAN_POINT('',(2.567576320254,48.509182769257));
#1504 = CARTESIAN_POINT('',(2.548976172166,48.642488635747));
#1505 = CARTESIAN_POINT('',(2.532128299575,48.779445669168));
#1506 = CARTESIAN_POINT('',(2.51711944006,48.919692317173));
#1507 = CARTESIAN_POINT('',(2.504046914376,49.062941222565));
#1508 = CARTESIAN_POINT('',(2.482145270607,49.352876157874));
#1509 = CARTESIAN_POINT('',(2.473252554534,49.499540376314));
#1510 = CARTESIAN_POINT('',(2.466481894989,49.64821909506));
#1511 = CARTESIAN_POINT('',(2.461929901979,49.798253534689));
#1512 = CARTESIAN_POINT('',(2.459649176527,49.949041756094));
#1513 = CARTESIAN_POINT('',(2.459649176527,50.250526986956));
#1514 = CARTESIAN_POINT('',(2.46191688985,50.400886156322));
#1515 = CARTESIAN_POINT('',(2.466443007045,50.550497934028));
#1516 = CARTESIAN_POINT('',(2.473175492551,50.69876484615));
#1517 = CARTESIAN_POINT('',(2.482018727847,50.845033318271));
#1518 = CARTESIAN_POINT('',(2.503987676236,51.136696078973));
#1519 = CARTESIAN_POINT('',(2.517246103577,51.281969396042));
#1520 = CARTESIAN_POINT('',(2.532495168379,51.42415238235));
#1521 = CARTESIAN_POINT('',(2.549633824067,51.562948739049));
#1522 = CARTESIAN_POINT('',(2.568572355811,51.697983509427));
#1523 = CARTESIAN_POINT('',(2.615595900505,51.995675937087));
#1524 = CARTESIAN_POINT('',(2.644769033483,52.155719658531));
#1525 = CARTESIAN_POINT('',(2.676692982469,52.308548696417));
#1526 = CARTESIAN_POINT('',(2.711396893782,52.453295981005));
#1527 = CARTESIAN_POINT('',(2.748954897649,52.588419968595));
#1528 = CARTESIAN_POINT('',(2.817692295463,52.797203567069));
#1529 = CARTESIAN_POINT('',(2.847427777874,52.87731232916));
#1530 = CARTESIAN_POINT('',(2.878635481414,52.950645127534));
#1531 = CARTESIAN_POINT('',(2.91127152113,53.015990623085));
#1532 = CARTESIAN_POINT('',(2.945291546512,53.072064649496));
#1533 = CARTESIAN_POINT('',(3.023303673168,53.172264994266));
#1534 = CARTESIAN_POINT('',(3.068017951038,53.211687205057));
#1535 = CARTESIAN_POINT('',(3.11390378764,53.232092343523));
#1536 = CARTESIAN_POINT('',(3.160118679799,53.231948927407));
#1537 = CARTESIAN_POINT('',(3.205832524478,53.211622107201));
#1538 = CARTESIAN_POINT('',(3.276446260669,53.15097722048));
#1539 = CARTESIAN_POINT('',(3.302195676865,53.122215702766));
#1540 = CARTESIAN_POINT('',(3.327356090502,53.08770265375));
#1541 = CARTESIAN_POINT('',(3.351861518349,53.047937574429));
#1542 = CARTESIAN_POINT('',(3.375644923778,53.003481039292));
#1543 = CARTESIAN_POINT('',(3.416193258558,52.917917061609));
#1544 = CARTESIAN_POINT('',(3.433309301496,52.878458643476));
#1545 = CARTESIAN_POINT('',(3.449987203006,52.836784767499));
#1546 = CARTESIAN_POINT('',(3.466228040749,52.793076907391));
#1547 = CARTESIAN_POINT('',(3.482032880174,52.747500768843));
#1548 = CARTESIAN_POINT('',(3.537433012243,52.57703474793));
#1549 = CARTESIAN_POINT('',(3.574549527637,52.442103859161));
#1550 = CARTESIAN_POINT('',(3.608853873496,52.297760018791));
#1551 = CARTESIAN_POINT('',(3.640416470602,52.145488276374));
#1552 = CARTESIAN_POINT('',(3.66926275025,51.986124227143));
#1553 = CARTESIAN_POINT('',(3.715608986925,51.690817230743));
#1554 = CARTESIAN_POINT('',(3.734209135013,51.557511364253));
#1555 = CARTESIAN_POINT('',(3.751057007605,51.420554330832));
#1556 = CARTESIAN_POINT('',(3.76606586712,51.280307682827));
#1557 = CARTESIAN_POINT('',(3.779138392804,51.137058777435));
#1558 = CARTESIAN_POINT('',(3.801040036572,50.847123842126));
#1559 = CARTESIAN_POINT('',(3.809932752646,50.700459623686));
#1560 = CARTESIAN_POINT('',(3.81670341219,50.55178090494));
#1561 = CARTESIAN_POINT('',(3.8212554052,50.401746465311));
#1562 = CARTESIAN_POINT('',(3.823536130653,50.250958243906));
#1563 = CARTESIAN_POINT('',(3.823536130653,49.949473013043));
#1564 = CARTESIAN_POINT('',(3.821268417329,49.799113843678));
#1565 = CARTESIAN_POINT('',(3.816742300134,49.649502065972));
#1566 = CARTESIAN_POINT('',(3.810009814629,49.501235153849));
#1567 = CARTESIAN_POINT('',(3.801166579333,49.354966681729));
#1568 = CARTESIAN_POINT('',(3.779197630944,49.063303921027));
#1569 = CARTESIAN_POINT('',(3.765939203602,48.918030603957));
#1570 = CARTESIAN_POINT('',(3.7506901388,48.77584761765));
#1571 = CARTESIAN_POINT('',(3.733551483113,48.637051260951));
#1572 = CARTESIAN_POINT('',(3.714612951369,48.502016490573));
#1573 = CARTESIAN_POINT('',(3.667589406675,48.204324062913));
#1574 = CARTESIAN_POINT('',(3.638416273697,48.044280341469));
#1575 = CARTESIAN_POINT('',(3.60649232471,47.891451303582));
#1576 = CARTESIAN_POINT('',(3.571788413398,47.746704018995));
#1577 = CARTESIAN_POINT('',(3.53423040953,47.611580031404));
#1578 = CARTESIAN_POINT('',(3.478774476029,47.443137673656));
#1579 = CARTESIAN_POINT('',(3.463428460509,47.399386913131));
#1580 = CARTESIAN_POINT('',(3.447674829894,47.357400188389));
#1581 = CARTESIAN_POINT('',(3.431512744479,47.317329247733));
#1582 = CARTESIAN_POINT('',(3.414941361459,47.279339366136));
#1583 = CARTESIAN_POINT('',(3.359667912772,47.163041136252));
#1584 = CARTESIAN_POINT('',(3.31889102901,47.093123864519));
#1585 = CARTESIAN_POINT('',(3.276175598511,47.03770760938));
#1586 = CARTESIAN_POINT('',(3.232052390408,46.999449497911));
#1587 = CARTESIAN_POINT('',(3.187021695383,46.98));
#1588 = CARTESIAN_POINT('',(3.14159265359,46.98));
#1589 = ( GEOMETRIC_REPRESENTATION_CONTEXT(2)
PARAMETRIC_REPRESENTATION_CONTEXT() REPRESENTATION_CONTEXT('2D SPACE',''
  ) );
#1590 = PCURVE('',#877,#1591);
#1591 = DEFINITIONAL_REPRESENTATION('',(#1592),#1695);
#1592 = B_SPLINE_CURVE_WITH_KNOTS('',6,(#1593,#1594,#1595,#1596,#1597,
    #1598,#1599,#1600,#1601,#1602,#1603,#1604,#1605,#1606,#1607,#1608,
    #1609,#1610,#1611,#1612,#1613,#1614,#1615,#1616,#1617,#1618,#1619,
    #1620,#1621,#1622,#1623,#1624,#1625,#1626,#1627,#1628,#1629,#1630,
    #1631,#1632,#1633,#1634,#1635,#1636,#1637,#1638,#1639,#1640,#1641,
    #1642,#1643,#1644,#1645,#1646,#1647,#1648,#1649,#1650,#1651,#1652,
    #1653,#1654,#1655,#1656,#1657,#1658,#1659,#1660,#1661,#1662,#1663,
    #1664,#1665,#1666,#1667,#1668,#1669,#1670,#1671,#1672,#1673,#1674,
    #1675,#1676,#1677,#1678,#1679,#1680,#1681,#1682,#1683,#1684,#1685,
    #1686,#1687,#1688,#1689,#1690,#1691,#1692,#1693,#1694),
  .UNSPECIFIED.,.F.,.F.,(7,5,5,5,5,5,5,5,5,5,5,5,5,5,5,5,5,5,5,5,7),(0.,
    5.577039866851E-02,8.128702957053E-02,0.147742137786,0.199442725952,
    0.250387768861,0.301187272161,0.353617971228,0.420507700878,
    0.467097755039,0.523295698928,0.55659427777,0.582018647739,
    0.648233473042,0.699747126474,0.750507966489,0.801123793125,
    0.853364917584,0.920012792853,0.944587066984,1.),.UNSPECIFIED.);
#1593 = CARTESIAN_POINT('',(0.,8.05));
#1594 = CARTESIAN_POINT('',(7.228783610232E-02,8.05));
#1595 = CARTESIAN_POINT('',(0.143938239819,8.062331833711));
#1596 = CARTESIAN_POINT('',(0.214548434124,8.086585469454));
#1597 = CARTESIAN_POINT('',(0.28368781515,8.121365389503));
#1598 = CARTESIAN_POINT('',(0.350817713353,8.16434459484));
#1599 = CARTESIAN_POINT('',(0.444597638359,8.234722225215));
#1600 = CARTESIAN_POINT('',(0.473594197004,8.258031730969));
#1601 = CARTESIAN_POINT('',(0.502170515275,8.282381962994));
#1602 = CARTESIAN_POINT('',(0.530345831861,8.307605028134));
#1603 = CARTESIAN_POINT('',(0.558138229079,8.333542454993));
#1604 = CARTESIAN_POINT('',(0.656997321886,8.429070744838));
#1605 = CARTESIAN_POINT('',(0.726015452692,8.501994129242));
#1606 = CARTESIAN_POINT('',(0.79308401119,8.576355738428));
#1607 = CARTESIAN_POINT('',(0.858626918042,8.650192730237));
#1608 = CARTESIAN_POINT('',(0.923077240281,8.721848262845));
#1609 = CARTESIAN_POINT('',(1.036523620746,8.842489995891));
#1610 = CARTESIAN_POINT('',(1.08578110384,8.892984609549));
#1611 = CARTESIAN_POINT('',(1.134763877936,8.94031288996));
#1612 = CARTESIAN_POINT('',(1.183578573428,8.983630218346));
#1613 = CARTESIAN_POINT('',(1.232339897199,9.022142183123));
#1614 = CARTESIAN_POINT('',(1.32930606504,9.087629474314));
#1615 = CARTESIAN_POINT('',(1.377528342867,9.114778636733));
#1616 = CARTESIAN_POINT('',(1.425790759739,9.135753429191));
#1617 = CARTESIAN_POINT('',(1.47408274589,9.149955543887));
#1618 = CARTESIAN_POINT('',(1.522412274261,9.157071429235));
#1619 = CARTESIAN_POINT('',(1.619042155948,9.157071429235));
#1620 = CARTESIAN_POINT('',(1.667234168162,9.149996142178));
#1621 = CARTESIAN_POINT('',(1.715388940885,9.135874757895));
#1622 = CARTESIAN_POINT('',(1.763514190471,9.115017367945));
#1623 = CARTESIAN_POINT('',(1.811599298904,9.088015839016));
#1624 = CARTESIAN_POINT('',(1.909119411873,9.022311196746));
#1625 = CARTESIAN_POINT('',(1.958567547428,8.983246859444));
#1626 = CARTESIAN_POINT('',(2.008070137553,8.939243125095));
#1627 = CARTESIAN_POINT('',(2.057747968506,8.891127749482));
#1628 = CARTESIAN_POINT('',(2.107713409767,8.839781224709));
#1629 = CARTESIAN_POINT('',(2.222332001379,8.717649614293));
#1630 = CARTESIAN_POINT('',(2.287250440195,8.645393627587));
#1631 = CARTESIAN_POINT('',(2.353293318423,8.5709989872));
#1632 = CARTESIAN_POINT('',(2.420903620592,8.49615798569));
#1633 = CARTESIAN_POINT('',(2.490514507679,8.42288592305));
#1634 = CARTESIAN_POINT('',(2.612810213232,8.305537229567));
#1635 = CARTESIAN_POINT('',(2.664361544934,8.259213327913));
#1636 = CARTESIAN_POINT('',(2.717263988928,8.215778540484));
#1637 = CARTESIAN_POINT('',(2.771549434061,8.176334357975));
#1638 = CARTESIAN_POINT('',(2.827276158545,8.142017674377));
#1639 = CARTESIAN_POINT('',(2.953596604935,8.080136623363));
#1640 = CARTESIAN_POINT('',(3.025068593127,8.055334489042));
#1641 = CARTESIAN_POINT('',(3.097783402004,8.042314886799));
#1642 = CARTESIAN_POINT('',(3.170843726552,8.042454061552));
#1643 = CARTESIAN_POINT('',(3.243389057387,8.055365765589));
#1644 = CARTESIAN_POINT('',(3.356444169413,8.093244300716));
#1645 = CARTESIAN_POINT('',(3.397895994864,8.111132777913));
#1646 = CARTESIAN_POINT('',(3.438702752727,8.132459395527));
#1647 = CARTESIAN_POINT('',(3.478821768183,8.15680374993));
#1648 = CARTESIAN_POINT('',(3.518196444706,8.183695890435));
#1649 = CARTESIAN_POINT('',(3.586190291947,8.234722225213));
#1650 = CARTESIAN_POINT('',(3.615186850595,8.258031730969));
#1651 = CARTESIAN_POINT('',(3.643763168867,8.282381962996));
#1652 = CARTESIAN_POINT('',(3.671938485451,8.307605028134));
#1653 = CARTESIAN_POINT('',(3.699730882666,8.333542454991));
#1654 = CARTESIAN_POINT('',(3.798589975476,8.429070744838));
#1655 = CARTESIAN_POINT('',(3.867608106282,8.501994129243));
#1656 = CARTESIAN_POINT('',(3.93467666478,8.576355738428));
#1657 = CARTESIAN_POINT('',(4.000219571632,8.650192730237));
#1658 = CARTESIAN_POINT('',(4.064669893871,8.721848262845));
#1659 = CARTESIAN_POINT('',(4.178116274335,8.842489995891));
#1660 = CARTESIAN_POINT('',(4.22737375743,8.892984609549));
#1661 = CARTESIAN_POINT('',(4.276356531526,8.94031288996));
#1662 = CARTESIAN_POINT('',(4.325171227018,8.983630218346));
#1663 = CARTESIAN_POINT('',(4.373932550788,9.022142183123));
#1664 = CARTESIAN_POINT('',(4.47089871863,9.087629474314));
#1665 = CARTESIAN_POINT('',(4.519120996457,9.114778636733));
#1666 = CARTESIAN_POINT('',(4.567383413329,9.135753429191));
#1667 = CARTESIAN_POINT('',(4.61567539948,9.149955543887));
#1668 = CARTESIAN_POINT('',(4.664004927851,9.157071429235));
#1669 = CARTESIAN_POINT('',(4.760634809537,9.157071429235));
#1670 = CARTESIAN_POINT('',(4.808826821752,9.149996142178));
#1671 = CARTESIAN_POINT('',(4.856981594475,9.135874757895));
#1672 = CARTESIAN_POINT('',(4.905106844061,9.115017367945));
#1673 = CARTESIAN_POINT('',(4.953191952494,9.088015839016));
#1674 = CARTESIAN_POINT('',(5.050712065463,9.022311196746));
#1675 = CARTESIAN_POINT('',(5.100160201018,8.983246859444));
#1676 = CARTESIAN_POINT('',(5.149662791142,8.939243125095));
#1677 = CARTESIAN_POINT('',(5.199340622096,8.891127749482));
#1678 = CARTESIAN_POINT('',(5.249306063357,8.839781224709));
#1679 = CARTESIAN_POINT('',(5.363924654969,8.717649614293));
#1680 = CARTESIAN_POINT('',(5.428843093785,8.645393627587));
#1681 = CARTESIAN_POINT('',(5.494885972013,8.5709989872));
#1682 = CARTESIAN_POINT('',(5.562496274182,8.496157985689));
#1683 = CARTESIAN_POINT('',(5.632107161269,8.42288592305));
#1684 = CARTESIAN_POINT('',(5.73077284735,8.328211385617));
#1685 = CARTESIAN_POINT('',(5.757697012917,8.30325694743));
#1686 = CARTESIAN_POINT('',(5.784981167025,8.278988334021));
#1687 = CARTESIAN_POINT('',(5.812641665754,8.255549583015));
#1688 = CARTESIAN_POINT('',(5.840695914769,8.233092817348));
#1689 = CARTESIAN_POINT('',(5.933351843685,8.163715667746));
#1690 = CARTESIAN_POINT('',(6.000307278797,8.120958780799));
#1691 = CARTESIAN_POINT('',(6.069257375992,8.086372436653));
#1692 = CARTESIAN_POINT('',(6.139667631347,8.06225929665));
#1693 = CARTESIAN_POINT('',(6.211110385104,8.05));
#1694 = CARTESIAN_POINT('',(6.28318530718,8.05));
#1695 = ( GEOMETRIC_REPRESENTATION_CONTEXT(2)
PARAMETRIC_REPRESENTATION_CONTEXT() REPRESENTATION_CONTEXT('2D SPACE',''
  ) );
#1696 = ADVANCED_FACE('',(#1697),#249,.T.);
#1697 = FACE_BOUND('',#1698,.T.);
#1698 = EDGE_LOOP('',(#1699,#1722,#1750,#1771,#1772));
#1699 = ORIENTED_EDGE('',*,*,#1700,.F.);
#1700 = EDGE_CURVE('',#1701,#674,#1703,.T.);
#1701 = VERTEX_POINT('',#1702);
#1702 = CARTESIAN_POINT('',(9.75,2.25,29.5));
#1703 = SURFACE_CURVE('',#1704,(#1708,#1715),.PCURVE_S1.);
#1704 = LINE('',#1705,#1706);
#1705 = CARTESIAN_POINT('',(9.75,2.25,29.5));
#1706 = VECTOR('',#1707,1.);
#1707 = DIRECTION('',(1.,0.,-0.));
#1708 = PCURVE('',#249,#1709);
#1709 = DEFINITIONAL_REPRESENTATION('',(#1710),#1714);
#1710 = LINE('',#1711,#1712);
#1711 = CARTESIAN_POINT('',(0.,4.5));
#1712 = VECTOR('',#1713,1.);
#1713 = DIRECTION('',(1.,0.));
#1714 = ( GEOMETRIC_REPRESENTATION_CONTEXT(2)
PARAMETRIC_REPRESENTATION_CONTEXT() REPRESENTATION_CONTEXT('2D SPACE',''
  ) );
#1715 = PCURVE('',#688,#1716);
#1716 = DEFINITIONAL_REPRESENTATION('',(#1717),#1721);
#1717 = LINE('',#1718,#1719);
#1718 = CARTESIAN_POINT('',(0.,0.));
#1719 = VECTOR('',#1720,1.);
#1720 = DIRECTION('',(0.,1.));
#1721 = ( GEOMETRIC_REPRESENTATION_CONTEXT(2)
PARAMETRIC_REPRESENTATION_CONTEXT() REPRESENTATION_CONTEXT('2D SPACE',''
  ) );
#1722 = ORIENTED_EDGE('',*,*,#1723,.F.);
#1723 = EDGE_CURVE('',#1724,#1701,#1726,.T.);
#1724 = VERTEX_POINT('',#1725);
#1725 = CARTESIAN_POINT('',(9.75,-2.25,29.5));
#1726 = SURFACE_CURVE('',#1727,(#1731,#1738),.PCURVE_S1.);
#1727 = LINE('',#1728,#1729);
#1728 = CARTESIAN_POINT('',(9.75,-2.25,29.5));
#1729 = VECTOR('',#1730,1.);
#1730 = DIRECTION('',(-0.,1.,0.));
#1731 = PCURVE('',#249,#1732);
#1732 = DEFINITIONAL_REPRESENTATION('',(#1733),#1737);
#1733 = LINE('',#1734,#1735);
#1734 = CARTESIAN_POINT('',(0.,0.));
#1735 = VECTOR('',#1736,1.);
#1736 = DIRECTION('',(0.,1.));
#1737 = ( GEOMETRIC_REPRESENTATION_CONTEXT(2)
PARAMETRIC_REPRESENTATION_CONTEXT() REPRESENTATION_CONTEXT('2D SPACE',''
  ) );
#1738 = PCURVE('',#1739,#1744);
#1739 = PLANE('',#1740);
#1740 = AXIS2_PLACEMENT_3D('',#1741,#1742,#1743);
#1741 = CARTESIAN_POINT('',(9.75,-2.25,29.5));
#1742 = DIRECTION('',(1.,0.,-0.));
#1743 = DIRECTION('',(0.,0.,1.));
#1744 = DEFINITIONAL_REPRESENTATION('',(#1745),#1749);
#1745 = LINE('',#1746,#1747);
#1746 = CARTESIAN_POINT('',(0.,0.));
#1747 = VECTOR('',#1748,1.);
#1748 = DIRECTION('',(0.,-1.));
#1749 = ( GEOMETRIC_REPRESENTATION_CONTEXT(2)
PARAMETRIC_REPRESENTATION_CONTEXT() REPRESENTATION_CONTEXT('2D SPACE',''
  ) );
#1750 = ORIENTED_EDGE('',*,*,#1751,.T.);
#1751 = EDGE_CURVE('',#1724,#233,#1752,.T.);
#1752 = SURFACE_CURVE('',#1753,(#1757,#1764),.PCURVE_S1.);
#1753 = LINE('',#1754,#1755);
#1754 = CARTESIAN_POINT('',(9.75,-2.25,29.5));
#1755 = VECTOR('',#1756,1.);
#1756 = DIRECTION('',(1.,0.,-0.));
#1757 = PCURVE('',#249,#1758);
#1758 = DEFINITIONAL_REPRESENTATION('',(#1759),#1763);
#1759 = LINE('',#1760,#1761);
#1760 = CARTESIAN_POINT('',(0.,0.));
#1761 = VECTOR('',#1762,1.);
#1762 = DIRECTION('',(1.,0.));
#1763 = ( GEOMETRIC_REPRESENTATION_CONTEXT(2)
PARAMETRIC_REPRESENTATION_CONTEXT() REPRESENTATION_CONTEXT('2D SPACE',''
  ) );
#1764 = PCURVE('',#276,#1765);
#1765 = DEFINITIONAL_REPRESENTATION('',(#1766),#1770);
#1766 = LINE('',#1767,#1768);
#1767 = CARTESIAN_POINT('',(0.,0.));
#1768 = VECTOR('',#1769,1.);
#1769 = DIRECTION('',(0.,1.));
#1770 = ( GEOMETRIC_REPRESENTATION_CONTEXT(2)
PARAMETRIC_REPRESENTATION_CONTEXT() REPRESENTATION_CONTEXT('2D SPACE',''
  ) );
#1771 = ORIENTED_EDGE('',*,*,#232,.T.);
#1772 = ORIENTED_EDGE('',*,*,#699,.T.);
#1773 = ADVANCED_FACE('',(#1774),#688,.F.);
#1774 = FACE_BOUND('',#1775,.F.);
#1775 = EDGE_LOOP('',(#1776,#1777,#1800,#1819));
#1776 = ORIENTED_EDGE('',*,*,#1700,.F.);
#1777 = ORIENTED_EDGE('',*,*,#1778,.T.);
#1778 = EDGE_CURVE('',#1701,#1779,#1781,.T.);
#1779 = VERTEX_POINT('',#1780);
#1780 = CARTESIAN_POINT('',(9.75,2.25,46.938542158635));
#1781 = SURFACE_CURVE('',#1782,(#1786,#1793),.PCURVE_S1.);
#1782 = LINE('',#1783,#1784);
#1783 = CARTESIAN_POINT('',(9.75,2.25,29.5));
#1784 = VECTOR('',#1785,1.);
#1785 = DIRECTION('',(0.,0.,1.));
#1786 = PCURVE('',#688,#1787);
#1787 = DEFINITIONAL_REPRESENTATION('',(#1788),#1792);
#1788 = LINE('',#1789,#1790);
#1789 = CARTESIAN_POINT('',(0.,0.));
#1790 = VECTOR('',#1791,1.);
#1791 = DIRECTION('',(1.,0.));
#1792 = ( GEOMETRIC_REPRESENTATION_CONTEXT(2)
PARAMETRIC_REPRESENTATION_CONTEXT() REPRESENTATION_CONTEXT('2D SPACE',''
  ) );
#1793 = PCURVE('',#1739,#1794);
#1794 = DEFINITIONAL_REPRESENTATION('',(#1795),#1799);
#1795 = LINE('',#1796,#1797);
#1796 = CARTESIAN_POINT('',(0.,-4.5));
#1797 = VECTOR('',#1798,1.);
#1798 = DIRECTION('',(1.,0.));
#1799 = ( GEOMETRIC_REPRESENTATION_CONTEXT(2)
PARAMETRIC_REPRESENTATION_CONTEXT() REPRESENTATION_CONTEXT('2D SPACE',''
  ) );
#1800 = ORIENTED_EDGE('',*,*,#1801,.T.);
#1801 = EDGE_CURVE('',#1779,#546,#1802,.T.);
#1802 = SURFACE_CURVE('',#1803,(#1807,#1813),.PCURVE_S1.);
#1803 = LINE('',#1804,#1805);
#1804 = CARTESIAN_POINT('',(-13.,2.25,46.938542158635));
#1805 = VECTOR('',#1806,1.);
#1806 = DIRECTION('',(1.,0.,1.110223024625E-16));
#1807 = PCURVE('',#688,#1808);
#1808 = DEFINITIONAL_REPRESENTATION('',(#1809),#1812);
#1809 = B_SPLINE_CURVE_WITH_KNOTS('',1,(#1810,#1811),.UNSPECIFIED.,.F.,
  .F.,(2,2),(22.546282476587,24.990892757539),.PIECEWISE_BEZIER_KNOTS.);
#1810 = CARTESIAN_POINT('',(17.438542158635,-0.203717523413));
#1811 = CARTESIAN_POINT('',(17.438542158635,2.240892757539));
#1812 = ( GEOMETRIC_REPRESENTATION_CONTEXT(2)
PARAMETRIC_REPRESENTATION_CONTEXT() REPRESENTATION_CONTEXT('2D SPACE',''
  ) );
#1813 = PCURVE('',#371,#1814);
#1814 = DEFINITIONAL_REPRESENTATION('',(#1815),#1818);
#1815 = B_SPLINE_CURVE_WITH_KNOTS('',1,(#1816,#1817),.UNSPECIFIED.,.F.,
  .F.,(2,2),(22.546282476587,24.990892757539),.PIECEWISE_BEZIER_KNOTS.);
#1816 = CARTESIAN_POINT('',(0.805466420912,22.546282476587));
#1817 = CARTESIAN_POINT('',(0.805466420912,24.990892757539));
#1818 = ( GEOMETRIC_REPRESENTATION_CONTEXT(2)
PARAMETRIC_REPRESENTATION_CONTEXT() REPRESENTATION_CONTEXT('2D SPACE',''
  ) );
#1819 = ORIENTED_EDGE('',*,*,#673,.F.);
#1820 = ADVANCED_FACE('',(#1821),#371,.F.);
#1821 = FACE_BOUND('',#1822,.F.);
#1822 = EDGE_LOOP('',(#1823,#1847,#1868,#1869,#1870,#1871,#1895,#1914,
    #1915,#1936,#1965,#1984,#1985));
#1823 = ORIENTED_EDGE('',*,*,#1824,.F.);
#1824 = EDGE_CURVE('',#1825,#1779,#1827,.T.);
#1825 = VERTEX_POINT('',#1826);
#1826 = CARTESIAN_POINT('',(9.75,-7.641796026679E-16,45.98));
#1827 = SURFACE_CURVE('',#1828,(#1833,#1840),.PCURVE_S1.);
#1828 = CIRCLE('',#1829,3.12);
#1829 = AXIS2_PLACEMENT_3D('',#1830,#1831,#1832);
#1830 = CARTESIAN_POINT('',(9.75,0.,49.1));
#1831 = DIRECTION('',(1.,0.,1.110223024625E-16));
#1832 = DIRECTION('',(1.110223024625E-16,0.,-1.));
#1833 = PCURVE('',#371,#1834);
#1834 = DEFINITIONAL_REPRESENTATION('',(#1835),#1839);
#1835 = LINE('',#1836,#1837);
#1836 = CARTESIAN_POINT('',(0.,22.75));
#1837 = VECTOR('',#1838,1.);
#1838 = DIRECTION('',(1.,0.));
#1839 = ( GEOMETRIC_REPRESENTATION_CONTEXT(2)
PARAMETRIC_REPRESENTATION_CONTEXT() REPRESENTATION_CONTEXT('2D SPACE',''
  ) );
#1840 = PCURVE('',#1739,#1841);
#1841 = DEFINITIONAL_REPRESENTATION('',(#1842),#1846);
#1842 = CIRCLE('',#1843,3.12);
#1843 = AXIS2_PLACEMENT_2D('',#1844,#1845);
#1844 = CARTESIAN_POINT('',(19.6,-2.25));
#1845 = DIRECTION('',(-1.,0.));
#1846 = ( GEOMETRIC_REPRESENTATION_CONTEXT(2)
PARAMETRIC_REPRESENTATION_CONTEXT() REPRESENTATION_CONTEXT('2D SPACE',''
  ) );
#1847 = ORIENTED_EDGE('',*,*,#1848,.F.);
#1848 = EDGE_CURVE('',#987,#1825,#1849,.T.);
#1849 = SEAM_CURVE('',#1850,(#1854,#1861),.PCURVE_S1.);
#1850 = LINE('',#1851,#1852);
#1851 = CARTESIAN_POINT('',(-13.,-7.641796026679E-16,45.98));
#1852 = VECTOR('',#1853,1.);
#1853 = DIRECTION('',(1.,0.,1.110223024625E-16));
#1854 = PCURVE('',#371,#1855);
#1855 = DEFINITIONAL_REPRESENTATION('',(#1856),#1860);
#1856 = LINE('',#1857,#1858);
#1857 = CARTESIAN_POINT('',(6.28318530718,-0.));
#1858 = VECTOR('',#1859,1.);
#1859 = DIRECTION('',(0.,1.));
#1860 = ( GEOMETRIC_REPRESENTATION_CONTEXT(2)
PARAMETRIC_REPRESENTATION_CONTEXT() REPRESENTATION_CONTEXT('2D SPACE',''
  ) );
#1861 = PCURVE('',#371,#1862);
#1862 = DEFINITIONAL_REPRESENTATION('',(#1863),#1867);
#1863 = LINE('',#1864,#1865);
#1864 = CARTESIAN_POINT('',(0.,-0.));
#1865 = VECTOR('',#1866,1.);
#1866 = DIRECTION('',(0.,1.));
#1867 = ( GEOMETRIC_REPRESENTATION_CONTEXT(2)
PARAMETRIC_REPRESENTATION_CONTEXT() REPRESENTATION_CONTEXT('2D SPACE',''
  ) );
#1868 = ORIENTED_EDGE('',*,*,#986,.T.);
#1869 = ORIENTED_EDGE('',*,*,#1207,.T.);
#1870 = ORIENTED_EDGE('',*,*,#1848,.T.);
#1871 = ORIENTED_EDGE('',*,*,#1872,.F.);
#1872 = EDGE_CURVE('',#1873,#1825,#1875,.T.);
#1873 = VERTEX_POINT('',#1874);
#1874 = CARTESIAN_POINT('',(9.75,-2.25,46.938542158635));
#1875 = SURFACE_CURVE('',#1876,(#1881,#1888),.PCURVE_S1.);
#1876 = CIRCLE('',#1877,3.12);
#1877 = AXIS2_PLACEMENT_3D('',#1878,#1879,#1880);
#1878 = CARTESIAN_POINT('',(9.75,0.,49.1));
#1879 = DIRECTION('',(1.,0.,1.110223024625E-16));
#1880 = DIRECTION('',(1.110223024625E-16,0.,-1.));
#1881 = PCURVE('',#371,#1882);
#1882 = DEFINITIONAL_REPRESENTATION('',(#1883),#1887);
#1883 = LINE('',#1884,#1885);
#1884 = CARTESIAN_POINT('',(0.,22.75));
#1885 = VECTOR('',#1886,1.);
#1886 = DIRECTION('',(1.,0.));
#1887 = ( GEOMETRIC_REPRESENTATION_CONTEXT(2)
PARAMETRIC_REPRESENTATION_CONTEXT() REPRESENTATION_CONTEXT('2D SPACE',''
  ) );
#1888 = PCURVE('',#1739,#1889);
#1889 = DEFINITIONAL_REPRESENTATION('',(#1890),#1894);
#1890 = CIRCLE('',#1891,3.12);
#1891 = AXIS2_PLACEMENT_2D('',#1892,#1893);
#1892 = CARTESIAN_POINT('',(19.6,-2.25));
#1893 = DIRECTION('',(-1.,0.));
#1894 = ( GEOMETRIC_REPRESENTATION_CONTEXT(2)
PARAMETRIC_REPRESENTATION_CONTEXT() REPRESENTATION_CONTEXT('2D SPACE',''
  ) );
#1895 = ORIENTED_EDGE('',*,*,#1896,.T.);
#1896 = EDGE_CURVE('',#1873,#262,#1897,.T.);
#1897 = SURFACE_CURVE('',#1898,(#1902,#1908),.PCURVE_S1.);
#1898 = LINE('',#1899,#1900);
#1899 = CARTESIAN_POINT('',(-13.,-2.25,46.938542158635));
#1900 = VECTOR('',#1901,1.);
#1901 = DIRECTION('',(1.,0.,1.110223024625E-16));
#1902 = PCURVE('',#371,#1903);
#1903 = DEFINITIONAL_REPRESENTATION('',(#1904),#1907);
#1904 = B_SPLINE_CURVE_WITH_KNOTS('',1,(#1905,#1906),.UNSPECIFIED.,.F.,
  .F.,(2,2),(22.546282476587,24.990892757539),.PIECEWISE_BEZIER_KNOTS.);
#1905 = CARTESIAN_POINT('',(5.477718886268,22.546282476587));
#1906 = CARTESIAN_POINT('',(5.477718886268,24.990892757539));
#1907 = ( GEOMETRIC_REPRESENTATION_CONTEXT(2)
PARAMETRIC_REPRESENTATION_CONTEXT() REPRESENTATION_CONTEXT('2D SPACE',''
  ) );
#1908 = PCURVE('',#276,#1909);
#1909 = DEFINITIONAL_REPRESENTATION('',(#1910),#1913);
#1910 = B_SPLINE_CURVE_WITH_KNOTS('',1,(#1911,#1912),.UNSPECIFIED.,.F.,
  .F.,(2,2),(22.546282476587,24.990892757539),.PIECEWISE_BEZIER_KNOTS.);
#1911 = CARTESIAN_POINT('',(17.438542158635,-0.203717523413));
#1912 = CARTESIAN_POINT('',(17.438542158635,2.240892757539));
#1913 = ( GEOMETRIC_REPRESENTATION_CONTEXT(2)
PARAMETRIC_REPRESENTATION_CONTEXT() REPRESENTATION_CONTEXT('2D SPACE',''
  ) );
#1914 = ORIENTED_EDGE('',*,*,#287,.F.);
#1915 = ORIENTED_EDGE('',*,*,#1916,.F.);
#1916 = EDGE_CURVE('',#1917,#288,#1919,.T.);
#1917 = VERTEX_POINT('',#1918);
#1918 = CARTESIAN_POINT('',(9.75,-2.25,51.261457841365));
#1919 = SURFACE_CURVE('',#1920,(#1924,#1930),.PCURVE_S1.);
#1920 = LINE('',#1921,#1922);
#1921 = CARTESIAN_POINT('',(-13.,-2.25,51.261457841365));
#1922 = VECTOR('',#1923,1.);
#1923 = DIRECTION('',(1.,0.,1.110223024625E-16));
#1924 = PCURVE('',#371,#1925);
#1925 = DEFINITIONAL_REPRESENTATION('',(#1926),#1929);
#1926 = B_SPLINE_CURVE_WITH_KNOTS('',1,(#1927,#1928),.UNSPECIFIED.,.F.,
  .F.,(2,2),(22.546282476587,24.990892757539),.PIECEWISE_BEZIER_KNOTS.);
#1927 = CARTESIAN_POINT('',(3.947059074502,22.546282476587));
#1928 = CARTESIAN_POINT('',(3.947059074502,24.990892757539));
#1929 = ( GEOMETRIC_REPRESENTATION_CONTEXT(2)
PARAMETRIC_REPRESENTATION_CONTEXT() REPRESENTATION_CONTEXT('2D SPACE',''
  ) );
#1930 = PCURVE('',#432,#1931);
#1931 = DEFINITIONAL_REPRESENTATION('',(#1932),#1935);
#1932 = B_SPLINE_CURVE_WITH_KNOTS('',1,(#1933,#1934),.UNSPECIFIED.,.F.,
  .F.,(2,2),(22.546282476587,24.990892757539),.PIECEWISE_BEZIER_KNOTS.);
#1933 = CARTESIAN_POINT('',(21.761457841365,-0.203717523413));
#1934 = CARTESIAN_POINT('',(21.761457841365,2.240892757539));
#1935 = ( GEOMETRIC_REPRESENTATION_CONTEXT(2)
PARAMETRIC_REPRESENTATION_CONTEXT() REPRESENTATION_CONTEXT('2D SPACE',''
  ) );
#1936 = ORIENTED_EDGE('',*,*,#1937,.F.);
#1937 = EDGE_CURVE('',#1938,#1917,#1940,.T.);
#1938 = VERTEX_POINT('',#1939);
#1939 = CARTESIAN_POINT('',(9.75,2.25,51.261457841365));
#1940 = SURFACE_CURVE('',#1941,(#1946,#1953),.PCURVE_S1.);
#1941 = CIRCLE('',#1942,3.12);
#1942 = AXIS2_PLACEMENT_3D('',#1943,#1944,#1945);
#1943 = CARTESIAN_POINT('',(9.75,0.,49.1));
#1944 = DIRECTION('',(1.,0.,1.110223024625E-16));
#1945 = DIRECTION('',(1.110223024625E-16,0.,-1.));
#1946 = PCURVE('',#371,#1947);
#1947 = DEFINITIONAL_REPRESENTATION('',(#1948),#1952);
#1948 = LINE('',#1949,#1950);
#1949 = CARTESIAN_POINT('',(0.,22.75));
#1950 = VECTOR('',#1951,1.);
#1951 = DIRECTION('',(1.,0.));
#1952 = ( GEOMETRIC_REPRESENTATION_CONTEXT(2)
PARAMETRIC_REPRESENTATION_CONTEXT() REPRESENTATION_CONTEXT('2D SPACE',''
  ) );
#1953 = PCURVE('',#1954,#1959);
#1954 = PLANE('',#1955);
#1955 = AXIS2_PLACEMENT_3D('',#1956,#1957,#1958);
#1956 = CARTESIAN_POINT('',(9.75,-2.25,29.5));
#1957 = DIRECTION('',(1.,0.,-0.));
#1958 = DIRECTION('',(0.,0.,1.));
#1959 = DEFINITIONAL_REPRESENTATION('',(#1960),#1964);
#1960 = CIRCLE('',#1961,3.12);
#1961 = AXIS2_PLACEMENT_2D('',#1962,#1963);
#1962 = CARTESIAN_POINT('',(19.6,-2.25));
#1963 = DIRECTION('',(-1.,0.));
#1964 = ( GEOMETRIC_REPRESENTATION_CONTEXT(2)
PARAMETRIC_REPRESENTATION_CONTEXT() REPRESENTATION_CONTEXT('2D SPACE',''
  ) );
#1965 = ORIENTED_EDGE('',*,*,#1966,.T.);
#1966 = EDGE_CURVE('',#1938,#520,#1967,.T.);
#1967 = SURFACE_CURVE('',#1968,(#1972,#1978),.PCURVE_S1.);
#1968 = LINE('',#1969,#1970);
#1969 = CARTESIAN_POINT('',(-13.,2.25,51.261457841365));
#1970 = VECTOR('',#1971,1.);
#1971 = DIRECTION('',(1.,0.,1.110223024625E-16));
#1972 = PCURVE('',#371,#1973);
#1973 = DEFINITIONAL_REPRESENTATION('',(#1974),#1977);
#1974 = B_SPLINE_CURVE_WITH_KNOTS('',1,(#1975,#1976),.UNSPECIFIED.,.F.,
  .F.,(2,2),(22.546282476587,24.990892757539),.PIECEWISE_BEZIER_KNOTS.);
#1975 = CARTESIAN_POINT('',(2.336126232678,22.546282476587));
#1976 = CARTESIAN_POINT('',(2.336126232678,24.990892757539));
#1977 = ( GEOMETRIC_REPRESENTATION_CONTEXT(2)
PARAMETRIC_REPRESENTATION_CONTEXT() REPRESENTATION_CONTEXT('2D SPACE',''
  ) );
#1978 = PCURVE('',#534,#1979);
#1979 = DEFINITIONAL_REPRESENTATION('',(#1980),#1983);
#1980 = B_SPLINE_CURVE_WITH_KNOTS('',1,(#1981,#1982),.UNSPECIFIED.,.F.,
  .F.,(2,2),(22.546282476587,24.990892757539),.PIECEWISE_BEZIER_KNOTS.);
#1981 = CARTESIAN_POINT('',(21.761457841365,-0.203717523413));
#1982 = CARTESIAN_POINT('',(21.761457841365,2.240892757539));
#1983 = ( GEOMETRIC_REPRESENTATION_CONTEXT(2)
PARAMETRIC_REPRESENTATION_CONTEXT() REPRESENTATION_CONTEXT('2D SPACE',''
  ) );
#1984 = ORIENTED_EDGE('',*,*,#545,.F.);
#1985 = ORIENTED_EDGE('',*,*,#1801,.F.);
#1986 = ADVANCED_FACE('',(#1987),#534,.F.);
#1987 = FACE_BOUND('',#1988,.F.);
#1988 = EDGE_LOOP('',(#1989,#1990,#2013,#2034));
#1989 = ORIENTED_EDGE('',*,*,#1966,.F.);
#1990 = ORIENTED_EDGE('',*,*,#1991,.T.);
#1991 = EDGE_CURVE('',#1938,#1992,#1994,.T.);
#1992 = VERTEX_POINT('',#1993);
#1993 = CARTESIAN_POINT('',(9.75,2.25,55.5));
#1994 = SURFACE_CURVE('',#1995,(#1999,#2006),.PCURVE_S1.);
#1995 = LINE('',#1996,#1997);
#1996 = CARTESIAN_POINT('',(9.75,2.25,29.5));
#1997 = VECTOR('',#1998,1.);
#1998 = DIRECTION('',(0.,0.,1.));
#1999 = PCURVE('',#534,#2000);
#2000 = DEFINITIONAL_REPRESENTATION('',(#2001),#2005);
#2001 = LINE('',#2002,#2003);
#2002 = CARTESIAN_POINT('',(0.,0.));
#2003 = VECTOR('',#2004,1.);
#2004 = DIRECTION('',(1.,0.));
#2005 = ( GEOMETRIC_REPRESENTATION_CONTEXT(2)
PARAMETRIC_REPRESENTATION_CONTEXT() REPRESENTATION_CONTEXT('2D SPACE',''
  ) );
#2006 = PCURVE('',#1954,#2007);
#2007 = DEFINITIONAL_REPRESENTATION('',(#2008),#2012);
#2008 = LINE('',#2009,#2010);
#2009 = CARTESIAN_POINT('',(0.,-4.5));
#2010 = VECTOR('',#2011,1.);
#2011 = DIRECTION('',(1.,0.));
#2012 = ( GEOMETRIC_REPRESENTATION_CONTEXT(2)
PARAMETRIC_REPRESENTATION_CONTEXT() REPRESENTATION_CONTEXT('2D SPACE',''
  ) );
#2013 = ORIENTED_EDGE('',*,*,#2014,.T.);
#2014 = EDGE_CURVE('',#1992,#496,#2015,.T.);
#2015 = SURFACE_CURVE('',#2016,(#2020,#2027),.PCURVE_S1.);
#2016 = LINE('',#2017,#2018);
#2017 = CARTESIAN_POINT('',(9.75,2.25,55.5));
#2018 = VECTOR('',#2019,1.);
#2019 = DIRECTION('',(1.,0.,-0.));
#2020 = PCURVE('',#534,#2021);
#2021 = DEFINITIONAL_REPRESENTATION('',(#2022),#2026);
#2022 = LINE('',#2023,#2024);
#2023 = CARTESIAN_POINT('',(26.,0.));
#2024 = VECTOR('',#2025,1.);
#2025 = DIRECTION('',(0.,1.));
#2026 = ( GEOMETRIC_REPRESENTATION_CONTEXT(2)
PARAMETRIC_REPRESENTATION_CONTEXT() REPRESENTATION_CONTEXT('2D SPACE',''
  ) );
#2027 = PCURVE('',#460,#2028);
#2028 = DEFINITIONAL_REPRESENTATION('',(#2029),#2033);
#2029 = LINE('',#2030,#2031);
#2030 = CARTESIAN_POINT('',(0.,4.5));
#2031 = VECTOR('',#2032,1.);
#2032 = DIRECTION('',(1.,0.));
#2033 = ( GEOMETRIC_REPRESENTATION_CONTEXT(2)
PARAMETRIC_REPRESENTATION_CONTEXT() REPRESENTATION_CONTEXT('2D SPACE',''
  ) );
#2034 = ORIENTED_EDGE('',*,*,#519,.F.);
#2035 = ADVANCED_FACE('',(#2036),#460,.F.);
#2036 = FACE_BOUND('',#2037,.F.);
#2037 = EDGE_LOOP('',(#2038,#2039,#2062,#2083,#2084));
#2038 = ORIENTED_EDGE('',*,*,#2014,.F.);
#2039 = ORIENTED_EDGE('',*,*,#2040,.F.);
#2040 = EDGE_CURVE('',#2041,#1992,#2043,.T.);
#2041 = VERTEX_POINT('',#2042);
#2042 = CARTESIAN_POINT('',(9.75,-2.25,55.5));
#2043 = SURFACE_CURVE('',#2044,(#2048,#2055),.PCURVE_S1.);
#2044 = LINE('',#2045,#2046);
#2045 = CARTESIAN_POINT('',(9.75,-2.25,55.5));
#2046 = VECTOR('',#2047,1.);
#2047 = DIRECTION('',(-0.,1.,0.));
#2048 = PCURVE('',#460,#2049);
#2049 = DEFINITIONAL_REPRESENTATION('',(#2050),#2054);
#2050 = LINE('',#2051,#2052);
#2051 = CARTESIAN_POINT('',(0.,0.));
#2052 = VECTOR('',#2053,1.);
#2053 = DIRECTION('',(0.,1.));
#2054 = ( GEOMETRIC_REPRESENTATION_CONTEXT(2)
PARAMETRIC_REPRESENTATION_CONTEXT() REPRESENTATION_CONTEXT('2D SPACE',''
  ) );
#2055 = PCURVE('',#1954,#2056);
#2056 = DEFINITIONAL_REPRESENTATION('',(#2057),#2061);
#2057 = LINE('',#2058,#2059);
#2058 = CARTESIAN_POINT('',(26.,0.));
#2059 = VECTOR('',#2060,1.);
#2060 = DIRECTION('',(0.,-1.));
#2061 = ( GEOMETRIC_REPRESENTATION_CONTEXT(2)
PARAMETRIC_REPRESENTATION_CONTEXT() REPRESENTATION_CONTEXT('2D SPACE',''
  ) );
#2062 = ORIENTED_EDGE('',*,*,#2063,.T.);
#2063 = EDGE_CURVE('',#2041,#418,#2064,.T.);
#2064 = SURFACE_CURVE('',#2065,(#2069,#2076),.PCURVE_S1.);
#2065 = LINE('',#2066,#2067);
#2066 = CARTESIAN_POINT('',(9.75,-2.25,55.5));
#2067 = VECTOR('',#2068,1.);
#2068 = DIRECTION('',(1.,0.,-0.));
#2069 = PCURVE('',#460,#2070);
#2070 = DEFINITIONAL_REPRESENTATION('',(#2071),#2075);
#2071 = LINE('',#2072,#2073);
#2072 = CARTESIAN_POINT('',(0.,0.));
#2073 = VECTOR('',#2074,1.);
#2074 = DIRECTION('',(1.,0.));
#2075 = ( GEOMETRIC_REPRESENTATION_CONTEXT(2)
PARAMETRIC_REPRESENTATION_CONTEXT() REPRESENTATION_CONTEXT('2D SPACE',''
  ) );
#2076 = PCURVE('',#432,#2077);
#2077 = DEFINITIONAL_REPRESENTATION('',(#2078),#2082);
#2078 = LINE('',#2079,#2080);
#2079 = CARTESIAN_POINT('',(26.,0.));
#2080 = VECTOR('',#2081,1.);
#2081 = DIRECTION('',(0.,1.));
#2082 = ( GEOMETRIC_REPRESENTATION_CONTEXT(2)
PARAMETRIC_REPRESENTATION_CONTEXT() REPRESENTATION_CONTEXT('2D SPACE',''
  ) );
#2083 = ORIENTED_EDGE('',*,*,#443,.T.);
#2084 = ORIENTED_EDGE('',*,*,#495,.T.);
#2085 = ADVANCED_FACE('',(#2086),#432,.T.);
#2086 = FACE_BOUND('',#2087,.T.);
#2087 = EDGE_LOOP('',(#2088,#2089,#2110,#2111));
#2088 = ORIENTED_EDGE('',*,*,#1916,.F.);
#2089 = ORIENTED_EDGE('',*,*,#2090,.T.);
#2090 = EDGE_CURVE('',#1917,#2041,#2091,.T.);
#2091 = SURFACE_CURVE('',#2092,(#2096,#2103),.PCURVE_S1.);
#2092 = LINE('',#2093,#2094);
#2093 = CARTESIAN_POINT('',(9.75,-2.25,29.5));
#2094 = VECTOR('',#2095,1.);
#2095 = DIRECTION('',(0.,0.,1.));
#2096 = PCURVE('',#432,#2097);
#2097 = DEFINITIONAL_REPRESENTATION('',(#2098),#2102);
#2098 = LINE('',#2099,#2100);
#2099 = CARTESIAN_POINT('',(0.,0.));
#2100 = VECTOR('',#2101,1.);
#2101 = DIRECTION('',(1.,0.));
#2102 = ( GEOMETRIC_REPRESENTATION_CONTEXT(2)
PARAMETRIC_REPRESENTATION_CONTEXT() REPRESENTATION_CONTEXT('2D SPACE',''
  ) );
#2103 = PCURVE('',#1954,#2104);
#2104 = DEFINITIONAL_REPRESENTATION('',(#2105),#2109);
#2105 = LINE('',#2106,#2107);
#2106 = CARTESIAN_POINT('',(0.,0.));
#2107 = VECTOR('',#2108,1.);
#2108 = DIRECTION('',(1.,0.));
#2109 = ( GEOMETRIC_REPRESENTATION_CONTEXT(2)
PARAMETRIC_REPRESENTATION_CONTEXT() REPRESENTATION_CONTEXT('2D SPACE',''
  ) );
#2110 = ORIENTED_EDGE('',*,*,#2063,.T.);
#2111 = ORIENTED_EDGE('',*,*,#417,.F.);
#2112 = ADVANCED_FACE('',(#2113),#276,.T.);
#2113 = FACE_BOUND('',#2114,.T.);
#2114 = EDGE_LOOP('',(#2115,#2116,#2137,#2138));
#2115 = ORIENTED_EDGE('',*,*,#1751,.F.);
#2116 = ORIENTED_EDGE('',*,*,#2117,.T.);
#2117 = EDGE_CURVE('',#1724,#1873,#2118,.T.);
#2118 = SURFACE_CURVE('',#2119,(#2123,#2130),.PCURVE_S1.);
#2119 = LINE('',#2120,#2121);
#2120 = CARTESIAN_POINT('',(9.75,-2.25,29.5));
#2121 = VECTOR('',#2122,1.);
#2122 = DIRECTION('',(0.,0.,1.));
#2123 = PCURVE('',#276,#2124);
#2124 = DEFINITIONAL_REPRESENTATION('',(#2125),#2129);
#2125 = LINE('',#2126,#2127);
#2126 = CARTESIAN_POINT('',(0.,0.));
#2127 = VECTOR('',#2128,1.);
#2128 = DIRECTION('',(1.,0.));
#2129 = ( GEOMETRIC_REPRESENTATION_CONTEXT(2)
PARAMETRIC_REPRESENTATION_CONTEXT() REPRESENTATION_CONTEXT('2D SPACE',''
  ) );
#2130 = PCURVE('',#1739,#2131);
#2131 = DEFINITIONAL_REPRESENTATION('',(#2132),#2136);
#2132 = LINE('',#2133,#2134);
#2133 = CARTESIAN_POINT('',(0.,0.));
#2134 = VECTOR('',#2135,1.);
#2135 = DIRECTION('',(1.,0.));
#2136 = ( GEOMETRIC_REPRESENTATION_CONTEXT(2)
PARAMETRIC_REPRESENTATION_CONTEXT() REPRESENTATION_CONTEXT('2D SPACE',''
  ) );
#2137 = ORIENTED_EDGE('',*,*,#1896,.T.);
#2138 = ORIENTED_EDGE('',*,*,#261,.F.);
#2139 = ADVANCED_FACE('',(#2140,#2171),#219,.T.);
#2140 = FACE_BOUND('',#2141,.T.);
#2141 = EDGE_LOOP('',(#2142));
#2142 = ORIENTED_EDGE('',*,*,#2143,.T.);
#2143 = EDGE_CURVE('',#2144,#2144,#2146,.T.);
#2144 = VERTEX_POINT('',#2145);
#2145 = CARTESIAN_POINT('',(16.5,-4.041334437186E-15,28.));
#2146 = SURFACE_CURVE('',#2147,(#2152,#2159),.PCURVE_S1.);
#2147 = CIRCLE('',#2148,16.5);
#2148 = AXIS2_PLACEMENT_3D('',#2149,#2150,#2151);
#2149 = CARTESIAN_POINT('',(0.,0.,28.));
#2150 = DIRECTION('',(0.,0.,1.));
#2151 = DIRECTION('',(1.,0.,-0.));
#2152 = PCURVE('',#219,#2153);
#2153 = DEFINITIONAL_REPRESENTATION('',(#2154),#2158);
#2154 = CIRCLE('',#2155,16.5);
#2155 = AXIS2_PLACEMENT_2D('',#2156,#2157);
#2156 = CARTESIAN_POINT('',(0.,0.));
#2157 = DIRECTION('',(1.,0.));
#2158 = ( GEOMETRIC_REPRESENTATION_CONTEXT(2)
PARAMETRIC_REPRESENTATION_CONTEXT() REPRESENTATION_CONTEXT('2D SPACE',''
  ) );
#2159 = PCURVE('',#2160,#2165);
#2160 = CYLINDRICAL_SURFACE('',#2161,16.5);
#2161 = AXIS2_PLACEMENT_3D('',#2162,#2163,#2164);
#2162 = CARTESIAN_POINT('',(0.,0.,20.5));
#2163 = DIRECTION('',(0.,0.,1.));
#2164 = DIRECTION('',(1.,0.,-0.));
#2165 = DEFINITIONAL_REPRESENTATION('',(#2166),#2170);
#2166 = LINE('',#2167,#2168);
#2167 = CARTESIAN_POINT('',(0.,7.5));
#2168 = VECTOR('',#2169,1.);
#2169 = DIRECTION('',(1.,0.));
#2170 = ( GEOMETRIC_REPRESENTATION_CONTEXT(2)
PARAMETRIC_REPRESENTATION_CONTEXT() REPRESENTATION_CONTEXT('2D SPACE',''
  ) );
#2171 = FACE_BOUND('',#2172,.T.);
#2172 = EDGE_LOOP('',(#2173));
#2173 = ORIENTED_EDGE('',*,*,#204,.F.);
#2174 = ADVANCED_FACE('',(#2175),#877,.F.);
#2175 = FACE_BOUND('',#2176,.F.);
#2176 = EDGE_LOOP('',(#2177,#2178,#2199,#2200));
#2177 = ORIENTED_EDGE('',*,*,#1377,.F.);
#2178 = ORIENTED_EDGE('',*,*,#2179,.F.);
#2179 = EDGE_CURVE('',#724,#1378,#2180,.T.);
#2180 = SEAM_CURVE('',#2181,(#2185,#2192),.PCURVE_S1.);
#2181 = LINE('',#2182,#2183);
#2182 = CARTESIAN_POINT('',(-13.,-7.641796026679E-16,45.98));
#2183 = VECTOR('',#2184,1.);
#2184 = DIRECTION('',(1.,0.,1.110223024625E-16));
#2185 = PCURVE('',#877,#2186);
#2186 = DEFINITIONAL_REPRESENTATION('',(#2187),#2191);
#2187 = LINE('',#2188,#2189);
#2188 = CARTESIAN_POINT('',(6.28318530718,-0.));
#2189 = VECTOR('',#2190,1.);
#2190 = DIRECTION('',(0.,1.));
#2191 = ( GEOMETRIC_REPRESENTATION_CONTEXT(2)
PARAMETRIC_REPRESENTATION_CONTEXT() REPRESENTATION_CONTEXT('2D SPACE',''
  ) );
#2192 = PCURVE('',#877,#2193);
#2193 = DEFINITIONAL_REPRESENTATION('',(#2194),#2198);
#2194 = LINE('',#2195,#2196);
#2195 = CARTESIAN_POINT('',(0.,-0.));
#2196 = VECTOR('',#2197,1.);
#2197 = DIRECTION('',(0.,1.));
#2198 = ( GEOMETRIC_REPRESENTATION_CONTEXT(2)
PARAMETRIC_REPRESENTATION_CONTEXT() REPRESENTATION_CONTEXT('2D SPACE',''
  ) );
#2199 = ORIENTED_EDGE('',*,*,#723,.T.);
#2200 = ORIENTED_EDGE('',*,*,#2179,.T.);
#2201 = ADVANCED_FACE('',(#2202,#4058,#4089,#4120,#4123,#4154,#4185,
    #4216,#4247,#4278),#1194,.F.);
#2202 = FACE_BOUND('',#2203,.F.);
#2203 = EDGE_LOOP('',(#2204,#2234,#2257,#2286,#2314,#2337,#2360,#2389,
    #2417,#2440,#2463,#2492,#2520,#2543,#2566,#2595,#2623,#2646,#2669,
    #2698,#2726,#2749,#2772,#2801,#2829,#2852,#2875,#2904,#2932,#2955,
    #2978,#3007,#3035,#3058,#3081,#3110,#3138,#3161,#3184,#3213,#3241,
    #3264,#3287,#3316,#3344,#3367,#3390,#3419,#3447,#3470,#3493,#3522,
    #3550,#3573,#3596,#3625,#3653,#3676,#3699,#3728,#3756,#3779,#3802,
    #3831,#3859,#3882,#3905,#3934,#3962,#3985,#4008,#4037));
#2204 = ORIENTED_EDGE('',*,*,#2205,.T.);
#2205 = EDGE_CURVE('',#2206,#2208,#2210,.T.);
#2206 = VERTEX_POINT('',#2207);
#2207 = CARTESIAN_POINT('',(28.25,-3.1875,0.));
#2208 = VERTEX_POINT('',#2209);
#2209 = CARTESIAN_POINT('',(28.25,3.1875,0.));
#2210 = SURFACE_CURVE('',#2211,(#2215,#2222),.PCURVE_S1.);
#2211 = LINE('',#2212,#2213);
#2212 = CARTESIAN_POINT('',(28.25,-3.1875,0.));
#2213 = VECTOR('',#2214,1.);
#2214 = DIRECTION('',(0.,1.,0.));
#2215 = PCURVE('',#1194,#2216);
#2216 = DEFINITIONAL_REPRESENTATION('',(#2217),#2221);
#2217 = LINE('',#2218,#2219);
#2218 = CARTESIAN_POINT('',(28.25,-3.1875));
#2219 = VECTOR('',#2220,1.);
#2220 = DIRECTION('',(0.,1.));
#2221 = ( GEOMETRIC_REPRESENTATION_CONTEXT(2)
PARAMETRIC_REPRESENTATION_CONTEXT() REPRESENTATION_CONTEXT('2D SPACE',''
  ) );
#2222 = PCURVE('',#2223,#2228);
#2223 = PLANE('',#2224);
#2224 = AXIS2_PLACEMENT_3D('',#2225,#2226,#2227);
#2225 = CARTESIAN_POINT('',(0.,0.,0.));
#2226 = DIRECTION('',(0.,0.,1.));
#2227 = DIRECTION('',(1.,0.,-0.));
#2228 = DEFINITIONAL_REPRESENTATION('',(#2229),#2233);
#2229 = LINE('',#2230,#2231);
#2230 = CARTESIAN_POINT('',(28.25,-3.1875));
#2231 = VECTOR('',#2232,1.);
#2232 = DIRECTION('',(0.,1.));
#2233 = ( GEOMETRIC_REPRESENTATION_CONTEXT(2)
PARAMETRIC_REPRESENTATION_CONTEXT() REPRESENTATION_CONTEXT('2D SPACE',''
  ) );
#2234 = ORIENTED_EDGE('',*,*,#2235,.T.);
#2235 = EDGE_CURVE('',#2208,#2236,#2238,.T.);
#2236 = VERTEX_POINT('',#2237);
#2237 = CARTESIAN_POINT('',(29.075803406785,3.1875,0.));
#2238 = SURFACE_CURVE('',#2239,(#2243,#2250),.PCURVE_S1.);
#2239 = LINE('',#2240,#2241);
#2240 = CARTESIAN_POINT('',(28.25,3.1875,0.));
#2241 = VECTOR('',#2242,1.);
#2242 = DIRECTION('',(1.,0.,0.));
#2243 = PCURVE('',#1194,#2244);
#2244 = DEFINITIONAL_REPRESENTATION('',(#2245),#2249);
#2245 = LINE('',#2246,#2247);
#2246 = CARTESIAN_POINT('',(28.25,3.1875));
#2247 = VECTOR('',#2248,1.);
#2248 = DIRECTION('',(1.,0.));
#2249 = ( GEOMETRIC_REPRESENTATION_CONTEXT(2)
PARAMETRIC_REPRESENTATION_CONTEXT() REPRESENTATION_CONTEXT('2D SPACE',''
  ) );
#2250 = PCURVE('',#2223,#2251);
#2251 = DEFINITIONAL_REPRESENTATION('',(#2252),#2256);
#2252 = LINE('',#2253,#2254);
#2253 = CARTESIAN_POINT('',(28.25,3.1875));
#2254 = VECTOR('',#2255,1.);
#2255 = DIRECTION('',(1.,0.));
#2256 = ( GEOMETRIC_REPRESENTATION_CONTEXT(2)
PARAMETRIC_REPRESENTATION_CONTEXT() REPRESENTATION_CONTEXT('2D SPACE',''
  ) );
#2257 = ORIENTED_EDGE('',*,*,#2258,.T.);
#2258 = EDGE_CURVE('',#2236,#2259,#2261,.T.);
#2259 = VERTEX_POINT('',#2260);
#2260 = CARTESIAN_POINT('',(28.412507111628,6.949240219742,0.));
#2261 = SURFACE_CURVE('',#2262,(#2267,#2274),.PCURVE_S1.);
#2262 = CIRCLE('',#2263,29.25);
#2263 = AXIS2_PLACEMENT_3D('',#2264,#2265,#2266);
#2264 = CARTESIAN_POINT('',(0.,0.,0.));
#2265 = DIRECTION('',(0.,0.,1.));
#2266 = DIRECTION('',(1.,0.,-0.));
#2267 = PCURVE('',#1194,#2268);
#2268 = DEFINITIONAL_REPRESENTATION('',(#2269),#2273);
#2269 = CIRCLE('',#2270,29.25);
#2270 = AXIS2_PLACEMENT_2D('',#2271,#2272);
#2271 = CARTESIAN_POINT('',(0.,0.));
#2272 = DIRECTION('',(1.,0.));
#2273 = ( GEOMETRIC_REPRESENTATION_CONTEXT(2)
PARAMETRIC_REPRESENTATION_CONTEXT() REPRESENTATION_CONTEXT('2D SPACE',''
  ) );
#2274 = PCURVE('',#2275,#2280);
#2275 = CYLINDRICAL_SURFACE('',#2276,29.25);
#2276 = AXIS2_PLACEMENT_3D('',#2277,#2278,#2279);
#2277 = CARTESIAN_POINT('',(0.,0.,0.));
#2278 = DIRECTION('',(0.,0.,1.));
#2279 = DIRECTION('',(1.,0.,-0.));
#2280 = DEFINITIONAL_REPRESENTATION('',(#2281),#2285);
#2281 = LINE('',#2282,#2283);
#2282 = CARTESIAN_POINT('',(0.,0.));
#2283 = VECTOR('',#2284,1.);
#2284 = DIRECTION('',(1.,0.));
#2285 = ( GEOMETRIC_REPRESENTATION_CONTEXT(2)
PARAMETRIC_REPRESENTATION_CONTEXT() REPRESENTATION_CONTEXT('2D SPACE',''
  ) );
#2286 = ORIENTED_EDGE('',*,*,#2287,.F.);
#2287 = EDGE_CURVE('',#2288,#2259,#2290,.T.);
#2288 = VERTEX_POINT('',#2289);
#2289 = CARTESIAN_POINT('',(27.636505744052,6.666798820195,0.));
#2290 = SURFACE_CURVE('',#2291,(#2295,#2302),.PCURVE_S1.);
#2291 = LINE('',#2292,#2293);
#2292 = CARTESIAN_POINT('',(27.636505744052,6.666798820195,0.));
#2293 = VECTOR('',#2294,1.);
#2294 = DIRECTION('',(0.939692620786,0.342020143326,0.));
#2295 = PCURVE('',#1194,#2296);
#2296 = DEFINITIONAL_REPRESENTATION('',(#2297),#2301);
#2297 = LINE('',#2298,#2299);
#2298 = CARTESIAN_POINT('',(27.636505744052,6.666798820195));
#2299 = VECTOR('',#2300,1.);
#2300 = DIRECTION('',(0.939692620786,0.342020143326));
#2301 = ( GEOMETRIC_REPRESENTATION_CONTEXT(2)
PARAMETRIC_REPRESENTATION_CONTEXT() REPRESENTATION_CONTEXT('2D SPACE',''
  ) );
#2302 = PCURVE('',#2303,#2308);
#2303 = PLANE('',#2304);
#2304 = AXIS2_PLACEMENT_3D('',#2305,#2306,#2307);
#2305 = CARTESIAN_POINT('',(0.,0.,0.));
#2306 = DIRECTION('',(0.,0.,1.));
#2307 = DIRECTION('',(1.,0.,-0.));
#2308 = DEFINITIONAL_REPRESENTATION('',(#2309),#2313);
#2309 = LINE('',#2310,#2311);
#2310 = CARTESIAN_POINT('',(27.636505744052,6.666798820195));
#2311 = VECTOR('',#2312,1.);
#2312 = DIRECTION('',(0.939692620786,0.342020143326));
#2313 = ( GEOMETRIC_REPRESENTATION_CONTEXT(2)
PARAMETRIC_REPRESENTATION_CONTEXT() REPRESENTATION_CONTEXT('2D SPACE',''
  ) );
#2314 = ORIENTED_EDGE('',*,*,#2315,.T.);
#2315 = EDGE_CURVE('',#2288,#2316,#2318,.T.);
#2316 = VERTEX_POINT('',#2317);
#2317 = CARTESIAN_POINT('',(25.456127330351,12.657339277705,0.));
#2318 = SURFACE_CURVE('',#2319,(#2323,#2330),.PCURVE_S1.);
#2319 = LINE('',#2320,#2321);
#2320 = CARTESIAN_POINT('',(27.636505744052,6.666798820195,0.));
#2321 = VECTOR('',#2322,1.);
#2322 = DIRECTION('',(-0.342020143326,0.939692620786,0.));
#2323 = PCURVE('',#1194,#2324);
#2324 = DEFINITIONAL_REPRESENTATION('',(#2325),#2329);
#2325 = LINE('',#2326,#2327);
#2326 = CARTESIAN_POINT('',(27.636505744052,6.666798820195));
#2327 = VECTOR('',#2328,1.);
#2328 = DIRECTION('',(-0.342020143326,0.939692620786));
#2329 = ( GEOMETRIC_REPRESENTATION_CONTEXT(2)
PARAMETRIC_REPRESENTATION_CONTEXT() REPRESENTATION_CONTEXT('2D SPACE',''
  ) );
#2330 = PCURVE('',#2303,#2331);
#2331 = DEFINITIONAL_REPRESENTATION('',(#2332),#2336);
#2332 = LINE('',#2333,#2334);
#2333 = CARTESIAN_POINT('',(27.636505744052,6.666798820195));
#2334 = VECTOR('',#2335,1.);
#2335 = DIRECTION('',(-0.342020143326,0.939692620786));
#2336 = ( GEOMETRIC_REPRESENTATION_CONTEXT(2)
PARAMETRIC_REPRESENTATION_CONTEXT() REPRESENTATION_CONTEXT('2D SPACE',''
  ) );
#2337 = ORIENTED_EDGE('',*,*,#2338,.T.);
#2338 = EDGE_CURVE('',#2316,#2339,#2341,.T.);
#2339 = VERTEX_POINT('',#2340);
#2340 = CARTESIAN_POINT('',(26.232128697927,12.939780677252,0.));
#2341 = SURFACE_CURVE('',#2342,(#2346,#2353),.PCURVE_S1.);
#2342 = LINE('',#2343,#2344);
#2343 = CARTESIAN_POINT('',(25.456127330351,12.657339277705,0.));
#2344 = VECTOR('',#2345,1.);
#2345 = DIRECTION('',(0.939692620786,0.342020143326,0.));
#2346 = PCURVE('',#1194,#2347);
#2347 = DEFINITIONAL_REPRESENTATION('',(#2348),#2352);
#2348 = LINE('',#2349,#2350);
#2349 = CARTESIAN_POINT('',(25.456127330351,12.657339277705));
#2350 = VECTOR('',#2351,1.);
#2351 = DIRECTION('',(0.939692620786,0.342020143326));
#2352 = ( GEOMETRIC_REPRESENTATION_CONTEXT(2)
PARAMETRIC_REPRESENTATION_CONTEXT() REPRESENTATION_CONTEXT('2D SPACE',''
  ) );
#2353 = PCURVE('',#2303,#2354);
#2354 = DEFINITIONAL_REPRESENTATION('',(#2355),#2359);
#2355 = LINE('',#2356,#2357);
#2356 = CARTESIAN_POINT('',(25.456127330351,12.657339277705));
#2357 = VECTOR('',#2358,1.);
#2358 = DIRECTION('',(0.939692620786,0.342020143326));
#2359 = ( GEOMETRIC_REPRESENTATION_CONTEXT(2)
PARAMETRIC_REPRESENTATION_CONTEXT() REPRESENTATION_CONTEXT('2D SPACE',''
  ) );
#2360 = ORIENTED_EDGE('',*,*,#2361,.T.);
#2361 = EDGE_CURVE('',#2339,#2362,#2364,.T.);
#2362 = VERTEX_POINT('',#2363);
#2363 = CARTESIAN_POINT('',(24.322243134863,16.247799509121,0.));
#2364 = SURFACE_CURVE('',#2365,(#2370,#2377),.PCURVE_S1.);
#2365 = CIRCLE('',#2366,29.25);
#2366 = AXIS2_PLACEMENT_3D('',#2367,#2368,#2369);
#2367 = CARTESIAN_POINT('',(0.,0.,0.));
#2368 = DIRECTION('',(0.,0.,1.));
#2369 = DIRECTION('',(1.,0.,-0.));
#2370 = PCURVE('',#1194,#2371);
#2371 = DEFINITIONAL_REPRESENTATION('',(#2372),#2376);
#2372 = CIRCLE('',#2373,29.25);
#2373 = AXIS2_PLACEMENT_2D('',#2374,#2375);
#2374 = CARTESIAN_POINT('',(0.,0.));
#2375 = DIRECTION('',(1.,0.));
#2376 = ( GEOMETRIC_REPRESENTATION_CONTEXT(2)
PARAMETRIC_REPRESENTATION_CONTEXT() REPRESENTATION_CONTEXT('2D SPACE',''
  ) );
#2377 = PCURVE('',#2378,#2383);
#2378 = CYLINDRICAL_SURFACE('',#2379,29.25);
#2379 = AXIS2_PLACEMENT_3D('',#2380,#2381,#2382);
#2380 = CARTESIAN_POINT('',(0.,0.,0.));
#2381 = DIRECTION('',(0.,0.,1.));
#2382 = DIRECTION('',(1.,0.,-0.));
#2383 = DEFINITIONAL_REPRESENTATION('',(#2384),#2388);
#2384 = LINE('',#2385,#2386);
#2385 = CARTESIAN_POINT('',(0.,0.));
#2386 = VECTOR('',#2387,1.);
#2387 = DIRECTION('',(1.,0.));
#2388 = ( GEOMETRIC_REPRESENTATION_CONTEXT(2)
PARAMETRIC_REPRESENTATION_CONTEXT() REPRESENTATION_CONTEXT('2D SPACE',''
  ) );
#2389 = ORIENTED_EDGE('',*,*,#2390,.F.);
#2390 = EDGE_CURVE('',#2391,#2362,#2393,.T.);
#2391 = VERTEX_POINT('',#2392);
#2392 = CARTESIAN_POINT('',(23.689641023987,15.716983311203,0.));
#2393 = SURFACE_CURVE('',#2394,(#2398,#2405),.PCURVE_S1.);
#2394 = LINE('',#2395,#2396);
#2395 = CARTESIAN_POINT('',(23.689641023987,15.716983311203,0.));
#2396 = VECTOR('',#2397,1.);
#2397 = DIRECTION('',(0.766044443119,0.642787609687,0.));
#2398 = PCURVE('',#1194,#2399);
#2399 = DEFINITIONAL_REPRESENTATION('',(#2400),#2404);
#2400 = LINE('',#2401,#2402);
#2401 = CARTESIAN_POINT('',(23.689641023987,15.716983311203));
#2402 = VECTOR('',#2403,1.);
#2403 = DIRECTION('',(0.766044443119,0.642787609687));
#2404 = ( GEOMETRIC_REPRESENTATION_CONTEXT(2)
PARAMETRIC_REPRESENTATION_CONTEXT() REPRESENTATION_CONTEXT('2D SPACE',''
  ) );
#2405 = PCURVE('',#2406,#2411);
#2406 = PLANE('',#2407);
#2407 = AXIS2_PLACEMENT_3D('',#2408,#2409,#2410);
#2408 = CARTESIAN_POINT('',(0.,0.,0.));
#2409 = DIRECTION('',(0.,0.,1.));
#2410 = DIRECTION('',(1.,0.,-0.));
#2411 = DEFINITIONAL_REPRESENTATION('',(#2412),#2416);
#2412 = LINE('',#2413,#2414);
#2413 = CARTESIAN_POINT('',(23.689641023987,15.716983311203));
#2414 = VECTOR('',#2415,1.);
#2415 = DIRECTION('',(0.766044443119,0.642787609687));
#2416 = ( GEOMETRIC_REPRESENTATION_CONTEXT(2)
PARAMETRIC_REPRESENTATION_CONTEXT() REPRESENTATION_CONTEXT('2D SPACE',''
  ) );
#2417 = ORIENTED_EDGE('',*,*,#2418,.T.);
#2418 = EDGE_CURVE('',#2391,#2419,#2421,.T.);
#2419 = VERTEX_POINT('',#2420);
#2420 = CARTESIAN_POINT('',(19.591870012235,20.600516636086,0.));
#2421 = SURFACE_CURVE('',#2422,(#2426,#2433),.PCURVE_S1.);
#2422 = LINE('',#2423,#2424);
#2423 = CARTESIAN_POINT('',(23.689641023987,15.716983311203,0.));
#2424 = VECTOR('',#2425,1.);
#2425 = DIRECTION('',(-0.642787609687,0.766044443119,0.));
#2426 = PCURVE('',#1194,#2427);
#2427 = DEFINITIONAL_REPRESENTATION('',(#2428),#2432);
#2428 = LINE('',#2429,#2430);
#2429 = CARTESIAN_POINT('',(23.689641023987,15.716983311203));
#2430 = VECTOR('',#2431,1.);
#2431 = DIRECTION('',(-0.642787609687,0.766044443119));
#2432 = ( GEOMETRIC_REPRESENTATION_CONTEXT(2)
PARAMETRIC_REPRESENTATION_CONTEXT() REPRESENTATION_CONTEXT('2D SPACE',''
  ) );
#2433 = PCURVE('',#2406,#2434);
#2434 = DEFINITIONAL_REPRESENTATION('',(#2435),#2439);
#2435 = LINE('',#2436,#2437);
#2436 = CARTESIAN_POINT('',(23.689641023987,15.716983311203));
#2437 = VECTOR('',#2438,1.);
#2438 = DIRECTION('',(-0.642787609687,0.766044443119));
#2439 = ( GEOMETRIC_REPRESENTATION_CONTEXT(2)
PARAMETRIC_REPRESENTATION_CONTEXT() REPRESENTATION_CONTEXT('2D SPACE',''
  ) );
#2440 = ORIENTED_EDGE('',*,*,#2441,.T.);
#2441 = EDGE_CURVE('',#2419,#2442,#2444,.T.);
#2442 = VERTEX_POINT('',#2443);
#2443 = CARTESIAN_POINT('',(20.224472123112,21.131332834005,0.));
#2444 = SURFACE_CURVE('',#2445,(#2449,#2456),.PCURVE_S1.);
#2445 = LINE('',#2446,#2447);
#2446 = CARTESIAN_POINT('',(19.591870012235,20.600516636086,0.));
#2447 = VECTOR('',#2448,1.);
#2448 = DIRECTION('',(0.766044443119,0.642787609687,0.));
#2449 = PCURVE('',#1194,#2450);
#2450 = DEFINITIONAL_REPRESENTATION('',(#2451),#2455);
#2451 = LINE('',#2452,#2453);
#2452 = CARTESIAN_POINT('',(19.591870012235,20.600516636086));
#2453 = VECTOR('',#2454,1.);
#2454 = DIRECTION('',(0.766044443119,0.642787609687));
#2455 = ( GEOMETRIC_REPRESENTATION_CONTEXT(2)
PARAMETRIC_REPRESENTATION_CONTEXT() REPRESENTATION_CONTEXT('2D SPACE',''
  ) );
#2456 = PCURVE('',#2406,#2457);
#2457 = DEFINITIONAL_REPRESENTATION('',(#2458),#2462);
#2458 = LINE('',#2459,#2460);
#2459 = CARTESIAN_POINT('',(19.591870012235,20.600516636086));
#2460 = VECTOR('',#2461,1.);
#2461 = DIRECTION('',(0.766044443119,0.642787609687));
#2462 = ( GEOMETRIC_REPRESENTATION_CONTEXT(2)
PARAMETRIC_REPRESENTATION_CONTEXT() REPRESENTATION_CONTEXT('2D SPACE',''
  ) );
#2463 = ORIENTED_EDGE('',*,*,#2464,.T.);
#2464 = EDGE_CURVE('',#2442,#2465,#2467,.T.);
#2465 = VERTEX_POINT('',#2466);
#2466 = CARTESIAN_POINT('',(17.298357677955,23.586634385718,0.));
#2467 = SURFACE_CURVE('',#2468,(#2473,#2480),.PCURVE_S1.);
#2468 = CIRCLE('',#2469,29.25);
#2469 = AXIS2_PLACEMENT_3D('',#2470,#2471,#2472);
#2470 = CARTESIAN_POINT('',(0.,0.,0.));
#2471 = DIRECTION('',(0.,0.,1.));
#2472 = DIRECTION('',(1.,0.,-0.));
#2473 = PCURVE('',#1194,#2474);
#2474 = DEFINITIONAL_REPRESENTATION('',(#2475),#2479);
#2475 = CIRCLE('',#2476,29.25);
#2476 = AXIS2_PLACEMENT_2D('',#2477,#2478);
#2477 = CARTESIAN_POINT('',(0.,0.));
#2478 = DIRECTION('',(1.,0.));
#2479 = ( GEOMETRIC_REPRESENTATION_CONTEXT(2)
PARAMETRIC_REPRESENTATION_CONTEXT() REPRESENTATION_CONTEXT('2D SPACE',''
  ) );
#2480 = PCURVE('',#2481,#2486);
#2481 = CYLINDRICAL_SURFACE('',#2482,29.25);
#2482 = AXIS2_PLACEMENT_3D('',#2483,#2484,#2485);
#2483 = CARTESIAN_POINT('',(0.,0.,0.));
#2484 = DIRECTION('',(0.,0.,1.));
#2485 = DIRECTION('',(1.,0.,-0.));
#2486 = DEFINITIONAL_REPRESENTATION('',(#2487),#2491);
#2487 = LINE('',#2488,#2489);
#2488 = CARTESIAN_POINT('',(0.,0.));
#2489 = VECTOR('',#2490,1.);
#2490 = DIRECTION('',(1.,0.));
#2491 = ( GEOMETRIC_REPRESENTATION_CONTEXT(2)
PARAMETRIC_REPRESENTATION_CONTEXT() REPRESENTATION_CONTEXT('2D SPACE',''
  ) );
#2492 = ORIENTED_EDGE('',*,*,#2493,.F.);
#2493 = EDGE_CURVE('',#2494,#2465,#2496,.T.);
#2494 = VERTEX_POINT('',#2495);
#2495 = CARTESIAN_POINT('',(16.885455974563,22.87146765691,0.));
#2496 = SURFACE_CURVE('',#2497,(#2501,#2508),.PCURVE_S1.);
#2497 = LINE('',#2498,#2499);
#2498 = CARTESIAN_POINT('',(16.885455974563,22.87146765691,0.));
#2499 = VECTOR('',#2500,1.);
#2500 = DIRECTION('',(0.5,0.866025403784,0.));
#2501 = PCURVE('',#1194,#2502);
#2502 = DEFINITIONAL_REPRESENTATION('',(#2503),#2507);
#2503 = LINE('',#2504,#2505);
#2504 = CARTESIAN_POINT('',(16.885455974563,22.87146765691));
#2505 = VECTOR('',#2506,1.);
#2506 = DIRECTION('',(0.5,0.866025403784));
#2507 = ( GEOMETRIC_REPRESENTATION_CONTEXT(2)
PARAMETRIC_REPRESENTATION_CONTEXT() REPRESENTATION_CONTEXT('2D SPACE',''
  ) );
#2508 = PCURVE('',#2509,#2514);
#2509 = PLANE('',#2510);
#2510 = AXIS2_PLACEMENT_3D('',#2511,#2512,#2513);
#2511 = CARTESIAN_POINT('',(0.,0.,0.));
#2512 = DIRECTION('',(0.,0.,1.));
#2513 = DIRECTION('',(1.,0.,-0.));
#2514 = DEFINITIONAL_REPRESENTATION('',(#2515),#2519);
#2515 = LINE('',#2516,#2517);
#2516 = CARTESIAN_POINT('',(16.885455974563,22.87146765691));
#2517 = VECTOR('',#2518,1.);
#2518 = DIRECTION('',(0.5,0.866025403784));
#2519 = ( GEOMETRIC_REPRESENTATION_CONTEXT(2)
PARAMETRIC_REPRESENTATION_CONTEXT() REPRESENTATION_CONTEXT('2D SPACE',''
  ) );
#2520 = ORIENTED_EDGE('',*,*,#2521,.T.);
#2521 = EDGE_CURVE('',#2494,#2522,#2524,.T.);
#2522 = VERTEX_POINT('',#2523);
#2523 = CARTESIAN_POINT('',(11.364544025437,26.05896765691,0.));
#2524 = SURFACE_CURVE('',#2525,(#2529,#2536),.PCURVE_S1.);
#2525 = LINE('',#2526,#2527);
#2526 = CARTESIAN_POINT('',(16.885455974563,22.87146765691,0.));
#2527 = VECTOR('',#2528,1.);
#2528 = DIRECTION('',(-0.866025403784,0.5,0.));
#2529 = PCURVE('',#1194,#2530);
#2530 = DEFINITIONAL_REPRESENTATION('',(#2531),#2535);
#2531 = LINE('',#2532,#2533);
#2532 = CARTESIAN_POINT('',(16.885455974563,22.87146765691));
#2533 = VECTOR('',#2534,1.);
#2534 = DIRECTION('',(-0.866025403784,0.5));
#2535 = ( GEOMETRIC_REPRESENTATION_CONTEXT(2)
PARAMETRIC_REPRESENTATION_CONTEXT() REPRESENTATION_CONTEXT('2D SPACE',''
  ) );
#2536 = PCURVE('',#2509,#2537);
#2537 = DEFINITIONAL_REPRESENTATION('',(#2538),#2542);
#2538 = LINE('',#2539,#2540);
#2539 = CARTESIAN_POINT('',(16.885455974563,22.87146765691));
#2540 = VECTOR('',#2541,1.);
#2541 = DIRECTION('',(-0.866025403784,0.5));
#2542 = ( GEOMETRIC_REPRESENTATION_CONTEXT(2)
PARAMETRIC_REPRESENTATION_CONTEXT() REPRESENTATION_CONTEXT('2D SPACE',''
  ) );
#2543 = ORIENTED_EDGE('',*,*,#2544,.T.);
#2544 = EDGE_CURVE('',#2522,#2545,#2547,.T.);
#2545 = VERTEX_POINT('',#2546);
#2546 = CARTESIAN_POINT('',(11.777445728829,26.774134385718,0.));
#2547 = SURFACE_CURVE('',#2548,(#2552,#2559),.PCURVE_S1.);
#2548 = LINE('',#2549,#2550);
#2549 = CARTESIAN_POINT('',(11.364544025437,26.05896765691,0.));
#2550 = VECTOR('',#2551,1.);
#2551 = DIRECTION('',(0.5,0.866025403784,0.));
#2552 = PCURVE('',#1194,#2553);
#2553 = DEFINITIONAL_REPRESENTATION('',(#2554),#2558);
#2554 = LINE('',#2555,#2556);
#2555 = CARTESIAN_POINT('',(11.364544025437,26.05896765691));
#2556 = VECTOR('',#2557,1.);
#2557 = DIRECTION('',(0.5,0.866025403784));
#2558 = ( GEOMETRIC_REPRESENTATION_CONTEXT(2)
PARAMETRIC_REPRESENTATION_CONTEXT() REPRESENTATION_CONTEXT('2D SPACE',''
  ) );
#2559 = PCURVE('',#2509,#2560);
#2560 = DEFINITIONAL_REPRESENTATION('',(#2561),#2565);
#2561 = LINE('',#2562,#2563);
#2562 = CARTESIAN_POINT('',(11.364544025437,26.05896765691));
#2563 = VECTOR('',#2564,1.);
#2564 = DIRECTION('',(0.5,0.866025403784));
#2565 = ( GEOMETRIC_REPRESENTATION_CONTEXT(2)
PARAMETRIC_REPRESENTATION_CONTEXT() REPRESENTATION_CONTEXT('2D SPACE',''
  ) );
#2566 = ORIENTED_EDGE('',*,*,#2567,.T.);
#2567 = EDGE_CURVE('',#2545,#2568,#2570,.T.);
#2568 = VERTEX_POINT('',#2569);
#2569 = CARTESIAN_POINT('',(8.188034988517,28.080573053747,0.));
#2570 = SURFACE_CURVE('',#2571,(#2576,#2583),.PCURVE_S1.);
#2571 = CIRCLE('',#2572,29.25);
#2572 = AXIS2_PLACEMENT_3D('',#2573,#2574,#2575);
#2573 = CARTESIAN_POINT('',(0.,0.,0.));
#2574 = DIRECTION('',(0.,0.,1.));
#2575 = DIRECTION('',(1.,0.,-0.));
#2576 = PCURVE('',#1194,#2577);
#2577 = DEFINITIONAL_REPRESENTATION('',(#2578),#2582);
#2578 = CIRCLE('',#2579,29.25);
#2579 = AXIS2_PLACEMENT_2D('',#2580,#2581);
#2580 = CARTESIAN_POINT('',(0.,0.));
#2581 = DIRECTION('',(1.,0.));
#2582 = ( GEOMETRIC_REPRESENTATION_CONTEXT(2)
PARAMETRIC_REPRESENTATION_CONTEXT() REPRESENTATION_CONTEXT('2D SPACE',''
  ) );
#2583 = PCURVE('',#2584,#2589);
#2584 = CYLINDRICAL_SURFACE('',#2585,29.25);
#2585 = AXIS2_PLACEMENT_3D('',#2586,#2587,#2588);
#2586 = CARTESIAN_POINT('',(0.,0.,0.));
#2587 = DIRECTION('',(0.,0.,1.));
#2588 = DIRECTION('',(1.,0.,-0.));
#2589 = DEFINITIONAL_REPRESENTATION('',(#2590),#2594);
#2590 = LINE('',#2591,#2592);
#2591 = CARTESIAN_POINT('',(0.,0.));
#2592 = VECTOR('',#2593,1.);
#2593 = DIRECTION('',(1.,0.));
#2594 = ( GEOMETRIC_REPRESENTATION_CONTEXT(2)
PARAMETRIC_REPRESENTATION_CONTEXT() REPRESENTATION_CONTEXT('2D SPACE',''
  ) );
#2595 = ORIENTED_EDGE('',*,*,#2596,.F.);
#2596 = EDGE_CURVE('',#2597,#2568,#2599,.T.);
#2597 = VERTEX_POINT('',#2598);
#2598 = CARTESIAN_POINT('',(8.044635731817,27.267315456282,0.));
#2599 = SURFACE_CURVE('',#2600,(#2604,#2611),.PCURVE_S1.);
#2600 = LINE('',#2601,#2602);
#2601 = CARTESIAN_POINT('',(8.044635731817,27.267315456282,0.));
#2602 = VECTOR('',#2603,1.);
#2603 = DIRECTION('',(0.173648177667,0.984807753012,0.));
#2604 = PCURVE('',#1194,#2605);
#2605 = DEFINITIONAL_REPRESENTATION('',(#2606),#2610);
#2606 = LINE('',#2607,#2608);
#2607 = CARTESIAN_POINT('',(8.044635731817,27.267315456282));
#2608 = VECTOR('',#2609,1.);
#2609 = DIRECTION('',(0.173648177667,0.984807753012));
#2610 = ( GEOMETRIC_REPRESENTATION_CONTEXT(2)
PARAMETRIC_REPRESENTATION_CONTEXT() REPRESENTATION_CONTEXT('2D SPACE',''
  ) );
#2611 = PCURVE('',#2612,#2617);
#2612 = PLANE('',#2613);
#2613 = AXIS2_PLACEMENT_3D('',#2614,#2615,#2616);
#2614 = CARTESIAN_POINT('',(0.,0.,0.));
#2615 = DIRECTION('',(0.,0.,1.));
#2616 = DIRECTION('',(1.,0.,-0.));
#2617 = DEFINITIONAL_REPRESENTATION('',(#2618),#2622);
#2618 = LINE('',#2619,#2620);
#2619 = CARTESIAN_POINT('',(8.044635731817,27.267315456282));
#2620 = VECTOR('',#2621,1.);
#2621 = DIRECTION('',(0.173648177667,0.984807753012));
#2622 = ( GEOMETRIC_REPRESENTATION_CONTEXT(2)
PARAMETRIC_REPRESENTATION_CONTEXT() REPRESENTATION_CONTEXT('2D SPACE',''
  ) );
#2623 = ORIENTED_EDGE('',*,*,#2624,.T.);
#2624 = EDGE_CURVE('',#2597,#2625,#2627,.T.);
#2625 = VERTEX_POINT('',#2626);
#2626 = CARTESIAN_POINT('',(1.766486306364,28.374322588908,0.));
#2627 = SURFACE_CURVE('',#2628,(#2632,#2639),.PCURVE_S1.);
#2628 = LINE('',#2629,#2630);
#2629 = CARTESIAN_POINT('',(8.044635731817,27.267315456282,0.));
#2630 = VECTOR('',#2631,1.);
#2631 = DIRECTION('',(-0.984807753012,0.173648177667,0.));
#2632 = PCURVE('',#1194,#2633);
#2633 = DEFINITIONAL_REPRESENTATION('',(#2634),#2638);
#2634 = LINE('',#2635,#2636);
#2635 = CARTESIAN_POINT('',(8.044635731817,27.267315456282));
#2636 = VECTOR('',#2637,1.);
#2637 = DIRECTION('',(-0.984807753012,0.173648177667));
#2638 = ( GEOMETRIC_REPRESENTATION_CONTEXT(2)
PARAMETRIC_REPRESENTATION_CONTEXT() REPRESENTATION_CONTEXT('2D SPACE',''
  ) );
#2639 = PCURVE('',#2612,#2640);
#2640 = DEFINITIONAL_REPRESENTATION('',(#2641),#2645);
#2641 = LINE('',#2642,#2643);
#2642 = CARTESIAN_POINT('',(8.044635731817,27.267315456282));
#2643 = VECTOR('',#2644,1.);
#2644 = DIRECTION('',(-0.984807753012,0.173648177667));
#2645 = ( GEOMETRIC_REPRESENTATION_CONTEXT(2)
PARAMETRIC_REPRESENTATION_CONTEXT() REPRESENTATION_CONTEXT('2D SPACE',''
  ) );
#2646 = ORIENTED_EDGE('',*,*,#2647,.T.);
#2647 = EDGE_CURVE('',#2625,#2648,#2650,.T.);
#2648 = VERTEX_POINT('',#2649);
#2649 = CARTESIAN_POINT('',(1.909885563064,29.187580186374,0.));
#2650 = SURFACE_CURVE('',#2651,(#2655,#2662),.PCURVE_S1.);
#2651 = LINE('',#2652,#2653);
#2652 = CARTESIAN_POINT('',(1.766486306364,28.374322588908,0.));
#2653 = VECTOR('',#2654,1.);
#2654 = DIRECTION('',(0.173648177667,0.984807753012,0.));
#2655 = PCURVE('',#1194,#2656);
#2656 = DEFINITIONAL_REPRESENTATION('',(#2657),#2661);
#2657 = LINE('',#2658,#2659);
#2658 = CARTESIAN_POINT('',(1.766486306364,28.374322588908));
#2659 = VECTOR('',#2660,1.);
#2660 = DIRECTION('',(0.173648177667,0.984807753012));
#2661 = ( GEOMETRIC_REPRESENTATION_CONTEXT(2)
PARAMETRIC_REPRESENTATION_CONTEXT() REPRESENTATION_CONTEXT('2D SPACE',''
  ) );
#2662 = PCURVE('',#2612,#2663);
#2663 = DEFINITIONAL_REPRESENTATION('',(#2664),#2668);
#2664 = LINE('',#2665,#2666);
#2665 = CARTESIAN_POINT('',(1.766486306364,28.374322588908));
#2666 = VECTOR('',#2667,1.);
#2667 = DIRECTION('',(0.173648177667,0.984807753012));
#2668 = ( GEOMETRIC_REPRESENTATION_CONTEXT(2)
PARAMETRIC_REPRESENTATION_CONTEXT() REPRESENTATION_CONTEXT('2D SPACE',''
  ) );
#2669 = ORIENTED_EDGE('',*,*,#2670,.T.);
#2670 = EDGE_CURVE('',#2648,#2671,#2673,.T.);
#2671 = VERTEX_POINT('',#2672);
#2672 = CARTESIAN_POINT('',(-1.909885563064,29.187580186374,0.));
#2673 = SURFACE_CURVE('',#2674,(#2679,#2686),.PCURVE_S1.);
#2674 = CIRCLE('',#2675,29.25);
#2675 = AXIS2_PLACEMENT_3D('',#2676,#2677,#2678);
#2676 = CARTESIAN_POINT('',(0.,0.,0.));
#2677 = DIRECTION('',(0.,0.,1.));
#2678 = DIRECTION('',(1.,0.,-0.));
#2679 = PCURVE('',#1194,#2680);
#2680 = DEFINITIONAL_REPRESENTATION('',(#2681),#2685);
#2681 = CIRCLE('',#2682,29.25);
#2682 = AXIS2_PLACEMENT_2D('',#2683,#2684);
#2683 = CARTESIAN_POINT('',(0.,0.));
#2684 = DIRECTION('',(1.,0.));
#2685 = ( GEOMETRIC_REPRESENTATION_CONTEXT(2)
PARAMETRIC_REPRESENTATION_CONTEXT() REPRESENTATION_CONTEXT('2D SPACE',''
  ) );
#2686 = PCURVE('',#2687,#2692);
#2687 = CYLINDRICAL_SURFACE('',#2688,29.25);
#2688 = AXIS2_PLACEMENT_3D('',#2689,#2690,#2691);
#2689 = CARTESIAN_POINT('',(0.,0.,0.));
#2690 = DIRECTION('',(0.,0.,1.));
#2691 = DIRECTION('',(1.,0.,-0.));
#2692 = DEFINITIONAL_REPRESENTATION('',(#2693),#2697);
#2693 = LINE('',#2694,#2695);
#2694 = CARTESIAN_POINT('',(0.,0.));
#2695 = VECTOR('',#2696,1.);
#2696 = DIRECTION('',(1.,0.));
#2697 = ( GEOMETRIC_REPRESENTATION_CONTEXT(2)
PARAMETRIC_REPRESENTATION_CONTEXT() REPRESENTATION_CONTEXT('2D SPACE',''
  ) );
#2698 = ORIENTED_EDGE('',*,*,#2699,.F.);
#2699 = EDGE_CURVE('',#2700,#2671,#2702,.T.);
#2700 = VERTEX_POINT('',#2701);
#2701 = CARTESIAN_POINT('',(-1.766486306364,28.374322588908,0.));
#2702 = SURFACE_CURVE('',#2703,(#2707,#2714),.PCURVE_S1.);
#2703 = LINE('',#2704,#2705);
#2704 = CARTESIAN_POINT('',(-1.766486306364,28.374322588908,0.));
#2705 = VECTOR('',#2706,1.);
#2706 = DIRECTION('',(-0.173648177667,0.984807753012,0.));
#2707 = PCURVE('',#1194,#2708);
#2708 = DEFINITIONAL_REPRESENTATION('',(#2709),#2713);
#2709 = LINE('',#2710,#2711);
#2710 = CARTESIAN_POINT('',(-1.766486306364,28.374322588908));
#2711 = VECTOR('',#2712,1.);
#2712 = DIRECTION('',(-0.173648177667,0.984807753012));
#2713 = ( GEOMETRIC_REPRESENTATION_CONTEXT(2)
PARAMETRIC_REPRESENTATION_CONTEXT() REPRESENTATION_CONTEXT('2D SPACE',''
  ) );
#2714 = PCURVE('',#2715,#2720);
#2715 = PLANE('',#2716);
#2716 = AXIS2_PLACEMENT_3D('',#2717,#2718,#2719);
#2717 = CARTESIAN_POINT('',(0.,0.,0.));
#2718 = DIRECTION('',(0.,0.,1.));
#2719 = DIRECTION('',(1.,0.,-0.));
#2720 = DEFINITIONAL_REPRESENTATION('',(#2721),#2725);
#2721 = LINE('',#2722,#2723);
#2722 = CARTESIAN_POINT('',(-1.766486306364,28.374322588908));
#2723 = VECTOR('',#2724,1.);
#2724 = DIRECTION('',(-0.173648177667,0.984807753012));
#2725 = ( GEOMETRIC_REPRESENTATION_CONTEXT(2)
PARAMETRIC_REPRESENTATION_CONTEXT() REPRESENTATION_CONTEXT('2D SPACE',''
  ) );
#2726 = ORIENTED_EDGE('',*,*,#2727,.T.);
#2727 = EDGE_CURVE('',#2700,#2728,#2730,.T.);
#2728 = VERTEX_POINT('',#2729);
#2729 = CARTESIAN_POINT('',(-8.044635731817,27.267315456282,0.));
#2730 = SURFACE_CURVE('',#2731,(#2735,#2742),.PCURVE_S1.);
#2731 = LINE('',#2732,#2733);
#2732 = CARTESIAN_POINT('',(-1.766486306364,28.374322588908,0.));
#2733 = VECTOR('',#2734,1.);
#2734 = DIRECTION('',(-0.984807753012,-0.173648177667,0.));
#2735 = PCURVE('',#1194,#2736);
#2736 = DEFINITIONAL_REPRESENTATION('',(#2737),#2741);
#2737 = LINE('',#2738,#2739);
#2738 = CARTESIAN_POINT('',(-1.766486306364,28.374322588908));
#2739 = VECTOR('',#2740,1.);
#2740 = DIRECTION('',(-0.984807753012,-0.173648177667));
#2741 = ( GEOMETRIC_REPRESENTATION_CONTEXT(2)
PARAMETRIC_REPRESENTATION_CONTEXT() REPRESENTATION_CONTEXT('2D SPACE',''
  ) );
#2742 = PCURVE('',#2715,#2743);
#2743 = DEFINITIONAL_REPRESENTATION('',(#2744),#2748);
#2744 = LINE('',#2745,#2746);
#2745 = CARTESIAN_POINT('',(-1.766486306364,28.374322588908));
#2746 = VECTOR('',#2747,1.);
#2747 = DIRECTION('',(-0.984807753012,-0.173648177667));
#2748 = ( GEOMETRIC_REPRESENTATION_CONTEXT(2)
PARAMETRIC_REPRESENTATION_CONTEXT() REPRESENTATION_CONTEXT('2D SPACE',''
  ) );
#2749 = ORIENTED_EDGE('',*,*,#2750,.T.);
#2750 = EDGE_CURVE('',#2728,#2751,#2753,.T.);
#2751 = VERTEX_POINT('',#2752);
#2752 = CARTESIAN_POINT('',(-8.188034988517,28.080573053747,0.));
#2753 = SURFACE_CURVE('',#2754,(#2758,#2765),.PCURVE_S1.);
#2754 = LINE('',#2755,#2756);
#2755 = CARTESIAN_POINT('',(-8.044635731817,27.267315456282,0.));
#2756 = VECTOR('',#2757,1.);
#2757 = DIRECTION('',(-0.173648177667,0.984807753012,0.));
#2758 = PCURVE('',#1194,#2759);
#2759 = DEFINITIONAL_REPRESENTATION('',(#2760),#2764);
#2760 = LINE('',#2761,#2762);
#2761 = CARTESIAN_POINT('',(-8.044635731817,27.267315456282));
#2762 = VECTOR('',#2763,1.);
#2763 = DIRECTION('',(-0.173648177667,0.984807753012));
#2764 = ( GEOMETRIC_REPRESENTATION_CONTEXT(2)
PARAMETRIC_REPRESENTATION_CONTEXT() REPRESENTATION_CONTEXT('2D SPACE',''
  ) );
#2765 = PCURVE('',#2715,#2766);
#2766 = DEFINITIONAL_REPRESENTATION('',(#2767),#2771);
#2767 = LINE('',#2768,#2769);
#2768 = CARTESIAN_POINT('',(-8.044635731817,27.267315456282));
#2769 = VECTOR('',#2770,1.);
#2770 = DIRECTION('',(-0.173648177667,0.984807753012));
#2771 = ( GEOMETRIC_REPRESENTATION_CONTEXT(2)
PARAMETRIC_REPRESENTATION_CONTEXT() REPRESENTATION_CONTEXT('2D SPACE',''
  ) );
#2772 = ORIENTED_EDGE('',*,*,#2773,.T.);
#2773 = EDGE_CURVE('',#2751,#2774,#2776,.T.);
#2774 = VERTEX_POINT('',#2775);
#2775 = CARTESIAN_POINT('',(-11.77744572883,26.774134385718,0.));
#2776 = SURFACE_CURVE('',#2777,(#2782,#2789),.PCURVE_S1.);
#2777 = CIRCLE('',#2778,29.25);
#2778 = AXIS2_PLACEMENT_3D('',#2779,#2780,#2781);
#2779 = CARTESIAN_POINT('',(0.,0.,0.));
#2780 = DIRECTION('',(0.,0.,1.));
#2781 = DIRECTION('',(1.,0.,-0.));
#2782 = PCURVE('',#1194,#2783);
#2783 = DEFINITIONAL_REPRESENTATION('',(#2784),#2788);
#2784 = CIRCLE('',#2785,29.25);
#2785 = AXIS2_PLACEMENT_2D('',#2786,#2787);
#2786 = CARTESIAN_POINT('',(0.,0.));
#2787 = DIRECTION('',(1.,0.));
#2788 = ( GEOMETRIC_REPRESENTATION_CONTEXT(2)
PARAMETRIC_REPRESENTATION_CONTEXT() REPRESENTATION_CONTEXT('2D SPACE',''
  ) );
#2789 = PCURVE('',#2790,#2795);
#2790 = CYLINDRICAL_SURFACE('',#2791,29.25);
#2791 = AXIS2_PLACEMENT_3D('',#2792,#2793,#2794);
#2792 = CARTESIAN_POINT('',(0.,0.,0.));
#2793 = DIRECTION('',(0.,0.,1.));
#2794 = DIRECTION('',(1.,0.,-0.));
#2795 = DEFINITIONAL_REPRESENTATION('',(#2796),#2800);
#2796 = LINE('',#2797,#2798);
#2797 = CARTESIAN_POINT('',(0.,0.));
#2798 = VECTOR('',#2799,1.);
#2799 = DIRECTION('',(1.,0.));
#2800 = ( GEOMETRIC_REPRESENTATION_CONTEXT(2)
PARAMETRIC_REPRESENTATION_CONTEXT() REPRESENTATION_CONTEXT('2D SPACE',''
  ) );
#2801 = ORIENTED_EDGE('',*,*,#2802,.F.);
#2802 = EDGE_CURVE('',#2803,#2774,#2805,.T.);
#2803 = VERTEX_POINT('',#2804);
#2804 = CARTESIAN_POINT('',(-11.36454402543,26.05896765691,0.));
#2805 = SURFACE_CURVE('',#2806,(#2810,#2817),.PCURVE_S1.);
#2806 = LINE('',#2807,#2808);
#2807 = CARTESIAN_POINT('',(-11.36454402543,26.05896765691,0.));
#2808 = VECTOR('',#2809,1.);
#2809 = DIRECTION('',(-0.5,0.866025403784,0.));
#2810 = PCURVE('',#1194,#2811);
#2811 = DEFINITIONAL_REPRESENTATION('',(#2812),#2816);
#2812 = LINE('',#2813,#2814);
#2813 = CARTESIAN_POINT('',(-11.36454402543,26.05896765691));
#2814 = VECTOR('',#2815,1.);
#2815 = DIRECTION('',(-0.5,0.866025403784));
#2816 = ( GEOMETRIC_REPRESENTATION_CONTEXT(2)
PARAMETRIC_REPRESENTATION_CONTEXT() REPRESENTATION_CONTEXT('2D SPACE',''
  ) );
#2817 = PCURVE('',#2818,#2823);
#2818 = PLANE('',#2819);
#2819 = AXIS2_PLACEMENT_3D('',#2820,#2821,#2822);
#2820 = CARTESIAN_POINT('',(0.,0.,0.));
#2821 = DIRECTION('',(0.,0.,1.));
#2822 = DIRECTION('',(1.,0.,-0.));
#2823 = DEFINITIONAL_REPRESENTATION('',(#2824),#2828);
#2824 = LINE('',#2825,#2826);
#2825 = CARTESIAN_POINT('',(-11.36454402543,26.05896765691));
#2826 = VECTOR('',#2827,1.);
#2827 = DIRECTION('',(-0.5,0.866025403784));
#2828 = ( GEOMETRIC_REPRESENTATION_CONTEXT(2)
PARAMETRIC_REPRESENTATION_CONTEXT() REPRESENTATION_CONTEXT('2D SPACE',''
  ) );
#2829 = ORIENTED_EDGE('',*,*,#2830,.T.);
#2830 = EDGE_CURVE('',#2803,#2831,#2833,.T.);
#2831 = VERTEX_POINT('',#2832);
#2832 = CARTESIAN_POINT('',(-16.88545597456,22.87146765691,0.));
#2833 = SURFACE_CURVE('',#2834,(#2838,#2845),.PCURVE_S1.);
#2834 = LINE('',#2835,#2836);
#2835 = CARTESIAN_POINT('',(-11.36454402543,26.05896765691,0.));
#2836 = VECTOR('',#2837,1.);
#2837 = DIRECTION('',(-0.866025403784,-0.5,0.));
#2838 = PCURVE('',#1194,#2839);
#2839 = DEFINITIONAL_REPRESENTATION('',(#2840),#2844);
#2840 = LINE('',#2841,#2842);
#2841 = CARTESIAN_POINT('',(-11.36454402543,26.05896765691));
#2842 = VECTOR('',#2843,1.);
#2843 = DIRECTION('',(-0.866025403784,-0.5));
#2844 = ( GEOMETRIC_REPRESENTATION_CONTEXT(2)
PARAMETRIC_REPRESENTATION_CONTEXT() REPRESENTATION_CONTEXT('2D SPACE',''
  ) );
#2845 = PCURVE('',#2818,#2846);
#2846 = DEFINITIONAL_REPRESENTATION('',(#2847),#2851);
#2847 = LINE('',#2848,#2849);
#2848 = CARTESIAN_POINT('',(-11.36454402543,26.05896765691));
#2849 = VECTOR('',#2850,1.);
#2850 = DIRECTION('',(-0.866025403784,-0.5));
#2851 = ( GEOMETRIC_REPRESENTATION_CONTEXT(2)
PARAMETRIC_REPRESENTATION_CONTEXT() REPRESENTATION_CONTEXT('2D SPACE',''
  ) );
#2852 = ORIENTED_EDGE('',*,*,#2853,.T.);
#2853 = EDGE_CURVE('',#2831,#2854,#2856,.T.);
#2854 = VERTEX_POINT('',#2855);
#2855 = CARTESIAN_POINT('',(-17.29835767795,23.586634385718,0.));
#2856 = SURFACE_CURVE('',#2857,(#2861,#2868),.PCURVE_S1.);
#2857 = LINE('',#2858,#2859);
#2858 = CARTESIAN_POINT('',(-16.88545597456,22.87146765691,0.));
#2859 = VECTOR('',#2860,1.);
#2860 = DIRECTION('',(-0.5,0.866025403784,0.));
#2861 = PCURVE('',#1194,#2862);
#2862 = DEFINITIONAL_REPRESENTATION('',(#2863),#2867);
#2863 = LINE('',#2864,#2865);
#2864 = CARTESIAN_POINT('',(-16.88545597456,22.87146765691));
#2865 = VECTOR('',#2866,1.);
#2866 = DIRECTION('',(-0.5,0.866025403784));
#2867 = ( GEOMETRIC_REPRESENTATION_CONTEXT(2)
PARAMETRIC_REPRESENTATION_CONTEXT() REPRESENTATION_CONTEXT('2D SPACE',''
  ) );
#2868 = PCURVE('',#2818,#2869);
#2869 = DEFINITIONAL_REPRESENTATION('',(#2870),#2874);
#2870 = LINE('',#2871,#2872);
#2871 = CARTESIAN_POINT('',(-16.88545597456,22.87146765691));
#2872 = VECTOR('',#2873,1.);
#2873 = DIRECTION('',(-0.5,0.866025403784));
#2874 = ( GEOMETRIC_REPRESENTATION_CONTEXT(2)
PARAMETRIC_REPRESENTATION_CONTEXT() REPRESENTATION_CONTEXT('2D SPACE',''
  ) );
#2875 = ORIENTED_EDGE('',*,*,#2876,.T.);
#2876 = EDGE_CURVE('',#2854,#2877,#2879,.T.);
#2877 = VERTEX_POINT('',#2878);
#2878 = CARTESIAN_POINT('',(-20.22447212311,21.131332834005,0.));
#2879 = SURFACE_CURVE('',#2880,(#2885,#2892),.PCURVE_S1.);
#2880 = CIRCLE('',#2881,29.25);
#2881 = AXIS2_PLACEMENT_3D('',#2882,#2883,#2884);
#2882 = CARTESIAN_POINT('',(0.,0.,0.));
#2883 = DIRECTION('',(0.,0.,1.));
#2884 = DIRECTION('',(1.,0.,-0.));
#2885 = PCURVE('',#1194,#2886);
#2886 = DEFINITIONAL_REPRESENTATION('',(#2887),#2891);
#2887 = CIRCLE('',#2888,29.25);
#2888 = AXIS2_PLACEMENT_2D('',#2889,#2890);
#2889 = CARTESIAN_POINT('',(0.,0.));
#2890 = DIRECTION('',(1.,0.));
#2891 = ( GEOMETRIC_REPRESENTATION_CONTEXT(2)
PARAMETRIC_REPRESENTATION_CONTEXT() REPRESENTATION_CONTEXT('2D SPACE',''
  ) );
#2892 = PCURVE('',#2893,#2898);
#2893 = CYLINDRICAL_SURFACE('',#2894,29.25);
#2894 = AXIS2_PLACEMENT_3D('',#2895,#2896,#2897);
#2895 = CARTESIAN_POINT('',(0.,0.,0.));
#2896 = DIRECTION('',(0.,0.,1.));
#2897 = DIRECTION('',(1.,0.,-0.));
#2898 = DEFINITIONAL_REPRESENTATION('',(#2899),#2903);
#2899 = LINE('',#2900,#2901);
#2900 = CARTESIAN_POINT('',(0.,0.));
#2901 = VECTOR('',#2902,1.);
#2902 = DIRECTION('',(1.,0.));
#2903 = ( GEOMETRIC_REPRESENTATION_CONTEXT(2)
PARAMETRIC_REPRESENTATION_CONTEXT() REPRESENTATION_CONTEXT('2D SPACE',''
  ) );
#2904 = ORIENTED_EDGE('',*,*,#2905,.F.);
#2905 = EDGE_CURVE('',#2906,#2877,#2908,.T.);
#2906 = VERTEX_POINT('',#2907);
#2907 = CARTESIAN_POINT('',(-19.59187001223,20.600516636086,0.));
#2908 = SURFACE_CURVE('',#2909,(#2913,#2920),.PCURVE_S1.);
#2909 = LINE('',#2910,#2911);
#2910 = CARTESIAN_POINT('',(-19.59187001223,20.600516636086,0.));
#2911 = VECTOR('',#2912,1.);
#2912 = DIRECTION('',(-0.766044443119,0.642787609687,0.));
#2913 = PCURVE('',#1194,#2914);
#2914 = DEFINITIONAL_REPRESENTATION('',(#2915),#2919);
#2915 = LINE('',#2916,#2917);
#2916 = CARTESIAN_POINT('',(-19.59187001223,20.600516636086));
#2917 = VECTOR('',#2918,1.);
#2918 = DIRECTION('',(-0.766044443119,0.642787609687));
#2919 = ( GEOMETRIC_REPRESENTATION_CONTEXT(2)
PARAMETRIC_REPRESENTATION_CONTEXT() REPRESENTATION_CONTEXT('2D SPACE',''
  ) );
#2920 = PCURVE('',#2921,#2926);
#2921 = PLANE('',#2922);
#2922 = AXIS2_PLACEMENT_3D('',#2923,#2924,#2925);
#2923 = CARTESIAN_POINT('',(0.,0.,0.));
#2924 = DIRECTION('',(0.,0.,1.));
#2925 = DIRECTION('',(1.,0.,-0.));
#2926 = DEFINITIONAL_REPRESENTATION('',(#2927),#2931);
#2927 = LINE('',#2928,#2929);
#2928 = CARTESIAN_POINT('',(-19.59187001223,20.600516636086));
#2929 = VECTOR('',#2930,1.);
#2930 = DIRECTION('',(-0.766044443119,0.642787609687));
#2931 = ( GEOMETRIC_REPRESENTATION_CONTEXT(2)
PARAMETRIC_REPRESENTATION_CONTEXT() REPRESENTATION_CONTEXT('2D SPACE',''
  ) );
#2932 = ORIENTED_EDGE('',*,*,#2933,.T.);
#2933 = EDGE_CURVE('',#2906,#2934,#2936,.T.);
#2934 = VERTEX_POINT('',#2935);
#2935 = CARTESIAN_POINT('',(-23.68964102398,15.716983311203,0.));
#2936 = SURFACE_CURVE('',#2937,(#2941,#2948),.PCURVE_S1.);
#2937 = LINE('',#2938,#2939);
#2938 = CARTESIAN_POINT('',(-19.59187001223,20.600516636086,0.));
#2939 = VECTOR('',#2940,1.);
#2940 = DIRECTION('',(-0.642787609687,-0.766044443119,0.));
#2941 = PCURVE('',#1194,#2942);
#2942 = DEFINITIONAL_REPRESENTATION('',(#2943),#2947);
#2943 = LINE('',#2944,#2945);
#2944 = CARTESIAN_POINT('',(-19.59187001223,20.600516636086));
#2945 = VECTOR('',#2946,1.);
#2946 = DIRECTION('',(-0.642787609687,-0.766044443119));
#2947 = ( GEOMETRIC_REPRESENTATION_CONTEXT(2)
PARAMETRIC_REPRESENTATION_CONTEXT() REPRESENTATION_CONTEXT('2D SPACE',''
  ) );
#2948 = PCURVE('',#2921,#2949);
#2949 = DEFINITIONAL_REPRESENTATION('',(#2950),#2954);
#2950 = LINE('',#2951,#2952);
#2951 = CARTESIAN_POINT('',(-19.59187001223,20.600516636086));
#2952 = VECTOR('',#2953,1.);
#2953 = DIRECTION('',(-0.642787609687,-0.766044443119));
#2954 = ( GEOMETRIC_REPRESENTATION_CONTEXT(2)
PARAMETRIC_REPRESENTATION_CONTEXT() REPRESENTATION_CONTEXT('2D SPACE',''
  ) );
#2955 = ORIENTED_EDGE('',*,*,#2956,.T.);
#2956 = EDGE_CURVE('',#2934,#2957,#2959,.T.);
#2957 = VERTEX_POINT('',#2958);
#2958 = CARTESIAN_POINT('',(-24.32224313486,16.247799509121,0.));
#2959 = SURFACE_CURVE('',#2960,(#2964,#2971),.PCURVE_S1.);
#2960 = LINE('',#2961,#2962);
#2961 = CARTESIAN_POINT('',(-23.68964102398,15.716983311203,0.));
#2962 = VECTOR('',#2963,1.);
#2963 = DIRECTION('',(-0.766044443119,0.642787609687,0.));
#2964 = PCURVE('',#1194,#2965);
#2965 = DEFINITIONAL_REPRESENTATION('',(#2966),#2970);
#2966 = LINE('',#2967,#2968);
#2967 = CARTESIAN_POINT('',(-23.68964102398,15.716983311203));
#2968 = VECTOR('',#2969,1.);
#2969 = DIRECTION('',(-0.766044443119,0.642787609687));
#2970 = ( GEOMETRIC_REPRESENTATION_CONTEXT(2)
PARAMETRIC_REPRESENTATION_CONTEXT() REPRESENTATION_CONTEXT('2D SPACE',''
  ) );
#2971 = PCURVE('',#2921,#2972);
#2972 = DEFINITIONAL_REPRESENTATION('',(#2973),#2977);
#2973 = LINE('',#2974,#2975);
#2974 = CARTESIAN_POINT('',(-23.68964102398,15.716983311203));
#2975 = VECTOR('',#2976,1.);
#2976 = DIRECTION('',(-0.766044443119,0.642787609687));
#2977 = ( GEOMETRIC_REPRESENTATION_CONTEXT(2)
PARAMETRIC_REPRESENTATION_CONTEXT() REPRESENTATION_CONTEXT('2D SPACE',''
  ) );
#2978 = ORIENTED_EDGE('',*,*,#2979,.T.);
#2979 = EDGE_CURVE('',#2957,#2980,#2982,.T.);
#2980 = VERTEX_POINT('',#2981);
#2981 = CARTESIAN_POINT('',(-26.23212869792,12.939780677252,0.));
#2982 = SURFACE_CURVE('',#2983,(#2988,#2995),.PCURVE_S1.);
#2983 = CIRCLE('',#2984,29.25);
#2984 = AXIS2_PLACEMENT_3D('',#2985,#2986,#2987);
#2985 = CARTESIAN_POINT('',(0.,0.,0.));
#2986 = DIRECTION('',(0.,0.,1.));
#2987 = DIRECTION('',(1.,0.,-0.));
#2988 = PCURVE('',#1194,#2989);
#2989 = DEFINITIONAL_REPRESENTATION('',(#2990),#2994);
#2990 = CIRCLE('',#2991,29.25);
#2991 = AXIS2_PLACEMENT_2D('',#2992,#2993);
#2992 = CARTESIAN_POINT('',(0.,0.));
#2993 = DIRECTION('',(1.,0.));
#2994 = ( GEOMETRIC_REPRESENTATION_CONTEXT(2)
PARAMETRIC_REPRESENTATION_CONTEXT() REPRESENTATION_CONTEXT('2D SPACE',''
  ) );
#2995 = PCURVE('',#2996,#3001);
#2996 = CYLINDRICAL_SURFACE('',#2997,29.25);
#2997 = AXIS2_PLACEMENT_3D('',#2998,#2999,#3000);
#2998 = CARTESIAN_POINT('',(0.,0.,0.));
#2999 = DIRECTION('',(0.,0.,1.));
#3000 = DIRECTION('',(1.,0.,-0.));
#3001 = DEFINITIONAL_REPRESENTATION('',(#3002),#3006);
#3002 = LINE('',#3003,#3004);
#3003 = CARTESIAN_POINT('',(0.,0.));
#3004 = VECTOR('',#3005,1.);
#3005 = DIRECTION('',(1.,0.));
#3006 = ( GEOMETRIC_REPRESENTATION_CONTEXT(2)
PARAMETRIC_REPRESENTATION_CONTEXT() REPRESENTATION_CONTEXT('2D SPACE',''
  ) );
#3007 = ORIENTED_EDGE('',*,*,#3008,.F.);
#3008 = EDGE_CURVE('',#3009,#2980,#3011,.T.);
#3009 = VERTEX_POINT('',#3010);
#3010 = CARTESIAN_POINT('',(-25.45612733035,12.657339277705,0.));
#3011 = SURFACE_CURVE('',#3012,(#3016,#3023),.PCURVE_S1.);
#3012 = LINE('',#3013,#3014);
#3013 = CARTESIAN_POINT('',(-25.45612733035,12.657339277705,0.));
#3014 = VECTOR('',#3015,1.);
#3015 = DIRECTION('',(-0.939692620786,0.342020143326,0.));
#3016 = PCURVE('',#1194,#3017);
#3017 = DEFINITIONAL_REPRESENTATION('',(#3018),#3022);
#3018 = LINE('',#3019,#3020);
#3019 = CARTESIAN_POINT('',(-25.45612733035,12.657339277705));
#3020 = VECTOR('',#3021,1.);
#3021 = DIRECTION('',(-0.939692620786,0.342020143326));
#3022 = ( GEOMETRIC_REPRESENTATION_CONTEXT(2)
PARAMETRIC_REPRESENTATION_CONTEXT() REPRESENTATION_CONTEXT('2D SPACE',''
  ) );
#3023 = PCURVE('',#3024,#3029);
#3024 = PLANE('',#3025);
#3025 = AXIS2_PLACEMENT_3D('',#3026,#3027,#3028);
#3026 = CARTESIAN_POINT('',(0.,0.,0.));
#3027 = DIRECTION('',(0.,0.,1.));
#3028 = DIRECTION('',(1.,0.,-0.));
#3029 = DEFINITIONAL_REPRESENTATION('',(#3030),#3034);
#3030 = LINE('',#3031,#3032);
#3031 = CARTESIAN_POINT('',(-25.45612733035,12.657339277705));
#3032 = VECTOR('',#3033,1.);
#3033 = DIRECTION('',(-0.939692620786,0.342020143326));
#3034 = ( GEOMETRIC_REPRESENTATION_CONTEXT(2)
PARAMETRIC_REPRESENTATION_CONTEXT() REPRESENTATION_CONTEXT('2D SPACE',''
  ) );
#3035 = ORIENTED_EDGE('',*,*,#3036,.T.);
#3036 = EDGE_CURVE('',#3009,#3037,#3039,.T.);
#3037 = VERTEX_POINT('',#3038);
#3038 = CARTESIAN_POINT('',(-27.63650574405,6.666798820195,0.));
#3039 = SURFACE_CURVE('',#3040,(#3044,#3051),.PCURVE_S1.);
#3040 = LINE('',#3041,#3042);
#3041 = CARTESIAN_POINT('',(-25.45612733035,12.657339277705,0.));
#3042 = VECTOR('',#3043,1.);
#3043 = DIRECTION('',(-0.342020143326,-0.939692620786,0.));
#3044 = PCURVE('',#1194,#3045);
#3045 = DEFINITIONAL_REPRESENTATION('',(#3046),#3050);
#3046 = LINE('',#3047,#3048);
#3047 = CARTESIAN_POINT('',(-25.45612733035,12.657339277705));
#3048 = VECTOR('',#3049,1.);
#3049 = DIRECTION('',(-0.342020143326,-0.939692620786));
#3050 = ( GEOMETRIC_REPRESENTATION_CONTEXT(2)
PARAMETRIC_REPRESENTATION_CONTEXT() REPRESENTATION_CONTEXT('2D SPACE',''
  ) );
#3051 = PCURVE('',#3024,#3052);
#3052 = DEFINITIONAL_REPRESENTATION('',(#3053),#3057);
#3053 = LINE('',#3054,#3055);
#3054 = CARTESIAN_POINT('',(-25.45612733035,12.657339277705));
#3055 = VECTOR('',#3056,1.);
#3056 = DIRECTION('',(-0.342020143326,-0.939692620786));
#3057 = ( GEOMETRIC_REPRESENTATION_CONTEXT(2)
PARAMETRIC_REPRESENTATION_CONTEXT() REPRESENTATION_CONTEXT('2D SPACE',''
  ) );
#3058 = ORIENTED_EDGE('',*,*,#3059,.T.);
#3059 = EDGE_CURVE('',#3037,#3060,#3062,.T.);
#3060 = VERTEX_POINT('',#3061);
#3061 = CARTESIAN_POINT('',(-28.41250711162,6.949240219743,0.));
#3062 = SURFACE_CURVE('',#3063,(#3067,#3074),.PCURVE_S1.);
#3063 = LINE('',#3064,#3065);
#3064 = CARTESIAN_POINT('',(-27.63650574405,6.666798820195,0.));
#3065 = VECTOR('',#3066,1.);
#3066 = DIRECTION('',(-0.939692620786,0.342020143326,0.));
#3067 = PCURVE('',#1194,#3068);
#3068 = DEFINITIONAL_REPRESENTATION('',(#3069),#3073);
#3069 = LINE('',#3070,#3071);
#3070 = CARTESIAN_POINT('',(-27.63650574405,6.666798820195));
#3071 = VECTOR('',#3072,1.);
#3072 = DIRECTION('',(-0.939692620786,0.342020143326));
#3073 = ( GEOMETRIC_REPRESENTATION_CONTEXT(2)
PARAMETRIC_REPRESENTATION_CONTEXT() REPRESENTATION_CONTEXT('2D SPACE',''
  ) );
#3074 = PCURVE('',#3024,#3075);
#3075 = DEFINITIONAL_REPRESENTATION('',(#3076),#3080);
#3076 = LINE('',#3077,#3078);
#3077 = CARTESIAN_POINT('',(-27.63650574405,6.666798820195));
#3078 = VECTOR('',#3079,1.);
#3079 = DIRECTION('',(-0.939692620786,0.342020143326));
#3080 = ( GEOMETRIC_REPRESENTATION_CONTEXT(2)
PARAMETRIC_REPRESENTATION_CONTEXT() REPRESENTATION_CONTEXT('2D SPACE',''
  ) );
#3081 = ORIENTED_EDGE('',*,*,#3082,.T.);
#3082 = EDGE_CURVE('',#3060,#3083,#3085,.T.);
#3083 = VERTEX_POINT('',#3084);
#3084 = CARTESIAN_POINT('',(-29.07580340678,3.1875,0.));
#3085 = SURFACE_CURVE('',#3086,(#3091,#3098),.PCURVE_S1.);
#3086 = CIRCLE('',#3087,29.25);
#3087 = AXIS2_PLACEMENT_3D('',#3088,#3089,#3090);
#3088 = CARTESIAN_POINT('',(0.,0.,0.));
#3089 = DIRECTION('',(0.,0.,1.));
#3090 = DIRECTION('',(1.,0.,-0.));
#3091 = PCURVE('',#1194,#3092);
#3092 = DEFINITIONAL_REPRESENTATION('',(#3093),#3097);
#3093 = CIRCLE('',#3094,29.25);
#3094 = AXIS2_PLACEMENT_2D('',#3095,#3096);
#3095 = CARTESIAN_POINT('',(0.,0.));
#3096 = DIRECTION('',(1.,0.));
#3097 = ( GEOMETRIC_REPRESENTATION_CONTEXT(2)
PARAMETRIC_REPRESENTATION_CONTEXT() REPRESENTATION_CONTEXT('2D SPACE',''
  ) );
#3098 = PCURVE('',#3099,#3104);
#3099 = CYLINDRICAL_SURFACE('',#3100,29.25);
#3100 = AXIS2_PLACEMENT_3D('',#3101,#3102,#3103);
#3101 = CARTESIAN_POINT('',(0.,0.,0.));
#3102 = DIRECTION('',(0.,0.,1.));
#3103 = DIRECTION('',(1.,0.,-0.));
#3104 = DEFINITIONAL_REPRESENTATION('',(#3105),#3109);
#3105 = LINE('',#3106,#3107);
#3106 = CARTESIAN_POINT('',(0.,0.));
#3107 = VECTOR('',#3108,1.);
#3108 = DIRECTION('',(1.,0.));
#3109 = ( GEOMETRIC_REPRESENTATION_CONTEXT(2)
PARAMETRIC_REPRESENTATION_CONTEXT() REPRESENTATION_CONTEXT('2D SPACE',''
  ) );
#3110 = ORIENTED_EDGE('',*,*,#3111,.F.);
#3111 = EDGE_CURVE('',#3112,#3083,#3114,.T.);
#3112 = VERTEX_POINT('',#3113);
#3113 = CARTESIAN_POINT('',(-28.25,3.1875,0.));
#3114 = SURFACE_CURVE('',#3115,(#3119,#3126),.PCURVE_S1.);
#3115 = LINE('',#3116,#3117);
#3116 = CARTESIAN_POINT('',(-28.25,3.1875,0.));
#3117 = VECTOR('',#3118,1.);
#3118 = DIRECTION('',(-1.,1.224646799147E-16,0.));
#3119 = PCURVE('',#1194,#3120);
#3120 = DEFINITIONAL_REPRESENTATION('',(#3121),#3125);
#3121 = LINE('',#3122,#3123);
#3122 = CARTESIAN_POINT('',(-28.25,3.1875));
#3123 = VECTOR('',#3124,1.);
#3124 = DIRECTION('',(-1.,1.224646799147E-16));
#3125 = ( GEOMETRIC_REPRESENTATION_CONTEXT(2)
PARAMETRIC_REPRESENTATION_CONTEXT() REPRESENTATION_CONTEXT('2D SPACE',''
  ) );
#3126 = PCURVE('',#3127,#3132);
#3127 = PLANE('',#3128);
#3128 = AXIS2_PLACEMENT_3D('',#3129,#3130,#3131);
#3129 = CARTESIAN_POINT('',(0.,0.,0.));
#3130 = DIRECTION('',(0.,0.,1.));
#3131 = DIRECTION('',(1.,0.,-0.));
#3132 = DEFINITIONAL_REPRESENTATION('',(#3133),#3137);
#3133 = LINE('',#3134,#3135);
#3134 = CARTESIAN_POINT('',(-28.25,3.1875));
#3135 = VECTOR('',#3136,1.);
#3136 = DIRECTION('',(-1.,1.224646799147E-16));
#3137 = ( GEOMETRIC_REPRESENTATION_CONTEXT(2)
PARAMETRIC_REPRESENTATION_CONTEXT() REPRESENTATION_CONTEXT('2D SPACE',''
  ) );
#3138 = ORIENTED_EDGE('',*,*,#3139,.T.);
#3139 = EDGE_CURVE('',#3112,#3140,#3142,.T.);
#3140 = VERTEX_POINT('',#3141);
#3141 = CARTESIAN_POINT('',(-28.25,-3.1875,0.));
#3142 = SURFACE_CURVE('',#3143,(#3147,#3154),.PCURVE_S1.);
#3143 = LINE('',#3144,#3145);
#3144 = CARTESIAN_POINT('',(-28.25,3.1875,0.));
#3145 = VECTOR('',#3146,1.);
#3146 = DIRECTION('',(-1.224646799147E-16,-1.,0.));
#3147 = PCURVE('',#1194,#3148);
#3148 = DEFINITIONAL_REPRESENTATION('',(#3149),#3153);
#3149 = LINE('',#3150,#3151);
#3150 = CARTESIAN_POINT('',(-28.25,3.1875));
#3151 = VECTOR('',#3152,1.);
#3152 = DIRECTION('',(-1.224646799147E-16,-1.));
#3153 = ( GEOMETRIC_REPRESENTATION_CONTEXT(2)
PARAMETRIC_REPRESENTATION_CONTEXT() REPRESENTATION_CONTEXT('2D SPACE',''
  ) );
#3154 = PCURVE('',#3127,#3155);
#3155 = DEFINITIONAL_REPRESENTATION('',(#3156),#3160);
#3156 = LINE('',#3157,#3158);
#3157 = CARTESIAN_POINT('',(-28.25,3.1875));
#3158 = VECTOR('',#3159,1.);
#3159 = DIRECTION('',(-1.224646799147E-16,-1.));
#3160 = ( GEOMETRIC_REPRESENTATION_CONTEXT(2)
PARAMETRIC_REPRESENTATION_CONTEXT() REPRESENTATION_CONTEXT('2D SPACE',''
  ) );
#3161 = ORIENTED_EDGE('',*,*,#3162,.T.);
#3162 = EDGE_CURVE('',#3140,#3163,#3165,.T.);
#3163 = VERTEX_POINT('',#3164);
#3164 = CARTESIAN_POINT('',(-29.07580340678,-3.1875,0.));
#3165 = SURFACE_CURVE('',#3166,(#3170,#3177),.PCURVE_S1.);
#3166 = LINE('',#3167,#3168);
#3167 = CARTESIAN_POINT('',(-28.25,-3.1875,0.));
#3168 = VECTOR('',#3169,1.);
#3169 = DIRECTION('',(-1.,1.224646799147E-16,0.));
#3170 = PCURVE('',#1194,#3171);
#3171 = DEFINITIONAL_REPRESENTATION('',(#3172),#3176);
#3172 = LINE('',#3173,#3174);
#3173 = CARTESIAN_POINT('',(-28.25,-3.1875));
#3174 = VECTOR('',#3175,1.);
#3175 = DIRECTION('',(-1.,1.224646799147E-16));
#3176 = ( GEOMETRIC_REPRESENTATION_CONTEXT(2)
PARAMETRIC_REPRESENTATION_CONTEXT() REPRESENTATION_CONTEXT('2D SPACE',''
  ) );
#3177 = PCURVE('',#3127,#3178);
#3178 = DEFINITIONAL_REPRESENTATION('',(#3179),#3183);
#3179 = LINE('',#3180,#3181);
#3180 = CARTESIAN_POINT('',(-28.25,-3.1875));
#3181 = VECTOR('',#3182,1.);
#3182 = DIRECTION('',(-1.,1.224646799147E-16));
#3183 = ( GEOMETRIC_REPRESENTATION_CONTEXT(2)
PARAMETRIC_REPRESENTATION_CONTEXT() REPRESENTATION_CONTEXT('2D SPACE',''
  ) );
#3184 = ORIENTED_EDGE('',*,*,#3185,.T.);
#3185 = EDGE_CURVE('',#3163,#3186,#3188,.T.);
#3186 = VERTEX_POINT('',#3187);
#3187 = CARTESIAN_POINT('',(-28.41250711162,-6.949240219742,0.));
#3188 = SURFACE_CURVE('',#3189,(#3194,#3201),.PCURVE_S1.);
#3189 = CIRCLE('',#3190,29.25);
#3190 = AXIS2_PLACEMENT_3D('',#3191,#3192,#3193);
#3191 = CARTESIAN_POINT('',(0.,0.,0.));
#3192 = DIRECTION('',(0.,0.,1.));
#3193 = DIRECTION('',(1.,0.,-0.));
#3194 = PCURVE('',#1194,#3195);
#3195 = DEFINITIONAL_REPRESENTATION('',(#3196),#3200);
#3196 = CIRCLE('',#3197,29.25);
#3197 = AXIS2_PLACEMENT_2D('',#3198,#3199);
#3198 = CARTESIAN_POINT('',(0.,0.));
#3199 = DIRECTION('',(1.,0.));
#3200 = ( GEOMETRIC_REPRESENTATION_CONTEXT(2)
PARAMETRIC_REPRESENTATION_CONTEXT() REPRESENTATION_CONTEXT('2D SPACE',''
  ) );
#3201 = PCURVE('',#3202,#3207);
#3202 = CYLINDRICAL_SURFACE('',#3203,29.25);
#3203 = AXIS2_PLACEMENT_3D('',#3204,#3205,#3206);
#3204 = CARTESIAN_POINT('',(0.,0.,0.));
#3205 = DIRECTION('',(0.,0.,1.));
#3206 = DIRECTION('',(1.,0.,-0.));
#3207 = DEFINITIONAL_REPRESENTATION('',(#3208),#3212);
#3208 = LINE('',#3209,#3210);
#3209 = CARTESIAN_POINT('',(0.,0.));
#3210 = VECTOR('',#3211,1.);
#3211 = DIRECTION('',(1.,0.));
#3212 = ( GEOMETRIC_REPRESENTATION_CONTEXT(2)
PARAMETRIC_REPRESENTATION_CONTEXT() REPRESENTATION_CONTEXT('2D SPACE',''
  ) );
#3213 = ORIENTED_EDGE('',*,*,#3214,.F.);
#3214 = EDGE_CURVE('',#3215,#3186,#3217,.T.);
#3215 = VERTEX_POINT('',#3216);
#3216 = CARTESIAN_POINT('',(-27.63650574405,-6.666798820195,0.));
#3217 = SURFACE_CURVE('',#3218,(#3222,#3229),.PCURVE_S1.);
#3218 = LINE('',#3219,#3220);
#3219 = CARTESIAN_POINT('',(-27.63650574405,-6.666798820195,0.));
#3220 = VECTOR('',#3221,1.);
#3221 = DIRECTION('',(-0.939692620786,-0.342020143326,0.));
#3222 = PCURVE('',#1194,#3223);
#3223 = DEFINITIONAL_REPRESENTATION('',(#3224),#3228);
#3224 = LINE('',#3225,#3226);
#3225 = CARTESIAN_POINT('',(-27.63650574405,-6.666798820195));
#3226 = VECTOR('',#3227,1.);
#3227 = DIRECTION('',(-0.939692620786,-0.342020143326));
#3228 = ( GEOMETRIC_REPRESENTATION_CONTEXT(2)
PARAMETRIC_REPRESENTATION_CONTEXT() REPRESENTATION_CONTEXT('2D SPACE',''
  ) );
#3229 = PCURVE('',#3230,#3235);
#3230 = PLANE('',#3231);
#3231 = AXIS2_PLACEMENT_3D('',#3232,#3233,#3234);
#3232 = CARTESIAN_POINT('',(0.,0.,0.));
#3233 = DIRECTION('',(0.,0.,1.));
#3234 = DIRECTION('',(1.,0.,-0.));
#3235 = DEFINITIONAL_REPRESENTATION('',(#3236),#3240);
#3236 = LINE('',#3237,#3238);
#3237 = CARTESIAN_POINT('',(-27.63650574405,-6.666798820195));
#3238 = VECTOR('',#3239,1.);
#3239 = DIRECTION('',(-0.939692620786,-0.342020143326));
#3240 = ( GEOMETRIC_REPRESENTATION_CONTEXT(2)
PARAMETRIC_REPRESENTATION_CONTEXT() REPRESENTATION_CONTEXT('2D SPACE',''
  ) );
#3241 = ORIENTED_EDGE('',*,*,#3242,.T.);
#3242 = EDGE_CURVE('',#3215,#3243,#3245,.T.);
#3243 = VERTEX_POINT('',#3244);
#3244 = CARTESIAN_POINT('',(-25.45612733035,-12.6573392777,0.));
#3245 = SURFACE_CURVE('',#3246,(#3250,#3257),.PCURVE_S1.);
#3246 = LINE('',#3247,#3248);
#3247 = CARTESIAN_POINT('',(-27.63650574405,-6.666798820195,0.));
#3248 = VECTOR('',#3249,1.);
#3249 = DIRECTION('',(0.342020143326,-0.939692620786,0.));
#3250 = PCURVE('',#1194,#3251);
#3251 = DEFINITIONAL_REPRESENTATION('',(#3252),#3256);
#3252 = LINE('',#3253,#3254);
#3253 = CARTESIAN_POINT('',(-27.63650574405,-6.666798820195));
#3254 = VECTOR('',#3255,1.);
#3255 = DIRECTION('',(0.342020143326,-0.939692620786));
#3256 = ( GEOMETRIC_REPRESENTATION_CONTEXT(2)
PARAMETRIC_REPRESENTATION_CONTEXT() REPRESENTATION_CONTEXT('2D SPACE',''
  ) );
#3257 = PCURVE('',#3230,#3258);
#3258 = DEFINITIONAL_REPRESENTATION('',(#3259),#3263);
#3259 = LINE('',#3260,#3261);
#3260 = CARTESIAN_POINT('',(-27.63650574405,-6.666798820195));
#3261 = VECTOR('',#3262,1.);
#3262 = DIRECTION('',(0.342020143326,-0.939692620786));
#3263 = ( GEOMETRIC_REPRESENTATION_CONTEXT(2)
PARAMETRIC_REPRESENTATION_CONTEXT() REPRESENTATION_CONTEXT('2D SPACE',''
  ) );
#3264 = ORIENTED_EDGE('',*,*,#3265,.T.);
#3265 = EDGE_CURVE('',#3243,#3266,#3268,.T.);
#3266 = VERTEX_POINT('',#3267);
#3267 = CARTESIAN_POINT('',(-26.23212869792,-12.93978067725,0.));
#3268 = SURFACE_CURVE('',#3269,(#3273,#3280),.PCURVE_S1.);
#3269 = LINE('',#3270,#3271);
#3270 = CARTESIAN_POINT('',(-25.45612733035,-12.6573392777,0.));
#3271 = VECTOR('',#3272,1.);
#3272 = DIRECTION('',(-0.939692620786,-0.342020143326,0.));
#3273 = PCURVE('',#1194,#3274);
#3274 = DEFINITIONAL_REPRESENTATION('',(#3275),#3279);
#3275 = LINE('',#3276,#3277);
#3276 = CARTESIAN_POINT('',(-25.45612733035,-12.6573392777));
#3277 = VECTOR('',#3278,1.);
#3278 = DIRECTION('',(-0.939692620786,-0.342020143326));
#3279 = ( GEOMETRIC_REPRESENTATION_CONTEXT(2)
PARAMETRIC_REPRESENTATION_CONTEXT() REPRESENTATION_CONTEXT('2D SPACE',''
  ) );
#3280 = PCURVE('',#3230,#3281);
#3281 = DEFINITIONAL_REPRESENTATION('',(#3282),#3286);
#3282 = LINE('',#3283,#3284);
#3283 = CARTESIAN_POINT('',(-25.45612733035,-12.6573392777));
#3284 = VECTOR('',#3285,1.);
#3285 = DIRECTION('',(-0.939692620786,-0.342020143326));
#3286 = ( GEOMETRIC_REPRESENTATION_CONTEXT(2)
PARAMETRIC_REPRESENTATION_CONTEXT() REPRESENTATION_CONTEXT('2D SPACE',''
  ) );
#3287 = ORIENTED_EDGE('',*,*,#3288,.T.);
#3288 = EDGE_CURVE('',#3266,#3289,#3291,.T.);
#3289 = VERTEX_POINT('',#3290);
#3290 = CARTESIAN_POINT('',(-24.32224313486,-16.24779950912,0.));
#3291 = SURFACE_CURVE('',#3292,(#3297,#3304),.PCURVE_S1.);
#3292 = CIRCLE('',#3293,29.25);
#3293 = AXIS2_PLACEMENT_3D('',#3294,#3295,#3296);
#3294 = CARTESIAN_POINT('',(0.,0.,0.));
#3295 = DIRECTION('',(0.,0.,1.));
#3296 = DIRECTION('',(1.,0.,-0.));
#3297 = PCURVE('',#1194,#3298);
#3298 = DEFINITIONAL_REPRESENTATION('',(#3299),#3303);
#3299 = CIRCLE('',#3300,29.25);
#3300 = AXIS2_PLACEMENT_2D('',#3301,#3302);
#3301 = CARTESIAN_POINT('',(0.,0.));
#3302 = DIRECTION('',(1.,0.));
#3303 = ( GEOMETRIC_REPRESENTATION_CONTEXT(2)
PARAMETRIC_REPRESENTATION_CONTEXT() REPRESENTATION_CONTEXT('2D SPACE',''
  ) );
#3304 = PCURVE('',#3305,#3310);
#3305 = CYLINDRICAL_SURFACE('',#3306,29.25);
#3306 = AXIS2_PLACEMENT_3D('',#3307,#3308,#3309);
#3307 = CARTESIAN_POINT('',(0.,0.,0.));
#3308 = DIRECTION('',(0.,0.,1.));
#3309 = DIRECTION('',(1.,0.,-0.));
#3310 = DEFINITIONAL_REPRESENTATION('',(#3311),#3315);
#3311 = LINE('',#3312,#3313);
#3312 = CARTESIAN_POINT('',(0.,0.));
#3313 = VECTOR('',#3314,1.);
#3314 = DIRECTION('',(1.,0.));
#3315 = ( GEOMETRIC_REPRESENTATION_CONTEXT(2)
PARAMETRIC_REPRESENTATION_CONTEXT() REPRESENTATION_CONTEXT('2D SPACE',''
  ) );
#3316 = ORIENTED_EDGE('',*,*,#3317,.F.);
#3317 = EDGE_CURVE('',#3318,#3289,#3320,.T.);
#3318 = VERTEX_POINT('',#3319);
#3319 = CARTESIAN_POINT('',(-23.68964102398,-15.7169833112,0.));
#3320 = SURFACE_CURVE('',#3321,(#3325,#3332),.PCURVE_S1.);
#3321 = LINE('',#3322,#3323);
#3322 = CARTESIAN_POINT('',(-23.68964102398,-15.7169833112,0.));
#3323 = VECTOR('',#3324,1.);
#3324 = DIRECTION('',(-0.766044443119,-0.642787609687,0.));
#3325 = PCURVE('',#1194,#3326);
#3326 = DEFINITIONAL_REPRESENTATION('',(#3327),#3331);
#3327 = LINE('',#3328,#3329);
#3328 = CARTESIAN_POINT('',(-23.68964102398,-15.7169833112));
#3329 = VECTOR('',#3330,1.);
#3330 = DIRECTION('',(-0.766044443119,-0.642787609687));
#3331 = ( GEOMETRIC_REPRESENTATION_CONTEXT(2)
PARAMETRIC_REPRESENTATION_CONTEXT() REPRESENTATION_CONTEXT('2D SPACE',''
  ) );
#3332 = PCURVE('',#3333,#3338);
#3333 = PLANE('',#3334);
#3334 = AXIS2_PLACEMENT_3D('',#3335,#3336,#3337);
#3335 = CARTESIAN_POINT('',(0.,0.,0.));
#3336 = DIRECTION('',(0.,0.,1.));
#3337 = DIRECTION('',(1.,0.,-0.));
#3338 = DEFINITIONAL_REPRESENTATION('',(#3339),#3343);
#3339 = LINE('',#3340,#3341);
#3340 = CARTESIAN_POINT('',(-23.68964102398,-15.7169833112));
#3341 = VECTOR('',#3342,1.);
#3342 = DIRECTION('',(-0.766044443119,-0.642787609687));
#3343 = ( GEOMETRIC_REPRESENTATION_CONTEXT(2)
PARAMETRIC_REPRESENTATION_CONTEXT() REPRESENTATION_CONTEXT('2D SPACE',''
  ) );
#3344 = ORIENTED_EDGE('',*,*,#3345,.T.);
#3345 = EDGE_CURVE('',#3318,#3346,#3348,.T.);
#3346 = VERTEX_POINT('',#3347);
#3347 = CARTESIAN_POINT('',(-19.59187001223,-20.60051663608,0.));
#3348 = SURFACE_CURVE('',#3349,(#3353,#3360),.PCURVE_S1.);
#3349 = LINE('',#3350,#3351);
#3350 = CARTESIAN_POINT('',(-23.68964102398,-15.7169833112,0.));
#3351 = VECTOR('',#3352,1.);
#3352 = DIRECTION('',(0.642787609687,-0.766044443119,0.));
#3353 = PCURVE('',#1194,#3354);
#3354 = DEFINITIONAL_REPRESENTATION('',(#3355),#3359);
#3355 = LINE('',#3356,#3357);
#3356 = CARTESIAN_POINT('',(-23.68964102398,-15.7169833112));
#3357 = VECTOR('',#3358,1.);
#3358 = DIRECTION('',(0.642787609687,-0.766044443119));
#3359 = ( GEOMETRIC_REPRESENTATION_CONTEXT(2)
PARAMETRIC_REPRESENTATION_CONTEXT() REPRESENTATION_CONTEXT('2D SPACE',''
  ) );
#3360 = PCURVE('',#3333,#3361);
#3361 = DEFINITIONAL_REPRESENTATION('',(#3362),#3366);
#3362 = LINE('',#3363,#3364);
#3363 = CARTESIAN_POINT('',(-23.68964102398,-15.7169833112));
#3364 = VECTOR('',#3365,1.);
#3365 = DIRECTION('',(0.642787609687,-0.766044443119));
#3366 = ( GEOMETRIC_REPRESENTATION_CONTEXT(2)
PARAMETRIC_REPRESENTATION_CONTEXT() REPRESENTATION_CONTEXT('2D SPACE',''
  ) );
#3367 = ORIENTED_EDGE('',*,*,#3368,.T.);
#3368 = EDGE_CURVE('',#3346,#3369,#3371,.T.);
#3369 = VERTEX_POINT('',#3370);
#3370 = CARTESIAN_POINT('',(-20.22447212311,-21.131332834,0.));
#3371 = SURFACE_CURVE('',#3372,(#3376,#3383),.PCURVE_S1.);
#3372 = LINE('',#3373,#3374);
#3373 = CARTESIAN_POINT('',(-19.59187001223,-20.60051663608,0.));
#3374 = VECTOR('',#3375,1.);
#3375 = DIRECTION('',(-0.766044443119,-0.642787609687,0.));
#3376 = PCURVE('',#1194,#3377);
#3377 = DEFINITIONAL_REPRESENTATION('',(#3378),#3382);
#3378 = LINE('',#3379,#3380);
#3379 = CARTESIAN_POINT('',(-19.59187001223,-20.60051663608));
#3380 = VECTOR('',#3381,1.);
#3381 = DIRECTION('',(-0.766044443119,-0.642787609687));
#3382 = ( GEOMETRIC_REPRESENTATION_CONTEXT(2)
PARAMETRIC_REPRESENTATION_CONTEXT() REPRESENTATION_CONTEXT('2D SPACE',''
  ) );
#3383 = PCURVE('',#3333,#3384);
#3384 = DEFINITIONAL_REPRESENTATION('',(#3385),#3389);
#3385 = LINE('',#3386,#3387);
#3386 = CARTESIAN_POINT('',(-19.59187001223,-20.60051663608));
#3387 = VECTOR('',#3388,1.);
#3388 = DIRECTION('',(-0.766044443119,-0.642787609687));
#3389 = ( GEOMETRIC_REPRESENTATION_CONTEXT(2)
PARAMETRIC_REPRESENTATION_CONTEXT() REPRESENTATION_CONTEXT('2D SPACE',''
  ) );
#3390 = ORIENTED_EDGE('',*,*,#3391,.T.);
#3391 = EDGE_CURVE('',#3369,#3392,#3394,.T.);
#3392 = VERTEX_POINT('',#3393);
#3393 = CARTESIAN_POINT('',(-17.29835767795,-23.58663438571,0.));
#3394 = SURFACE_CURVE('',#3395,(#3400,#3407),.PCURVE_S1.);
#3395 = CIRCLE('',#3396,29.25);
#3396 = AXIS2_PLACEMENT_3D('',#3397,#3398,#3399);
#3397 = CARTESIAN_POINT('',(0.,0.,0.));
#3398 = DIRECTION('',(0.,0.,1.));
#3399 = DIRECTION('',(1.,0.,-0.));
#3400 = PCURVE('',#1194,#3401);
#3401 = DEFINITIONAL_REPRESENTATION('',(#3402),#3406);
#3402 = CIRCLE('',#3403,29.25);
#3403 = AXIS2_PLACEMENT_2D('',#3404,#3405);
#3404 = CARTESIAN_POINT('',(0.,0.));
#3405 = DIRECTION('',(1.,0.));
#3406 = ( GEOMETRIC_REPRESENTATION_CONTEXT(2)
PARAMETRIC_REPRESENTATION_CONTEXT() REPRESENTATION_CONTEXT('2D SPACE',''
  ) );
#3407 = PCURVE('',#3408,#3413);
#3408 = CYLINDRICAL_SURFACE('',#3409,29.25);
#3409 = AXIS2_PLACEMENT_3D('',#3410,#3411,#3412);
#3410 = CARTESIAN_POINT('',(0.,0.,0.));
#3411 = DIRECTION('',(0.,0.,1.));
#3412 = DIRECTION('',(1.,0.,-0.));
#3413 = DEFINITIONAL_REPRESENTATION('',(#3414),#3418);
#3414 = LINE('',#3415,#3416);
#3415 = CARTESIAN_POINT('',(0.,0.));
#3416 = VECTOR('',#3417,1.);
#3417 = DIRECTION('',(1.,0.));
#3418 = ( GEOMETRIC_REPRESENTATION_CONTEXT(2)
PARAMETRIC_REPRESENTATION_CONTEXT() REPRESENTATION_CONTEXT('2D SPACE',''
  ) );
#3419 = ORIENTED_EDGE('',*,*,#3420,.F.);
#3420 = EDGE_CURVE('',#3421,#3392,#3423,.T.);
#3421 = VERTEX_POINT('',#3422);
#3422 = CARTESIAN_POINT('',(-16.88545597456,-22.87146765691,0.));
#3423 = SURFACE_CURVE('',#3424,(#3428,#3435),.PCURVE_S1.);
#3424 = LINE('',#3425,#3426);
#3425 = CARTESIAN_POINT('',(-16.88545597456,-22.87146765691,0.));
#3426 = VECTOR('',#3427,1.);
#3427 = DIRECTION('',(-0.5,-0.866025403784,0.));
#3428 = PCURVE('',#1194,#3429);
#3429 = DEFINITIONAL_REPRESENTATION('',(#3430),#3434);
#3430 = LINE('',#3431,#3432);
#3431 = CARTESIAN_POINT('',(-16.88545597456,-22.87146765691));
#3432 = VECTOR('',#3433,1.);
#3433 = DIRECTION('',(-0.5,-0.866025403784));
#3434 = ( GEOMETRIC_REPRESENTATION_CONTEXT(2)
PARAMETRIC_REPRESENTATION_CONTEXT() REPRESENTATION_CONTEXT('2D SPACE',''
  ) );
#3435 = PCURVE('',#3436,#3441);
#3436 = PLANE('',#3437);
#3437 = AXIS2_PLACEMENT_3D('',#3438,#3439,#3440);
#3438 = CARTESIAN_POINT('',(0.,0.,0.));
#3439 = DIRECTION('',(0.,0.,1.));
#3440 = DIRECTION('',(1.,0.,-0.));
#3441 = DEFINITIONAL_REPRESENTATION('',(#3442),#3446);
#3442 = LINE('',#3443,#3444);
#3443 = CARTESIAN_POINT('',(-16.88545597456,-22.87146765691));
#3444 = VECTOR('',#3445,1.);
#3445 = DIRECTION('',(-0.5,-0.866025403784));
#3446 = ( GEOMETRIC_REPRESENTATION_CONTEXT(2)
PARAMETRIC_REPRESENTATION_CONTEXT() REPRESENTATION_CONTEXT('2D SPACE',''
  ) );
#3447 = ORIENTED_EDGE('',*,*,#3448,.T.);
#3448 = EDGE_CURVE('',#3421,#3449,#3451,.T.);
#3449 = VERTEX_POINT('',#3450);
#3450 = CARTESIAN_POINT('',(-11.36454402543,-26.05896765691,0.));
#3451 = SURFACE_CURVE('',#3452,(#3456,#3463),.PCURVE_S1.);
#3452 = LINE('',#3453,#3454);
#3453 = CARTESIAN_POINT('',(-16.88545597456,-22.87146765691,0.));
#3454 = VECTOR('',#3455,1.);
#3455 = DIRECTION('',(0.866025403784,-0.5,0.));
#3456 = PCURVE('',#1194,#3457);
#3457 = DEFINITIONAL_REPRESENTATION('',(#3458),#3462);
#3458 = LINE('',#3459,#3460);
#3459 = CARTESIAN_POINT('',(-16.88545597456,-22.87146765691));
#3460 = VECTOR('',#3461,1.);
#3461 = DIRECTION('',(0.866025403784,-0.5));
#3462 = ( GEOMETRIC_REPRESENTATION_CONTEXT(2)
PARAMETRIC_REPRESENTATION_CONTEXT() REPRESENTATION_CONTEXT('2D SPACE',''
  ) );
#3463 = PCURVE('',#3436,#3464);
#3464 = DEFINITIONAL_REPRESENTATION('',(#3465),#3469);
#3465 = LINE('',#3466,#3467);
#3466 = CARTESIAN_POINT('',(-16.88545597456,-22.87146765691));
#3467 = VECTOR('',#3468,1.);
#3468 = DIRECTION('',(0.866025403784,-0.5));
#3469 = ( GEOMETRIC_REPRESENTATION_CONTEXT(2)
PARAMETRIC_REPRESENTATION_CONTEXT() REPRESENTATION_CONTEXT('2D SPACE',''
  ) );
#3470 = ORIENTED_EDGE('',*,*,#3471,.T.);
#3471 = EDGE_CURVE('',#3449,#3472,#3474,.T.);
#3472 = VERTEX_POINT('',#3473);
#3473 = CARTESIAN_POINT('',(-11.77744572882,-26.77413438571,0.));
#3474 = SURFACE_CURVE('',#3475,(#3479,#3486),.PCURVE_S1.);
#3475 = LINE('',#3476,#3477);
#3476 = CARTESIAN_POINT('',(-11.36454402543,-26.05896765691,0.));
#3477 = VECTOR('',#3478,1.);
#3478 = DIRECTION('',(-0.5,-0.866025403784,0.));
#3479 = PCURVE('',#1194,#3480);
#3480 = DEFINITIONAL_REPRESENTATION('',(#3481),#3485);
#3481 = LINE('',#3482,#3483);
#3482 = CARTESIAN_POINT('',(-11.36454402543,-26.05896765691));
#3483 = VECTOR('',#3484,1.);
#3484 = DIRECTION('',(-0.5,-0.866025403784));
#3485 = ( GEOMETRIC_REPRESENTATION_CONTEXT(2)
PARAMETRIC_REPRESENTATION_CONTEXT() REPRESENTATION_CONTEXT('2D SPACE',''
  ) );
#3486 = PCURVE('',#3436,#3487);
#3487 = DEFINITIONAL_REPRESENTATION('',(#3488),#3492);
#3488 = LINE('',#3489,#3490);
#3489 = CARTESIAN_POINT('',(-11.36454402543,-26.05896765691));
#3490 = VECTOR('',#3491,1.);
#3491 = DIRECTION('',(-0.5,-0.866025403784));
#3492 = ( GEOMETRIC_REPRESENTATION_CONTEXT(2)
PARAMETRIC_REPRESENTATION_CONTEXT() REPRESENTATION_CONTEXT('2D SPACE',''
  ) );
#3493 = ORIENTED_EDGE('',*,*,#3494,.T.);
#3494 = EDGE_CURVE('',#3472,#3495,#3497,.T.);
#3495 = VERTEX_POINT('',#3496);
#3496 = CARTESIAN_POINT('',(-8.188034988517,-28.08057305374,0.));
#3497 = SURFACE_CURVE('',#3498,(#3503,#3510),.PCURVE_S1.);
#3498 = CIRCLE('',#3499,29.25);
#3499 = AXIS2_PLACEMENT_3D('',#3500,#3501,#3502);
#3500 = CARTESIAN_POINT('',(0.,0.,0.));
#3501 = DIRECTION('',(0.,0.,1.));
#3502 = DIRECTION('',(1.,0.,-0.));
#3503 = PCURVE('',#1194,#3504);
#3504 = DEFINITIONAL_REPRESENTATION('',(#3505),#3509);
#3505 = CIRCLE('',#3506,29.25);
#3506 = AXIS2_PLACEMENT_2D('',#3507,#3508);
#3507 = CARTESIAN_POINT('',(0.,0.));
#3508 = DIRECTION('',(1.,0.));
#3509 = ( GEOMETRIC_REPRESENTATION_CONTEXT(2)
PARAMETRIC_REPRESENTATION_CONTEXT() REPRESENTATION_CONTEXT('2D SPACE',''
  ) );
#3510 = PCURVE('',#3511,#3516);
#3511 = CYLINDRICAL_SURFACE('',#3512,29.25);
#3512 = AXIS2_PLACEMENT_3D('',#3513,#3514,#3515);
#3513 = CARTESIAN_POINT('',(0.,0.,0.));
#3514 = DIRECTION('',(0.,0.,1.));
#3515 = DIRECTION('',(1.,0.,-0.));
#3516 = DEFINITIONAL_REPRESENTATION('',(#3517),#3521);
#3517 = LINE('',#3518,#3519);
#3518 = CARTESIAN_POINT('',(0.,0.));
#3519 = VECTOR('',#3520,1.);
#3520 = DIRECTION('',(1.,0.));
#3521 = ( GEOMETRIC_REPRESENTATION_CONTEXT(2)
PARAMETRIC_REPRESENTATION_CONTEXT() REPRESENTATION_CONTEXT('2D SPACE',''
  ) );
#3522 = ORIENTED_EDGE('',*,*,#3523,.F.);
#3523 = EDGE_CURVE('',#3524,#3495,#3526,.T.);
#3524 = VERTEX_POINT('',#3525);
#3525 = CARTESIAN_POINT('',(-8.044635731817,-27.26731545628,0.));
#3526 = SURFACE_CURVE('',#3527,(#3531,#3538),.PCURVE_S1.);
#3527 = LINE('',#3528,#3529);
#3528 = CARTESIAN_POINT('',(-8.044635731817,-27.26731545628,0.));
#3529 = VECTOR('',#3530,1.);
#3530 = DIRECTION('',(-0.173648177667,-0.984807753012,0.));
#3531 = PCURVE('',#1194,#3532);
#3532 = DEFINITIONAL_REPRESENTATION('',(#3533),#3537);
#3533 = LINE('',#3534,#3535);
#3534 = CARTESIAN_POINT('',(-8.044635731817,-27.26731545628));
#3535 = VECTOR('',#3536,1.);
#3536 = DIRECTION('',(-0.173648177667,-0.984807753012));
#3537 = ( GEOMETRIC_REPRESENTATION_CONTEXT(2)
PARAMETRIC_REPRESENTATION_CONTEXT() REPRESENTATION_CONTEXT('2D SPACE',''
  ) );
#3538 = PCURVE('',#3539,#3544);
#3539 = PLANE('',#3540);
#3540 = AXIS2_PLACEMENT_3D('',#3541,#3542,#3543);
#3541 = CARTESIAN_POINT('',(0.,0.,0.));
#3542 = DIRECTION('',(0.,0.,1.));
#3543 = DIRECTION('',(1.,0.,-0.));
#3544 = DEFINITIONAL_REPRESENTATION('',(#3545),#3549);
#3545 = LINE('',#3546,#3547);
#3546 = CARTESIAN_POINT('',(-8.044635731817,-27.26731545628));
#3547 = VECTOR('',#3548,1.);
#3548 = DIRECTION('',(-0.173648177667,-0.984807753012));
#3549 = ( GEOMETRIC_REPRESENTATION_CONTEXT(2)
PARAMETRIC_REPRESENTATION_CONTEXT() REPRESENTATION_CONTEXT('2D SPACE',''
  ) );
#3550 = ORIENTED_EDGE('',*,*,#3551,.T.);
#3551 = EDGE_CURVE('',#3524,#3552,#3554,.T.);
#3552 = VERTEX_POINT('',#3553);
#3553 = CARTESIAN_POINT('',(-1.766486306364,-28.3743225889,0.));
#3554 = SURFACE_CURVE('',#3555,(#3559,#3566),.PCURVE_S1.);
#3555 = LINE('',#3556,#3557);
#3556 = CARTESIAN_POINT('',(-8.044635731817,-27.26731545628,0.));
#3557 = VECTOR('',#3558,1.);
#3558 = DIRECTION('',(0.984807753012,-0.173648177667,0.));
#3559 = PCURVE('',#1194,#3560);
#3560 = DEFINITIONAL_REPRESENTATION('',(#3561),#3565);
#3561 = LINE('',#3562,#3563);
#3562 = CARTESIAN_POINT('',(-8.044635731817,-27.26731545628));
#3563 = VECTOR('',#3564,1.);
#3564 = DIRECTION('',(0.984807753012,-0.173648177667));
#3565 = ( GEOMETRIC_REPRESENTATION_CONTEXT(2)
PARAMETRIC_REPRESENTATION_CONTEXT() REPRESENTATION_CONTEXT('2D SPACE',''
  ) );
#3566 = PCURVE('',#3539,#3567);
#3567 = DEFINITIONAL_REPRESENTATION('',(#3568),#3572);
#3568 = LINE('',#3569,#3570);
#3569 = CARTESIAN_POINT('',(-8.044635731817,-27.26731545628));
#3570 = VECTOR('',#3571,1.);
#3571 = DIRECTION('',(0.984807753012,-0.173648177667));
#3572 = ( GEOMETRIC_REPRESENTATION_CONTEXT(2)
PARAMETRIC_REPRESENTATION_CONTEXT() REPRESENTATION_CONTEXT('2D SPACE',''
  ) );
#3573 = ORIENTED_EDGE('',*,*,#3574,.T.);
#3574 = EDGE_CURVE('',#3552,#3575,#3577,.T.);
#3575 = VERTEX_POINT('',#3576);
#3576 = CARTESIAN_POINT('',(-1.909885563064,-29.18758018637,0.));
#3577 = SURFACE_CURVE('',#3578,(#3582,#3589),.PCURVE_S1.);
#3578 = LINE('',#3579,#3580);
#3579 = CARTESIAN_POINT('',(-1.766486306364,-28.3743225889,0.));
#3580 = VECTOR('',#3581,1.);
#3581 = DIRECTION('',(-0.173648177667,-0.984807753012,0.));
#3582 = PCURVE('',#1194,#3583);
#3583 = DEFINITIONAL_REPRESENTATION('',(#3584),#3588);
#3584 = LINE('',#3585,#3586);
#3585 = CARTESIAN_POINT('',(-1.766486306364,-28.3743225889));
#3586 = VECTOR('',#3587,1.);
#3587 = DIRECTION('',(-0.173648177667,-0.984807753012));
#3588 = ( GEOMETRIC_REPRESENTATION_CONTEXT(2)
PARAMETRIC_REPRESENTATION_CONTEXT() REPRESENTATION_CONTEXT('2D SPACE',''
  ) );
#3589 = PCURVE('',#3539,#3590);
#3590 = DEFINITIONAL_REPRESENTATION('',(#3591),#3595);
#3591 = LINE('',#3592,#3593);
#3592 = CARTESIAN_POINT('',(-1.766486306364,-28.3743225889));
#3593 = VECTOR('',#3594,1.);
#3594 = DIRECTION('',(-0.173648177667,-0.984807753012));
#3595 = ( GEOMETRIC_REPRESENTATION_CONTEXT(2)
PARAMETRIC_REPRESENTATION_CONTEXT() REPRESENTATION_CONTEXT('2D SPACE',''
  ) );
#3596 = ORIENTED_EDGE('',*,*,#3597,.T.);
#3597 = EDGE_CURVE('',#3575,#3598,#3600,.T.);
#3598 = VERTEX_POINT('',#3599);
#3599 = CARTESIAN_POINT('',(1.909885563064,-29.18758018637,0.));
#3600 = SURFACE_CURVE('',#3601,(#3606,#3613),.PCURVE_S1.);
#3601 = CIRCLE('',#3602,29.25);
#3602 = AXIS2_PLACEMENT_3D('',#3603,#3604,#3605);
#3603 = CARTESIAN_POINT('',(0.,0.,0.));
#3604 = DIRECTION('',(0.,0.,1.));
#3605 = DIRECTION('',(1.,0.,-0.));
#3606 = PCURVE('',#1194,#3607);
#3607 = DEFINITIONAL_REPRESENTATION('',(#3608),#3612);
#3608 = CIRCLE('',#3609,29.25);
#3609 = AXIS2_PLACEMENT_2D('',#3610,#3611);
#3610 = CARTESIAN_POINT('',(0.,0.));
#3611 = DIRECTION('',(1.,0.));
#3612 = ( GEOMETRIC_REPRESENTATION_CONTEXT(2)
PARAMETRIC_REPRESENTATION_CONTEXT() REPRESENTATION_CONTEXT('2D SPACE',''
  ) );
#3613 = PCURVE('',#3614,#3619);
#3614 = CYLINDRICAL_SURFACE('',#3615,29.25);
#3615 = AXIS2_PLACEMENT_3D('',#3616,#3617,#3618);
#3616 = CARTESIAN_POINT('',(0.,0.,0.));
#3617 = DIRECTION('',(0.,0.,1.));
#3618 = DIRECTION('',(1.,0.,-0.));
#3619 = DEFINITIONAL_REPRESENTATION('',(#3620),#3624);
#3620 = LINE('',#3621,#3622);
#3621 = CARTESIAN_POINT('',(0.,0.));
#3622 = VECTOR('',#3623,1.);
#3623 = DIRECTION('',(1.,0.));
#3624 = ( GEOMETRIC_REPRESENTATION_CONTEXT(2)
PARAMETRIC_REPRESENTATION_CONTEXT() REPRESENTATION_CONTEXT('2D SPACE',''
  ) );
#3625 = ORIENTED_EDGE('',*,*,#3626,.F.);
#3626 = EDGE_CURVE('',#3627,#3598,#3629,.T.);
#3627 = VERTEX_POINT('',#3628);
#3628 = CARTESIAN_POINT('',(1.766486306364,-28.3743225889,0.));
#3629 = SURFACE_CURVE('',#3630,(#3634,#3641),.PCURVE_S1.);
#3630 = LINE('',#3631,#3632);
#3631 = CARTESIAN_POINT('',(1.766486306364,-28.3743225889,0.));
#3632 = VECTOR('',#3633,1.);
#3633 = DIRECTION('',(0.173648177667,-0.984807753012,0.));
#3634 = PCURVE('',#1194,#3635);
#3635 = DEFINITIONAL_REPRESENTATION('',(#3636),#3640);
#3636 = LINE('',#3637,#3638);
#3637 = CARTESIAN_POINT('',(1.766486306364,-28.3743225889));
#3638 = VECTOR('',#3639,1.);
#3639 = DIRECTION('',(0.173648177667,-0.984807753012));
#3640 = ( GEOMETRIC_REPRESENTATION_CONTEXT(2)
PARAMETRIC_REPRESENTATION_CONTEXT() REPRESENTATION_CONTEXT('2D SPACE',''
  ) );
#3641 = PCURVE('',#3642,#3647);
#3642 = PLANE('',#3643);
#3643 = AXIS2_PLACEMENT_3D('',#3644,#3645,#3646);
#3644 = CARTESIAN_POINT('',(0.,0.,0.));
#3645 = DIRECTION('',(0.,0.,1.));
#3646 = DIRECTION('',(1.,0.,-0.));
#3647 = DEFINITIONAL_REPRESENTATION('',(#3648),#3652);
#3648 = LINE('',#3649,#3650);
#3649 = CARTESIAN_POINT('',(1.766486306364,-28.3743225889));
#3650 = VECTOR('',#3651,1.);
#3651 = DIRECTION('',(0.173648177667,-0.984807753012));
#3652 = ( GEOMETRIC_REPRESENTATION_CONTEXT(2)
PARAMETRIC_REPRESENTATION_CONTEXT() REPRESENTATION_CONTEXT('2D SPACE',''
  ) );
#3653 = ORIENTED_EDGE('',*,*,#3654,.T.);
#3654 = EDGE_CURVE('',#3627,#3655,#3657,.T.);
#3655 = VERTEX_POINT('',#3656);
#3656 = CARTESIAN_POINT('',(8.044635731817,-27.26731545628,0.));
#3657 = SURFACE_CURVE('',#3658,(#3662,#3669),.PCURVE_S1.);
#3658 = LINE('',#3659,#3660);
#3659 = CARTESIAN_POINT('',(1.766486306364,-28.3743225889,0.));
#3660 = VECTOR('',#3661,1.);
#3661 = DIRECTION('',(0.984807753012,0.173648177667,0.));
#3662 = PCURVE('',#1194,#3663);
#3663 = DEFINITIONAL_REPRESENTATION('',(#3664),#3668);
#3664 = LINE('',#3665,#3666);
#3665 = CARTESIAN_POINT('',(1.766486306364,-28.3743225889));
#3666 = VECTOR('',#3667,1.);
#3667 = DIRECTION('',(0.984807753012,0.173648177667));
#3668 = ( GEOMETRIC_REPRESENTATION_CONTEXT(2)
PARAMETRIC_REPRESENTATION_CONTEXT() REPRESENTATION_CONTEXT('2D SPACE',''
  ) );
#3669 = PCURVE('',#3642,#3670);
#3670 = DEFINITIONAL_REPRESENTATION('',(#3671),#3675);
#3671 = LINE('',#3672,#3673);
#3672 = CARTESIAN_POINT('',(1.766486306364,-28.3743225889));
#3673 = VECTOR('',#3674,1.);
#3674 = DIRECTION('',(0.984807753012,0.173648177667));
#3675 = ( GEOMETRIC_REPRESENTATION_CONTEXT(2)
PARAMETRIC_REPRESENTATION_CONTEXT() REPRESENTATION_CONTEXT('2D SPACE',''
  ) );
#3676 = ORIENTED_EDGE('',*,*,#3677,.T.);
#3677 = EDGE_CURVE('',#3655,#3678,#3680,.T.);
#3678 = VERTEX_POINT('',#3679);
#3679 = CARTESIAN_POINT('',(8.188034988517,-28.08057305374,0.));
#3680 = SURFACE_CURVE('',#3681,(#3685,#3692),.PCURVE_S1.);
#3681 = LINE('',#3682,#3683);
#3682 = CARTESIAN_POINT('',(8.044635731817,-27.26731545628,0.));
#3683 = VECTOR('',#3684,1.);
#3684 = DIRECTION('',(0.173648177667,-0.984807753012,0.));
#3685 = PCURVE('',#1194,#3686);
#3686 = DEFINITIONAL_REPRESENTATION('',(#3687),#3691);
#3687 = LINE('',#3688,#3689);
#3688 = CARTESIAN_POINT('',(8.044635731817,-27.26731545628));
#3689 = VECTOR('',#3690,1.);
#3690 = DIRECTION('',(0.173648177667,-0.984807753012));
#3691 = ( GEOMETRIC_REPRESENTATION_CONTEXT(2)
PARAMETRIC_REPRESENTATION_CONTEXT() REPRESENTATION_CONTEXT('2D SPACE',''
  ) );
#3692 = PCURVE('',#3642,#3693);
#3693 = DEFINITIONAL_REPRESENTATION('',(#3694),#3698);
#3694 = LINE('',#3695,#3696);
#3695 = CARTESIAN_POINT('',(8.044635731817,-27.26731545628));
#3696 = VECTOR('',#3697,1.);
#3697 = DIRECTION('',(0.173648177667,-0.984807753012));
#3698 = ( GEOMETRIC_REPRESENTATION_CONTEXT(2)
PARAMETRIC_REPRESENTATION_CONTEXT() REPRESENTATION_CONTEXT('2D SPACE',''
  ) );
#3699 = ORIENTED_EDGE('',*,*,#3700,.T.);
#3700 = EDGE_CURVE('',#3678,#3701,#3703,.T.);
#3701 = VERTEX_POINT('',#3702);
#3702 = CARTESIAN_POINT('',(11.77744572883,-26.77413438571,0.));
#3703 = SURFACE_CURVE('',#3704,(#3709,#3716),.PCURVE_S1.);
#3704 = CIRCLE('',#3705,29.25);
#3705 = AXIS2_PLACEMENT_3D('',#3706,#3707,#3708);
#3706 = CARTESIAN_POINT('',(0.,0.,0.));
#3707 = DIRECTION('',(0.,0.,1.));
#3708 = DIRECTION('',(1.,0.,-0.));
#3709 = PCURVE('',#1194,#3710);
#3710 = DEFINITIONAL_REPRESENTATION('',(#3711),#3715);
#3711 = CIRCLE('',#3712,29.25);
#3712 = AXIS2_PLACEMENT_2D('',#3713,#3714);
#3713 = CARTESIAN_POINT('',(0.,0.));
#3714 = DIRECTION('',(1.,0.));
#3715 = ( GEOMETRIC_REPRESENTATION_CONTEXT(2)
PARAMETRIC_REPRESENTATION_CONTEXT() REPRESENTATION_CONTEXT('2D SPACE',''
  ) );
#3716 = PCURVE('',#3717,#3722);
#3717 = CYLINDRICAL_SURFACE('',#3718,29.25);
#3718 = AXIS2_PLACEMENT_3D('',#3719,#3720,#3721);
#3719 = CARTESIAN_POINT('',(0.,0.,0.));
#3720 = DIRECTION('',(0.,0.,1.));
#3721 = DIRECTION('',(1.,0.,-0.));
#3722 = DEFINITIONAL_REPRESENTATION('',(#3723),#3727);
#3723 = LINE('',#3724,#3725);
#3724 = CARTESIAN_POINT('',(0.,0.));
#3725 = VECTOR('',#3726,1.);
#3726 = DIRECTION('',(1.,0.));
#3727 = ( GEOMETRIC_REPRESENTATION_CONTEXT(2)
PARAMETRIC_REPRESENTATION_CONTEXT() REPRESENTATION_CONTEXT('2D SPACE',''
  ) );
#3728 = ORIENTED_EDGE('',*,*,#3729,.F.);
#3729 = EDGE_CURVE('',#3730,#3701,#3732,.T.);
#3730 = VERTEX_POINT('',#3731);
#3731 = CARTESIAN_POINT('',(11.364544025437,-26.05896765691,0.));
#3732 = SURFACE_CURVE('',#3733,(#3737,#3744),.PCURVE_S1.);
#3733 = LINE('',#3734,#3735);
#3734 = CARTESIAN_POINT('',(11.364544025437,-26.05896765691,0.));
#3735 = VECTOR('',#3736,1.);
#3736 = DIRECTION('',(0.5,-0.866025403784,0.));
#3737 = PCURVE('',#1194,#3738);
#3738 = DEFINITIONAL_REPRESENTATION('',(#3739),#3743);
#3739 = LINE('',#3740,#3741);
#3740 = CARTESIAN_POINT('',(11.364544025437,-26.05896765691));
#3741 = VECTOR('',#3742,1.);
#3742 = DIRECTION('',(0.5,-0.866025403784));
#3743 = ( GEOMETRIC_REPRESENTATION_CONTEXT(2)
PARAMETRIC_REPRESENTATION_CONTEXT() REPRESENTATION_CONTEXT('2D SPACE',''
  ) );
#3744 = PCURVE('',#3745,#3750);
#3745 = PLANE('',#3746);
#3746 = AXIS2_PLACEMENT_3D('',#3747,#3748,#3749);
#3747 = CARTESIAN_POINT('',(0.,0.,0.));
#3748 = DIRECTION('',(0.,0.,1.));
#3749 = DIRECTION('',(1.,0.,-0.));
#3750 = DEFINITIONAL_REPRESENTATION('',(#3751),#3755);
#3751 = LINE('',#3752,#3753);
#3752 = CARTESIAN_POINT('',(11.364544025437,-26.05896765691));
#3753 = VECTOR('',#3754,1.);
#3754 = DIRECTION('',(0.5,-0.866025403784));
#3755 = ( GEOMETRIC_REPRESENTATION_CONTEXT(2)
PARAMETRIC_REPRESENTATION_CONTEXT() REPRESENTATION_CONTEXT('2D SPACE',''
  ) );
#3756 = ORIENTED_EDGE('',*,*,#3757,.T.);
#3757 = EDGE_CURVE('',#3730,#3758,#3760,.T.);
#3758 = VERTEX_POINT('',#3759);
#3759 = CARTESIAN_POINT('',(16.885455974563,-22.87146765691,0.));
#3760 = SURFACE_CURVE('',#3761,(#3765,#3772),.PCURVE_S1.);
#3761 = LINE('',#3762,#3763);
#3762 = CARTESIAN_POINT('',(11.364544025437,-26.05896765691,0.));
#3763 = VECTOR('',#3764,1.);
#3764 = DIRECTION('',(0.866025403784,0.5,0.));
#3765 = PCURVE('',#1194,#3766);
#3766 = DEFINITIONAL_REPRESENTATION('',(#3767),#3771);
#3767 = LINE('',#3768,#3769);
#3768 = CARTESIAN_POINT('',(11.364544025437,-26.05896765691));
#3769 = VECTOR('',#3770,1.);
#3770 = DIRECTION('',(0.866025403784,0.5));
#3771 = ( GEOMETRIC_REPRESENTATION_CONTEXT(2)
PARAMETRIC_REPRESENTATION_CONTEXT() REPRESENTATION_CONTEXT('2D SPACE',''
  ) );
#3772 = PCURVE('',#3745,#3773);
#3773 = DEFINITIONAL_REPRESENTATION('',(#3774),#3778);
#3774 = LINE('',#3775,#3776);
#3775 = CARTESIAN_POINT('',(11.364544025437,-26.05896765691));
#3776 = VECTOR('',#3777,1.);
#3777 = DIRECTION('',(0.866025403784,0.5));
#3778 = ( GEOMETRIC_REPRESENTATION_CONTEXT(2)
PARAMETRIC_REPRESENTATION_CONTEXT() REPRESENTATION_CONTEXT('2D SPACE',''
  ) );
#3779 = ORIENTED_EDGE('',*,*,#3780,.T.);
#3780 = EDGE_CURVE('',#3758,#3781,#3783,.T.);
#3781 = VERTEX_POINT('',#3782);
#3782 = CARTESIAN_POINT('',(17.298357677955,-23.58663438571,0.));
#3783 = SURFACE_CURVE('',#3784,(#3788,#3795),.PCURVE_S1.);
#3784 = LINE('',#3785,#3786);
#3785 = CARTESIAN_POINT('',(16.885455974563,-22.87146765691,0.));
#3786 = VECTOR('',#3787,1.);
#3787 = DIRECTION('',(0.5,-0.866025403784,0.));
#3788 = PCURVE('',#1194,#3789);
#3789 = DEFINITIONAL_REPRESENTATION('',(#3790),#3794);
#3790 = LINE('',#3791,#3792);
#3791 = CARTESIAN_POINT('',(16.885455974563,-22.87146765691));
#3792 = VECTOR('',#3793,1.);
#3793 = DIRECTION('',(0.5,-0.866025403784));
#3794 = ( GEOMETRIC_REPRESENTATION_CONTEXT(2)
PARAMETRIC_REPRESENTATION_CONTEXT() REPRESENTATION_CONTEXT('2D SPACE',''
  ) );
#3795 = PCURVE('',#3745,#3796);
#3796 = DEFINITIONAL_REPRESENTATION('',(#3797),#3801);
#3797 = LINE('',#3798,#3799);
#3798 = CARTESIAN_POINT('',(16.885455974563,-22.87146765691));
#3799 = VECTOR('',#3800,1.);
#3800 = DIRECTION('',(0.5,-0.866025403784));
#3801 = ( GEOMETRIC_REPRESENTATION_CONTEXT(2)
PARAMETRIC_REPRESENTATION_CONTEXT() REPRESENTATION_CONTEXT('2D SPACE',''
  ) );
#3802 = ORIENTED_EDGE('',*,*,#3803,.T.);
#3803 = EDGE_CURVE('',#3781,#3804,#3806,.T.);
#3804 = VERTEX_POINT('',#3805);
#3805 = CARTESIAN_POINT('',(20.224472123112,-21.131332834,0.));
#3806 = SURFACE_CURVE('',#3807,(#3812,#3819),.PCURVE_S1.);
#3807 = CIRCLE('',#3808,29.25);
#3808 = AXIS2_PLACEMENT_3D('',#3809,#3810,#3811);
#3809 = CARTESIAN_POINT('',(0.,0.,0.));
#3810 = DIRECTION('',(0.,0.,1.));
#3811 = DIRECTION('',(1.,0.,-0.));
#3812 = PCURVE('',#1194,#3813);
#3813 = DEFINITIONAL_REPRESENTATION('',(#3814),#3818);
#3814 = CIRCLE('',#3815,29.25);
#3815 = AXIS2_PLACEMENT_2D('',#3816,#3817);
#3816 = CARTESIAN_POINT('',(0.,0.));
#3817 = DIRECTION('',(1.,0.));
#3818 = ( GEOMETRIC_REPRESENTATION_CONTEXT(2)
PARAMETRIC_REPRESENTATION_CONTEXT() REPRESENTATION_CONTEXT('2D SPACE',''
  ) );
#3819 = PCURVE('',#3820,#3825);
#3820 = CYLINDRICAL_SURFACE('',#3821,29.25);
#3821 = AXIS2_PLACEMENT_3D('',#3822,#3823,#3824);
#3822 = CARTESIAN_POINT('',(0.,0.,0.));
#3823 = DIRECTION('',(0.,0.,1.));
#3824 = DIRECTION('',(1.,0.,-0.));
#3825 = DEFINITIONAL_REPRESENTATION('',(#3826),#3830);
#3826 = LINE('',#3827,#3828);
#3827 = CARTESIAN_POINT('',(0.,0.));
#3828 = VECTOR('',#3829,1.);
#3829 = DIRECTION('',(1.,0.));
#3830 = ( GEOMETRIC_REPRESENTATION_CONTEXT(2)
PARAMETRIC_REPRESENTATION_CONTEXT() REPRESENTATION_CONTEXT('2D SPACE',''
  ) );
#3831 = ORIENTED_EDGE('',*,*,#3832,.F.);
#3832 = EDGE_CURVE('',#3833,#3804,#3835,.T.);
#3833 = VERTEX_POINT('',#3834);
#3834 = CARTESIAN_POINT('',(19.591870012235,-20.60051663608,0.));
#3835 = SURFACE_CURVE('',#3836,(#3840,#3847),.PCURVE_S1.);
#3836 = LINE('',#3837,#3838);
#3837 = CARTESIAN_POINT('',(19.591870012235,-20.60051663608,0.));
#3838 = VECTOR('',#3839,1.);
#3839 = DIRECTION('',(0.766044443119,-0.642787609687,0.));
#3840 = PCURVE('',#1194,#3841);
#3841 = DEFINITIONAL_REPRESENTATION('',(#3842),#3846);
#3842 = LINE('',#3843,#3844);
#3843 = CARTESIAN_POINT('',(19.591870012235,-20.60051663608));
#3844 = VECTOR('',#3845,1.);
#3845 = DIRECTION('',(0.766044443119,-0.642787609687));
#3846 = ( GEOMETRIC_REPRESENTATION_CONTEXT(2)
PARAMETRIC_REPRESENTATION_CONTEXT() REPRESENTATION_CONTEXT('2D SPACE',''
  ) );
#3847 = PCURVE('',#3848,#3853);
#3848 = PLANE('',#3849);
#3849 = AXIS2_PLACEMENT_3D('',#3850,#3851,#3852);
#3850 = CARTESIAN_POINT('',(0.,0.,0.));
#3851 = DIRECTION('',(0.,0.,1.));
#3852 = DIRECTION('',(1.,0.,-0.));
#3853 = DEFINITIONAL_REPRESENTATION('',(#3854),#3858);
#3854 = LINE('',#3855,#3856);
#3855 = CARTESIAN_POINT('',(19.591870012235,-20.60051663608));
#3856 = VECTOR('',#3857,1.);
#3857 = DIRECTION('',(0.766044443119,-0.642787609687));
#3858 = ( GEOMETRIC_REPRESENTATION_CONTEXT(2)
PARAMETRIC_REPRESENTATION_CONTEXT() REPRESENTATION_CONTEXT('2D SPACE',''
  ) );
#3859 = ORIENTED_EDGE('',*,*,#3860,.T.);
#3860 = EDGE_CURVE('',#3833,#3861,#3863,.T.);
#3861 = VERTEX_POINT('',#3862);
#3862 = CARTESIAN_POINT('',(23.689641023987,-15.7169833112,0.));
#3863 = SURFACE_CURVE('',#3864,(#3868,#3875),.PCURVE_S1.);
#3864 = LINE('',#3865,#3866);
#3865 = CARTESIAN_POINT('',(19.591870012235,-20.60051663608,0.));
#3866 = VECTOR('',#3867,1.);
#3867 = DIRECTION('',(0.642787609687,0.766044443119,0.));
#3868 = PCURVE('',#1194,#3869);
#3869 = DEFINITIONAL_REPRESENTATION('',(#3870),#3874);
#3870 = LINE('',#3871,#3872);
#3871 = CARTESIAN_POINT('',(19.591870012235,-20.60051663608));
#3872 = VECTOR('',#3873,1.);
#3873 = DIRECTION('',(0.642787609687,0.766044443119));
#3874 = ( GEOMETRIC_REPRESENTATION_CONTEXT(2)
PARAMETRIC_REPRESENTATION_CONTEXT() REPRESENTATION_CONTEXT('2D SPACE',''
  ) );
#3875 = PCURVE('',#3848,#3876);
#3876 = DEFINITIONAL_REPRESENTATION('',(#3877),#3881);
#3877 = LINE('',#3878,#3879);
#3878 = CARTESIAN_POINT('',(19.591870012235,-20.60051663608));
#3879 = VECTOR('',#3880,1.);
#3880 = DIRECTION('',(0.642787609687,0.766044443119));
#3881 = ( GEOMETRIC_REPRESENTATION_CONTEXT(2)
PARAMETRIC_REPRESENTATION_CONTEXT() REPRESENTATION_CONTEXT('2D SPACE',''
  ) );
#3882 = ORIENTED_EDGE('',*,*,#3883,.T.);
#3883 = EDGE_CURVE('',#3861,#3884,#3886,.T.);
#3884 = VERTEX_POINT('',#3885);
#3885 = CARTESIAN_POINT('',(24.322243134863,-16.24779950912,0.));
#3886 = SURFACE_CURVE('',#3887,(#3891,#3898),.PCURVE_S1.);
#3887 = LINE('',#3888,#3889);
#3888 = CARTESIAN_POINT('',(23.689641023987,-15.7169833112,0.));
#3889 = VECTOR('',#3890,1.);
#3890 = DIRECTION('',(0.766044443119,-0.642787609687,0.));
#3891 = PCURVE('',#1194,#3892);
#3892 = DEFINITIONAL_REPRESENTATION('',(#3893),#3897);
#3893 = LINE('',#3894,#3895);
#3894 = CARTESIAN_POINT('',(23.689641023987,-15.7169833112));
#3895 = VECTOR('',#3896,1.);
#3896 = DIRECTION('',(0.766044443119,-0.642787609687));
#3897 = ( GEOMETRIC_REPRESENTATION_CONTEXT(2)
PARAMETRIC_REPRESENTATION_CONTEXT() REPRESENTATION_CONTEXT('2D SPACE',''
  ) );
#3898 = PCURVE('',#3848,#3899);
#3899 = DEFINITIONAL_REPRESENTATION('',(#3900),#3904);
#3900 = LINE('',#3901,#3902);
#3901 = CARTESIAN_POINT('',(23.689641023987,-15.7169833112));
#3902 = VECTOR('',#3903,1.);
#3903 = DIRECTION('',(0.766044443119,-0.642787609687));
#3904 = ( GEOMETRIC_REPRESENTATION_CONTEXT(2)
PARAMETRIC_REPRESENTATION_CONTEXT() REPRESENTATION_CONTEXT('2D SPACE',''
  ) );
#3905 = ORIENTED_EDGE('',*,*,#3906,.T.);
#3906 = EDGE_CURVE('',#3884,#3907,#3909,.T.);
#3907 = VERTEX_POINT('',#3908);
#3908 = CARTESIAN_POINT('',(26.232128697927,-12.93978067725,0.));
#3909 = SURFACE_CURVE('',#3910,(#3915,#3922),.PCURVE_S1.);
#3910 = CIRCLE('',#3911,29.25);
#3911 = AXIS2_PLACEMENT_3D('',#3912,#3913,#3914);
#3912 = CARTESIAN_POINT('',(0.,0.,0.));
#3913 = DIRECTION('',(0.,0.,1.));
#3914 = DIRECTION('',(1.,0.,-0.));
#3915 = PCURVE('',#1194,#3916);
#3916 = DEFINITIONAL_REPRESENTATION('',(#3917),#3921);
#3917 = CIRCLE('',#3918,29.25);
#3918 = AXIS2_PLACEMENT_2D('',#3919,#3920);
#3919 = CARTESIAN_POINT('',(0.,0.));
#3920 = DIRECTION('',(1.,0.));
#3921 = ( GEOMETRIC_REPRESENTATION_CONTEXT(2)
PARAMETRIC_REPRESENTATION_CONTEXT() REPRESENTATION_CONTEXT('2D SPACE',''
  ) );
#3922 = PCURVE('',#3923,#3928);
#3923 = CYLINDRICAL_SURFACE('',#3924,29.25);
#3924 = AXIS2_PLACEMENT_3D('',#3925,#3926,#3927);
#3925 = CARTESIAN_POINT('',(0.,0.,0.));
#3926 = DIRECTION('',(0.,0.,1.));
#3927 = DIRECTION('',(1.,0.,-0.));
#3928 = DEFINITIONAL_REPRESENTATION('',(#3929),#3933);
#3929 = LINE('',#3930,#3931);
#3930 = CARTESIAN_POINT('',(0.,0.));
#3931 = VECTOR('',#3932,1.);
#3932 = DIRECTION('',(1.,0.));
#3933 = ( GEOMETRIC_REPRESENTATION_CONTEXT(2)
PARAMETRIC_REPRESENTATION_CONTEXT() REPRESENTATION_CONTEXT('2D SPACE',''
  ) );
#3934 = ORIENTED_EDGE('',*,*,#3935,.F.);
#3935 = EDGE_CURVE('',#3936,#3907,#3938,.T.);
#3936 = VERTEX_POINT('',#3937);
#3937 = CARTESIAN_POINT('',(25.456127330351,-12.6573392777,0.));
#3938 = SURFACE_CURVE('',#3939,(#3943,#3950),.PCURVE_S1.);
#3939 = LINE('',#3940,#3941);
#3940 = CARTESIAN_POINT('',(25.456127330351,-12.6573392777,0.));
#3941 = VECTOR('',#3942,1.);
#3942 = DIRECTION('',(0.939692620786,-0.342020143326,0.));
#3943 = PCURVE('',#1194,#3944);
#3944 = DEFINITIONAL_REPRESENTATION('',(#3945),#3949);
#3945 = LINE('',#3946,#3947);
#3946 = CARTESIAN_POINT('',(25.456127330351,-12.6573392777));
#3947 = VECTOR('',#3948,1.);
#3948 = DIRECTION('',(0.939692620786,-0.342020143326));
#3949 = ( GEOMETRIC_REPRESENTATION_CONTEXT(2)
PARAMETRIC_REPRESENTATION_CONTEXT() REPRESENTATION_CONTEXT('2D SPACE',''
  ) );
#3950 = PCURVE('',#3951,#3956);
#3951 = PLANE('',#3952);
#3952 = AXIS2_PLACEMENT_3D('',#3953,#3954,#3955);
#3953 = CARTESIAN_POINT('',(0.,0.,0.));
#3954 = DIRECTION('',(0.,0.,1.));
#3955 = DIRECTION('',(1.,0.,-0.));
#3956 = DEFINITIONAL_REPRESENTATION('',(#3957),#3961);
#3957 = LINE('',#3958,#3959);
#3958 = CARTESIAN_POINT('',(25.456127330351,-12.6573392777));
#3959 = VECTOR('',#3960,1.);
#3960 = DIRECTION('',(0.939692620786,-0.342020143326));
#3961 = ( GEOMETRIC_REPRESENTATION_CONTEXT(2)
PARAMETRIC_REPRESENTATION_CONTEXT() REPRESENTATION_CONTEXT('2D SPACE',''
  ) );
#3962 = ORIENTED_EDGE('',*,*,#3963,.T.);
#3963 = EDGE_CURVE('',#3936,#3964,#3966,.T.);
#3964 = VERTEX_POINT('',#3965);
#3965 = CARTESIAN_POINT('',(27.636505744052,-6.666798820195,0.));
#3966 = SURFACE_CURVE('',#3967,(#3971,#3978),.PCURVE_S1.);
#3967 = LINE('',#3968,#3969);
#3968 = CARTESIAN_POINT('',(25.456127330351,-12.6573392777,0.));
#3969 = VECTOR('',#3970,1.);
#3970 = DIRECTION('',(0.342020143326,0.939692620786,0.));
#3971 = PCURVE('',#1194,#3972);
#3972 = DEFINITIONAL_REPRESENTATION('',(#3973),#3977);
#3973 = LINE('',#3974,#3975);
#3974 = CARTESIAN_POINT('',(25.456127330351,-12.6573392777));
#3975 = VECTOR('',#3976,1.);
#3976 = DIRECTION('',(0.342020143326,0.939692620786));
#3977 = ( GEOMETRIC_REPRESENTATION_CONTEXT(2)
PARAMETRIC_REPRESENTATION_CONTEXT() REPRESENTATION_CONTEXT('2D SPACE',''
  ) );
#3978 = PCURVE('',#3951,#3979);
#3979 = DEFINITIONAL_REPRESENTATION('',(#3980),#3984);
#3980 = LINE('',#3981,#3982);
#3981 = CARTESIAN_POINT('',(25.456127330351,-12.6573392777));
#3982 = VECTOR('',#3983,1.);
#3983 = DIRECTION('',(0.342020143326,0.939692620786));
#3984 = ( GEOMETRIC_REPRESENTATION_CONTEXT(2)
PARAMETRIC_REPRESENTATION_CONTEXT() REPRESENTATION_CONTEXT('2D SPACE',''
  ) );
#3985 = ORIENTED_EDGE('',*,*,#3986,.T.);
#3986 = EDGE_CURVE('',#3964,#3987,#3989,.T.);
#3987 = VERTEX_POINT('',#3988);
#3988 = CARTESIAN_POINT('',(28.412507111628,-6.949240219742,0.));
#3989 = SURFACE_CURVE('',#3990,(#3994,#4001),.PCURVE_S1.);
#3990 = LINE('',#3991,#3992);
#3991 = CARTESIAN_POINT('',(27.636505744052,-6.666798820195,0.));
#3992 = VECTOR('',#3993,1.);
#3993 = DIRECTION('',(0.939692620786,-0.342020143326,0.));
#3994 = PCURVE('',#1194,#3995);
#3995 = DEFINITIONAL_REPRESENTATION('',(#3996),#4000);
#3996 = LINE('',#3997,#3998);
#3997 = CARTESIAN_POINT('',(27.636505744052,-6.666798820195));
#3998 = VECTOR('',#3999,1.);
#3999 = DIRECTION('',(0.939692620786,-0.342020143326));
#4000 = ( GEOMETRIC_REPRESENTATION_CONTEXT(2)
PARAMETRIC_REPRESENTATION_CONTEXT() REPRESENTATION_CONTEXT('2D SPACE',''
  ) );
#4001 = PCURVE('',#3951,#4002);
#4002 = DEFINITIONAL_REPRESENTATION('',(#4003),#4007);
#4003 = LINE('',#4004,#4005);
#4004 = CARTESIAN_POINT('',(27.636505744052,-6.666798820195));
#4005 = VECTOR('',#4006,1.);
#4006 = DIRECTION('',(0.939692620786,-0.342020143326));
#4007 = ( GEOMETRIC_REPRESENTATION_CONTEXT(2)
PARAMETRIC_REPRESENTATION_CONTEXT() REPRESENTATION_CONTEXT('2D SPACE',''
  ) );
#4008 = ORIENTED_EDGE('',*,*,#4009,.T.);
#4009 = EDGE_CURVE('',#3987,#4010,#4012,.T.);
#4010 = VERTEX_POINT('',#4011);
#4011 = CARTESIAN_POINT('',(29.075803406785,-3.1875,0.));
#4012 = SURFACE_CURVE('',#4013,(#4018,#4025),.PCURVE_S1.);
#4013 = CIRCLE('',#4014,29.25);
#4014 = AXIS2_PLACEMENT_3D('',#4015,#4016,#4017);
#4015 = CARTESIAN_POINT('',(0.,0.,0.));
#4016 = DIRECTION('',(0.,0.,1.));
#4017 = DIRECTION('',(1.,0.,-0.));
#4018 = PCURVE('',#1194,#4019);
#4019 = DEFINITIONAL_REPRESENTATION('',(#4020),#4024);
#4020 = CIRCLE('',#4021,29.25);
#4021 = AXIS2_PLACEMENT_2D('',#4022,#4023);
#4022 = CARTESIAN_POINT('',(0.,0.));
#4023 = DIRECTION('',(1.,0.));
#4024 = ( GEOMETRIC_REPRESENTATION_CONTEXT(2)
PARAMETRIC_REPRESENTATION_CONTEXT() REPRESENTATION_CONTEXT('2D SPACE',''
  ) );
#4025 = PCURVE('',#4026,#4031);
#4026 = CYLINDRICAL_SURFACE('',#4027,29.25);
#4027 = AXIS2_PLACEMENT_3D('',#4028,#4029,#4030);
#4028 = CARTESIAN_POINT('',(0.,0.,0.));
#4029 = DIRECTION('',(0.,0.,1.));
#4030 = DIRECTION('',(1.,0.,-0.));
#4031 = DEFINITIONAL_REPRESENTATION('',(#4032),#4036);
#4032 = LINE('',#4033,#4034);
#4033 = CARTESIAN_POINT('',(0.,0.));
#4034 = VECTOR('',#4035,1.);
#4035 = DIRECTION('',(1.,0.));
#4036 = ( GEOMETRIC_REPRESENTATION_CONTEXT(2)
PARAMETRIC_REPRESENTATION_CONTEXT() REPRESENTATION_CONTEXT('2D SPACE',''
  ) );
#4037 = ORIENTED_EDGE('',*,*,#4038,.F.);
#4038 = EDGE_CURVE('',#2206,#4010,#4039,.T.);
#4039 = SURFACE_CURVE('',#4040,(#4044,#4051),.PCURVE_S1.);
#4040 = LINE('',#4041,#4042);
#4041 = CARTESIAN_POINT('',(28.25,-3.1875,0.));
#4042 = VECTOR('',#4043,1.);
#4043 = DIRECTION('',(1.,0.,0.));
#4044 = PCURVE('',#1194,#4045);
#4045 = DEFINITIONAL_REPRESENTATION('',(#4046),#4050);
#4046 = LINE('',#4047,#4048);
#4047 = CARTESIAN_POINT('',(28.25,-3.1875));
#4048 = VECTOR('',#4049,1.);
#4049 = DIRECTION('',(1.,0.));
#4050 = ( GEOMETRIC_REPRESENTATION_CONTEXT(2)
PARAMETRIC_REPRESENTATION_CONTEXT() REPRESENTATION_CONTEXT('2D SPACE',''
  ) );
#4051 = PCURVE('',#2223,#4052);
#4052 = DEFINITIONAL_REPRESENTATION('',(#4053),#4057);
#4053 = LINE('',#4054,#4055);
#4054 = CARTESIAN_POINT('',(28.25,-3.1875));
#4055 = VECTOR('',#4056,1.);
#4056 = DIRECTION('',(1.,0.));
#4057 = ( GEOMETRIC_REPRESENTATION_CONTEXT(2)
PARAMETRIC_REPRESENTATION_CONTEXT() REPRESENTATION_CONTEXT('2D SPACE',''
  ) );
#4058 = FACE_BOUND('',#4059,.F.);
#4059 = EDGE_LOOP('',(#4060));
#4060 = ORIENTED_EDGE('',*,*,#4061,.F.);
#4061 = EDGE_CURVE('',#4062,#4062,#4064,.T.);
#4062 = VERTEX_POINT('',#4063);
#4063 = CARTESIAN_POINT('',(-10.5306964108,-13.6506964108,0.));
#4064 = SURFACE_CURVE('',#4065,(#4070,#4077),.PCURVE_S1.);
#4065 = CIRCLE('',#4066,3.12);
#4066 = AXIS2_PLACEMENT_3D('',#4067,#4068,#4069);
#4067 = CARTESIAN_POINT('',(-13.6506964108,-13.6506964108,0.));
#4068 = DIRECTION('',(0.,0.,1.));
#4069 = DIRECTION('',(1.,0.,-0.));
#4070 = PCURVE('',#1194,#4071);
#4071 = DEFINITIONAL_REPRESENTATION('',(#4072),#4076);
#4072 = CIRCLE('',#4073,3.12);
#4073 = AXIS2_PLACEMENT_2D('',#4074,#4075);
#4074 = CARTESIAN_POINT('',(-13.6506964108,-13.6506964108));
#4075 = DIRECTION('',(1.,0.));
#4076 = ( GEOMETRIC_REPRESENTATION_CONTEXT(2)
PARAMETRIC_REPRESENTATION_CONTEXT() REPRESENTATION_CONTEXT('2D SPACE',''
  ) );
#4077 = PCURVE('',#4078,#4083);
#4078 = CYLINDRICAL_SURFACE('',#4079,3.12);
#4079 = AXIS2_PLACEMENT_3D('',#4080,#4081,#4082);
#4080 = CARTESIAN_POINT('',(-13.6506964108,-13.6506964108,-1.));
#4081 = DIRECTION('',(0.,0.,1.));
#4082 = DIRECTION('',(1.,0.,-0.));
#4083 = DEFINITIONAL_REPRESENTATION('',(#4084),#4088);
#4084 = LINE('',#4085,#4086);
#4085 = CARTESIAN_POINT('',(0.,1.));
#4086 = VECTOR('',#4087,1.);
#4087 = DIRECTION('',(1.,0.));
#4088 = ( GEOMETRIC_REPRESENTATION_CONTEXT(2)
PARAMETRIC_REPRESENTATION_CONTEXT() REPRESENTATION_CONTEXT('2D SPACE',''
  ) );
#4089 = FACE_BOUND('',#4090,.F.);
#4090 = EDGE_LOOP('',(#4091));
#4091 = ORIENTED_EDGE('',*,*,#4092,.F.);
#4092 = EDGE_CURVE('',#4093,#4093,#4095,.T.);
#4093 = VERTEX_POINT('',#4094);
#4094 = CARTESIAN_POINT('',(3.12,-19.305,0.));
#4095 = SURFACE_CURVE('',#4096,(#4101,#4108),.PCURVE_S1.);
#4096 = CIRCLE('',#4097,3.12);
#4097 = AXIS2_PLACEMENT_3D('',#4098,#4099,#4100);
#4098 = CARTESIAN_POINT('',(-3.546270968631E-15,-19.305,0.));
#4099 = DIRECTION('',(0.,0.,1.));
#4100 = DIRECTION('',(1.,0.,-0.));
#4101 = PCURVE('',#1194,#4102);
#4102 = DEFINITIONAL_REPRESENTATION('',(#4103),#4107);
#4103 = CIRCLE('',#4104,3.12);
#4104 = AXIS2_PLACEMENT_2D('',#4105,#4106);
#4105 = CARTESIAN_POINT('',(-3.546270968631E-15,-19.305));
#4106 = DIRECTION('',(1.,0.));
#4107 = ( GEOMETRIC_REPRESENTATION_CONTEXT(2)
PARAMETRIC_REPRESENTATION_CONTEXT() REPRESENTATION_CONTEXT('2D SPACE',''
  ) );
#4108 = PCURVE('',#4109,#4114);
#4109 = CYLINDRICAL_SURFACE('',#4110,3.12);
#4110 = AXIS2_PLACEMENT_3D('',#4111,#4112,#4113);
#4111 = CARTESIAN_POINT('',(-3.546270968631E-15,-19.305,-1.));
#4112 = DIRECTION('',(0.,0.,1.));
#4113 = DIRECTION('',(1.,0.,-0.));
#4114 = DEFINITIONAL_REPRESENTATION('',(#4115),#4119);
#4115 = LINE('',#4116,#4117);
#4116 = CARTESIAN_POINT('',(0.,1.));
#4117 = VECTOR('',#4118,1.);
#4118 = DIRECTION('',(1.,0.));
#4119 = ( GEOMETRIC_REPRESENTATION_CONTEXT(2)
PARAMETRIC_REPRESENTATION_CONTEXT() REPRESENTATION_CONTEXT('2D SPACE',''
  ) );
#4120 = FACE_BOUND('',#4121,.F.);
#4121 = EDGE_LOOP('',(#4122));
#4122 = ORIENTED_EDGE('',*,*,#1179,.F.);
#4123 = FACE_BOUND('',#4124,.F.);
#4124 = EDGE_LOOP('',(#4125));
#4125 = ORIENTED_EDGE('',*,*,#4126,.F.);
#4126 = EDGE_CURVE('',#4127,#4127,#4129,.T.);
#4127 = VERTEX_POINT('',#4128);
#4128 = CARTESIAN_POINT('',(16.770696410806,-13.6506964108,0.));
#4129 = SURFACE_CURVE('',#4130,(#4135,#4142),.PCURVE_S1.);
#4130 = CIRCLE('',#4131,3.12);
#4131 = AXIS2_PLACEMENT_3D('',#4132,#4133,#4134);
#4132 = CARTESIAN_POINT('',(13.650696410806,-13.6506964108,0.));
#4133 = DIRECTION('',(0.,0.,1.));
#4134 = DIRECTION('',(1.,0.,-0.));
#4135 = PCURVE('',#1194,#4136);
#4136 = DEFINITIONAL_REPRESENTATION('',(#4137),#4141);
#4137 = CIRCLE('',#4138,3.12);
#4138 = AXIS2_PLACEMENT_2D('',#4139,#4140);
#4139 = CARTESIAN_POINT('',(13.650696410806,-13.6506964108));
#4140 = DIRECTION('',(1.,0.));
#4141 = ( GEOMETRIC_REPRESENTATION_CONTEXT(2)
PARAMETRIC_REPRESENTATION_CONTEXT() REPRESENTATION_CONTEXT('2D SPACE',''
  ) );
#4142 = PCURVE('',#4143,#4148);
#4143 = CYLINDRICAL_SURFACE('',#4144,3.12);
#4144 = AXIS2_PLACEMENT_3D('',#4145,#4146,#4147);
#4145 = CARTESIAN_POINT('',(13.650696410806,-13.6506964108,-1.));
#4146 = DIRECTION('',(0.,0.,1.));
#4147 = DIRECTION('',(1.,0.,-0.));
#4148 = DEFINITIONAL_REPRESENTATION('',(#4149),#4153);
#4149 = LINE('',#4150,#4151);
#4150 = CARTESIAN_POINT('',(0.,1.));
#4151 = VECTOR('',#4152,1.);
#4152 = DIRECTION('',(1.,0.));
#4153 = ( GEOMETRIC_REPRESENTATION_CONTEXT(2)
PARAMETRIC_REPRESENTATION_CONTEXT() REPRESENTATION_CONTEXT('2D SPACE',''
  ) );
#4154 = FACE_BOUND('',#4155,.F.);
#4155 = EDGE_LOOP('',(#4156));
#4156 = ORIENTED_EDGE('',*,*,#4157,.F.);
#4157 = EDGE_CURVE('',#4158,#4158,#4160,.T.);
#4158 = VERTEX_POINT('',#4159);
#4159 = CARTESIAN_POINT('',(22.425,-7.641796026679E-16,0.));
#4160 = SURFACE_CURVE('',#4161,(#4166,#4173),.PCURVE_S1.);
#4161 = CIRCLE('',#4162,3.12);
#4162 = AXIS2_PLACEMENT_3D('',#4163,#4164,#4165);
#4163 = CARTESIAN_POINT('',(19.305,0.,0.));
#4164 = DIRECTION('',(0.,0.,1.));
#4165 = DIRECTION('',(1.,0.,-0.));
#4166 = PCURVE('',#1194,#4167);
#4167 = DEFINITIONAL_REPRESENTATION('',(#4168),#4172);
#4168 = CIRCLE('',#4169,3.12);
#4169 = AXIS2_PLACEMENT_2D('',#4170,#4171);
#4170 = CARTESIAN_POINT('',(19.305,0.));
#4171 = DIRECTION('',(1.,0.));
#4172 = ( GEOMETRIC_REPRESENTATION_CONTEXT(2)
PARAMETRIC_REPRESENTATION_CONTEXT() REPRESENTATION_CONTEXT('2D SPACE',''
  ) );
#4173 = PCURVE('',#4174,#4179);
#4174 = CYLINDRICAL_SURFACE('',#4175,3.12);
#4175 = AXIS2_PLACEMENT_3D('',#4176,#4177,#4178);
#4176 = CARTESIAN_POINT('',(19.305,0.,-1.));
#4177 = DIRECTION('',(0.,0.,1.));
#4178 = DIRECTION('',(1.,0.,-0.));
#4179 = DEFINITIONAL_REPRESENTATION('',(#4180),#4184);
#4180 = LINE('',#4181,#4182);
#4181 = CARTESIAN_POINT('',(0.,1.));
#4182 = VECTOR('',#4183,1.);
#4183 = DIRECTION('',(1.,0.));
#4184 = ( GEOMETRIC_REPRESENTATION_CONTEXT(2)
PARAMETRIC_REPRESENTATION_CONTEXT() REPRESENTATION_CONTEXT('2D SPACE',''
  ) );
#4185 = FACE_BOUND('',#4186,.F.);
#4186 = EDGE_LOOP('',(#4187));
#4187 = ORIENTED_EDGE('',*,*,#4188,.F.);
#4188 = EDGE_CURVE('',#4189,#4189,#4191,.T.);
#4189 = VERTEX_POINT('',#4190);
#4190 = CARTESIAN_POINT('',(-16.185,1.600001043086E-15,0.));
#4191 = SURFACE_CURVE('',#4192,(#4197,#4204),.PCURVE_S1.);
#4192 = CIRCLE('',#4193,3.12);
#4193 = AXIS2_PLACEMENT_3D('',#4194,#4195,#4196);
#4194 = CARTESIAN_POINT('',(-19.305,2.364180645754E-15,0.));
#4195 = DIRECTION('',(0.,0.,1.));
#4196 = DIRECTION('',(1.,0.,-0.));
#4197 = PCURVE('',#1194,#4198);
#4198 = DEFINITIONAL_REPRESENTATION('',(#4199),#4203);
#4199 = CIRCLE('',#4200,3.12);
#4200 = AXIS2_PLACEMENT_2D('',#4201,#4202);
#4201 = CARTESIAN_POINT('',(-19.305,2.364180645754E-15));
#4202 = DIRECTION('',(1.,0.));
#4203 = ( GEOMETRIC_REPRESENTATION_CONTEXT(2)
PARAMETRIC_REPRESENTATION_CONTEXT() REPRESENTATION_CONTEXT('2D SPACE',''
  ) );
#4204 = PCURVE('',#4205,#4210);
#4205 = CYLINDRICAL_SURFACE('',#4206,3.12);
#4206 = AXIS2_PLACEMENT_3D('',#4207,#4208,#4209);
#4207 = CARTESIAN_POINT('',(-19.305,2.364180645754E-15,-1.));
#4208 = DIRECTION('',(0.,0.,1.));
#4209 = DIRECTION('',(1.,0.,-0.));
#4210 = DEFINITIONAL_REPRESENTATION('',(#4211),#4215);
#4211 = LINE('',#4212,#4213);
#4212 = CARTESIAN_POINT('',(0.,1.));
#4213 = VECTOR('',#4214,1.);
#4214 = DIRECTION('',(1.,0.));
#4215 = ( GEOMETRIC_REPRESENTATION_CONTEXT(2)
PARAMETRIC_REPRESENTATION_CONTEXT() REPRESENTATION_CONTEXT('2D SPACE',''
  ) );
#4216 = FACE_BOUND('',#4217,.F.);
#4217 = EDGE_LOOP('',(#4218));
#4218 = ORIENTED_EDGE('',*,*,#4219,.F.);
#4219 = EDGE_CURVE('',#4220,#4220,#4222,.T.);
#4220 = VERTEX_POINT('',#4221);
#4221 = CARTESIAN_POINT('',(-10.5306964108,13.650696410806,0.));
#4222 = SURFACE_CURVE('',#4223,(#4228,#4235),.PCURVE_S1.);
#4223 = CIRCLE('',#4224,3.12);
#4224 = AXIS2_PLACEMENT_3D('',#4225,#4226,#4227);
#4225 = CARTESIAN_POINT('',(-13.6506964108,13.650696410806,0.));
#4226 = DIRECTION('',(0.,0.,1.));
#4227 = DIRECTION('',(1.,0.,-0.));
#4228 = PCURVE('',#1194,#4229);
#4229 = DEFINITIONAL_REPRESENTATION('',(#4230),#4234);
#4230 = CIRCLE('',#4231,3.12);
#4231 = AXIS2_PLACEMENT_2D('',#4232,#4233);
#4232 = CARTESIAN_POINT('',(-13.6506964108,13.650696410806));
#4233 = DIRECTION('',(1.,0.));
#4234 = ( GEOMETRIC_REPRESENTATION_CONTEXT(2)
PARAMETRIC_REPRESENTATION_CONTEXT() REPRESENTATION_CONTEXT('2D SPACE',''
  ) );
#4235 = PCURVE('',#4236,#4241);
#4236 = CYLINDRICAL_SURFACE('',#4237,3.12);
#4237 = AXIS2_PLACEMENT_3D('',#4238,#4239,#4240);
#4238 = CARTESIAN_POINT('',(-13.6506964108,13.650696410806,-1.));
#4239 = DIRECTION('',(0.,0.,1.));
#4240 = DIRECTION('',(1.,0.,-0.));
#4241 = DEFINITIONAL_REPRESENTATION('',(#4242),#4246);
#4242 = LINE('',#4243,#4244);
#4243 = CARTESIAN_POINT('',(0.,1.));
#4244 = VECTOR('',#4245,1.);
#4245 = DIRECTION('',(1.,0.));
#4246 = ( GEOMETRIC_REPRESENTATION_CONTEXT(2)
PARAMETRIC_REPRESENTATION_CONTEXT() REPRESENTATION_CONTEXT('2D SPACE',''
  ) );
#4247 = FACE_BOUND('',#4248,.F.);
#4248 = EDGE_LOOP('',(#4249));
#4249 = ORIENTED_EDGE('',*,*,#4250,.F.);
#4250 = EDGE_CURVE('',#4251,#4251,#4253,.T.);
#4251 = VERTEX_POINT('',#4252);
#4252 = CARTESIAN_POINT('',(3.12,19.305,0.));
#4253 = SURFACE_CURVE('',#4254,(#4259,#4266),.PCURVE_S1.);
#4254 = CIRCLE('',#4255,3.12);
#4255 = AXIS2_PLACEMENT_3D('',#4256,#4257,#4258);
#4256 = CARTESIAN_POINT('',(1.182090322877E-15,19.305,0.));
#4257 = DIRECTION('',(0.,0.,1.));
#4258 = DIRECTION('',(1.,0.,-0.));
#4259 = PCURVE('',#1194,#4260);
#4260 = DEFINITIONAL_REPRESENTATION('',(#4261),#4265);
#4261 = CIRCLE('',#4262,3.12);
#4262 = AXIS2_PLACEMENT_2D('',#4263,#4264);
#4263 = CARTESIAN_POINT('',(1.182090322877E-15,19.305));
#4264 = DIRECTION('',(1.,0.));
#4265 = ( GEOMETRIC_REPRESENTATION_CONTEXT(2)
PARAMETRIC_REPRESENTATION_CONTEXT() REPRESENTATION_CONTEXT('2D SPACE',''
  ) );
#4266 = PCURVE('',#4267,#4272);
#4267 = CYLINDRICAL_SURFACE('',#4268,3.12);
#4268 = AXIS2_PLACEMENT_3D('',#4269,#4270,#4271);
#4269 = CARTESIAN_POINT('',(1.182090322877E-15,19.305,-1.));
#4270 = DIRECTION('',(0.,0.,1.));
#4271 = DIRECTION('',(1.,0.,-0.));
#4272 = DEFINITIONAL_REPRESENTATION('',(#4273),#4277);
#4273 = LINE('',#4274,#4275);
#4274 = CARTESIAN_POINT('',(0.,1.));
#4275 = VECTOR('',#4276,1.);
#4276 = DIRECTION('',(1.,0.));
#4277 = ( GEOMETRIC_REPRESENTATION_CONTEXT(2)
PARAMETRIC_REPRESENTATION_CONTEXT() REPRESENTATION_CONTEXT('2D SPACE',''
  ) );
#4278 = FACE_BOUND('',#4279,.F.);
#4279 = EDGE_LOOP('',(#4280));
#4280 = ORIENTED_EDGE('',*,*,#4281,.F.);
#4281 = EDGE_CURVE('',#4282,#4282,#4284,.T.);
#4282 = VERTEX_POINT('',#4283);
#4283 = CARTESIAN_POINT('',(16.770696410806,13.650696410806,0.));
#4284 = SURFACE_CURVE('',#4285,(#4290,#4297),.PCURVE_S1.);
#4285 = CIRCLE('',#4286,3.12);
#4286 = AXIS2_PLACEMENT_3D('',#4287,#4288,#4289);
#4287 = CARTESIAN_POINT('',(13.650696410806,13.650696410806,0.));
#4288 = DIRECTION('',(0.,0.,1.));
#4289 = DIRECTION('',(1.,0.,-0.));
#4290 = PCURVE('',#1194,#4291);
#4291 = DEFINITIONAL_REPRESENTATION('',(#4292),#4296);
#4292 = CIRCLE('',#4293,3.12);
#4293 = AXIS2_PLACEMENT_2D('',#4294,#4295);
#4294 = CARTESIAN_POINT('',(13.650696410806,13.650696410806));
#4295 = DIRECTION('',(1.,0.));
#4296 = ( GEOMETRIC_REPRESENTATION_CONTEXT(2)
PARAMETRIC_REPRESENTATION_CONTEXT() REPRESENTATION_CONTEXT('2D SPACE',''
  ) );
#4297 = PCURVE('',#4298,#4303);
#4298 = CYLINDRICAL_SURFACE('',#4299,3.12);
#4299 = AXIS2_PLACEMENT_3D('',#4300,#4301,#4302);
#4300 = CARTESIAN_POINT('',(13.650696410806,13.650696410806,-1.));
#4301 = DIRECTION('',(0.,0.,1.));
#4302 = DIRECTION('',(1.,0.,-0.));
#4303 = DEFINITIONAL_REPRESENTATION('',(#4304),#4308);
#4304 = LINE('',#4305,#4306);
#4305 = CARTESIAN_POINT('',(0.,1.));
#4306 = VECTOR('',#4307,1.);
#4307 = DIRECTION('',(1.,0.));
#4308 = ( GEOMETRIC_REPRESENTATION_CONTEXT(2)
PARAMETRIC_REPRESENTATION_CONTEXT() REPRESENTATION_CONTEXT('2D SPACE',''
  ) );
#4309 = ADVANCED_FACE('',(#4310),#1739,.T.);
#4310 = FACE_BOUND('',#4311,.T.);
#4311 = EDGE_LOOP('',(#4312,#4313,#4314,#4315,#4316));
#4312 = ORIENTED_EDGE('',*,*,#2117,.F.);
#4313 = ORIENTED_EDGE('',*,*,#1723,.T.);
#4314 = ORIENTED_EDGE('',*,*,#1778,.T.);
#4315 = ORIENTED_EDGE('',*,*,#1824,.F.);
#4316 = ORIENTED_EDGE('',*,*,#1872,.F.);
#4317 = ADVANCED_FACE('',(#4318),#1954,.T.);
#4318 = FACE_BOUND('',#4319,.T.);
#4319 = EDGE_LOOP('',(#4320,#4321,#4322,#4323));
#4320 = ORIENTED_EDGE('',*,*,#2090,.F.);
#4321 = ORIENTED_EDGE('',*,*,#1937,.F.);
#4322 = ORIENTED_EDGE('',*,*,#1991,.T.);
#4323 = ORIENTED_EDGE('',*,*,#2040,.F.);
#4324 = ADVANCED_FACE('',(#4325),#2160,.T.);
#4325 = FACE_BOUND('',#4326,.T.);
#4326 = EDGE_LOOP('',(#4327,#4350,#4351,#4352));
#4327 = ORIENTED_EDGE('',*,*,#4328,.T.);
#4328 = EDGE_CURVE('',#4329,#2144,#4331,.T.);
#4329 = VERTEX_POINT('',#4330);
#4330 = CARTESIAN_POINT('',(16.5,-4.041334437186E-15,21.));
#4331 = SEAM_CURVE('',#4332,(#4336,#4343),.PCURVE_S1.);
#4332 = LINE('',#4333,#4334);
#4333 = CARTESIAN_POINT('',(16.5,-4.041334437186E-15,20.5));
#4334 = VECTOR('',#4335,1.);
#4335 = DIRECTION('',(0.,0.,1.));
#4336 = PCURVE('',#2160,#4337);
#4337 = DEFINITIONAL_REPRESENTATION('',(#4338),#4342);
#4338 = LINE('',#4339,#4340);
#4339 = CARTESIAN_POINT('',(6.28318530718,-0.));
#4340 = VECTOR('',#4341,1.);
#4341 = DIRECTION('',(0.,1.));
#4342 = ( GEOMETRIC_REPRESENTATION_CONTEXT(2)
PARAMETRIC_REPRESENTATION_CONTEXT() REPRESENTATION_CONTEXT('2D SPACE',''
  ) );
#4343 = PCURVE('',#2160,#4344);
#4344 = DEFINITIONAL_REPRESENTATION('',(#4345),#4349);
#4345 = LINE('',#4346,#4347);
#4346 = CARTESIAN_POINT('',(0.,-0.));
#4347 = VECTOR('',#4348,1.);
#4348 = DIRECTION('',(0.,1.));
#4349 = ( GEOMETRIC_REPRESENTATION_CONTEXT(2)
PARAMETRIC_REPRESENTATION_CONTEXT() REPRESENTATION_CONTEXT('2D SPACE',''
  ) );
#4350 = ORIENTED_EDGE('',*,*,#2143,.F.);
#4351 = ORIENTED_EDGE('',*,*,#4328,.F.);
#4352 = ORIENTED_EDGE('',*,*,#4353,.T.);
#4353 = EDGE_CURVE('',#4329,#4329,#4354,.T.);
#4354 = SURFACE_CURVE('',#4355,(#4360,#4367),.PCURVE_S1.);
#4355 = CIRCLE('',#4356,16.5);
#4356 = AXIS2_PLACEMENT_3D('',#4357,#4358,#4359);
#4357 = CARTESIAN_POINT('',(0.,0.,21.));
#4358 = DIRECTION('',(0.,0.,1.));
#4359 = DIRECTION('',(1.,0.,-0.));
#4360 = PCURVE('',#2160,#4361);
#4361 = DEFINITIONAL_REPRESENTATION('',(#4362),#4366);
#4362 = LINE('',#4363,#4364);
#4363 = CARTESIAN_POINT('',(0.,0.5));
#4364 = VECTOR('',#4365,1.);
#4365 = DIRECTION('',(1.,0.));
#4366 = ( GEOMETRIC_REPRESENTATION_CONTEXT(2)
PARAMETRIC_REPRESENTATION_CONTEXT() REPRESENTATION_CONTEXT('2D SPACE',''
  ) );
#4367 = PCURVE('',#4368,#4373);
#4368 = PLANE('',#4369);
#4369 = AXIS2_PLACEMENT_3D('',#4370,#4371,#4372);
#4370 = CARTESIAN_POINT('',(-4.557908221471E-16,2.278954110735E-16,21.)
  );
#4371 = DIRECTION('',(0.,0.,1.));
#4372 = DIRECTION('',(1.,0.,-0.));
#4373 = DEFINITIONAL_REPRESENTATION('',(#4374),#4378);
#4374 = CIRCLE('',#4375,16.5);
#4375 = AXIS2_PLACEMENT_2D('',#4376,#4377);
#4376 = CARTESIAN_POINT('',(4.557908221471E-16,-2.278954110735E-16));
#4377 = DIRECTION('',(1.,0.));
#4378 = ( GEOMETRIC_REPRESENTATION_CONTEXT(2)
PARAMETRIC_REPRESENTATION_CONTEXT() REPRESENTATION_CONTEXT('2D SPACE',''
  ) );
#4379 = ADVANCED_FACE('',(#4380),#2223,.F.);
#4380 = FACE_BOUND('',#4381,.F.);
#4381 = EDGE_LOOP('',(#4382,#4411,#4433,#4434,#4435));
#4382 = ORIENTED_EDGE('',*,*,#4383,.T.);
#4383 = EDGE_CURVE('',#4010,#4384,#4386,.T.);
#4384 = VERTEX_POINT('',#4385);
#4385 = CARTESIAN_POINT('',(29.25,-7.164183775012E-15,0.));
#4386 = SURFACE_CURVE('',#4387,(#4392,#4399),.PCURVE_S1.);
#4387 = CIRCLE('',#4388,29.25);
#4388 = AXIS2_PLACEMENT_3D('',#4389,#4390,#4391);
#4389 = CARTESIAN_POINT('',(0.,0.,0.));
#4390 = DIRECTION('',(0.,0.,1.));
#4391 = DIRECTION('',(1.,0.,-0.));
#4392 = PCURVE('',#2223,#4393);
#4393 = DEFINITIONAL_REPRESENTATION('',(#4394),#4398);
#4394 = CIRCLE('',#4395,29.25);
#4395 = AXIS2_PLACEMENT_2D('',#4396,#4397);
#4396 = CARTESIAN_POINT('',(0.,0.));
#4397 = DIRECTION('',(1.,0.));
#4398 = ( GEOMETRIC_REPRESENTATION_CONTEXT(2)
PARAMETRIC_REPRESENTATION_CONTEXT() REPRESENTATION_CONTEXT('2D SPACE',''
  ) );
#4399 = PCURVE('',#4400,#4405);
#4400 = PLANE('',#4401);
#4401 = AXIS2_PLACEMENT_3D('',#4402,#4403,#4404);
#4402 = CARTESIAN_POINT('',(28.25,-3.1875,0.));
#4403 = DIRECTION('',(0.,0.,1.));
#4404 = DIRECTION('',(1.,0.,0.));
#4405 = DEFINITIONAL_REPRESENTATION('',(#4406),#4410);
#4406 = CIRCLE('',#4407,29.25);
#4407 = AXIS2_PLACEMENT_2D('',#4408,#4409);
#4408 = CARTESIAN_POINT('',(-28.25,3.1875));
#4409 = DIRECTION('',(1.,0.));
#4410 = ( GEOMETRIC_REPRESENTATION_CONTEXT(2)
PARAMETRIC_REPRESENTATION_CONTEXT() REPRESENTATION_CONTEXT('2D SPACE',''
  ) );
#4411 = ORIENTED_EDGE('',*,*,#4412,.T.);
#4412 = EDGE_CURVE('',#4384,#2236,#4413,.T.);
#4413 = SURFACE_CURVE('',#4414,(#4419,#4426),.PCURVE_S1.);
#4414 = CIRCLE('',#4415,29.25);
#4415 = AXIS2_PLACEMENT_3D('',#4416,#4417,#4418);
#4416 = CARTESIAN_POINT('',(0.,0.,0.));
#4417 = DIRECTION('',(0.,0.,1.));
#4418 = DIRECTION('',(1.,0.,-0.));
#4419 = PCURVE('',#2223,#4420);
#4420 = DEFINITIONAL_REPRESENTATION('',(#4421),#4425);
#4421 = CIRCLE('',#4422,29.25);
#4422 = AXIS2_PLACEMENT_2D('',#4423,#4424);
#4423 = CARTESIAN_POINT('',(0.,0.));
#4424 = DIRECTION('',(1.,0.));
#4425 = ( GEOMETRIC_REPRESENTATION_CONTEXT(2)
PARAMETRIC_REPRESENTATION_CONTEXT() REPRESENTATION_CONTEXT('2D SPACE',''
  ) );
#4426 = PCURVE('',#4400,#4427);
#4427 = DEFINITIONAL_REPRESENTATION('',(#4428),#4432);
#4428 = CIRCLE('',#4429,29.25);
#4429 = AXIS2_PLACEMENT_2D('',#4430,#4431);
#4430 = CARTESIAN_POINT('',(-28.25,3.1875));
#4431 = DIRECTION('',(1.,0.));
#4432 = ( GEOMETRIC_REPRESENTATION_CONTEXT(2)
PARAMETRIC_REPRESENTATION_CONTEXT() REPRESENTATION_CONTEXT('2D SPACE',''
  ) );
#4433 = ORIENTED_EDGE('',*,*,#2235,.F.);
#4434 = ORIENTED_EDGE('',*,*,#2205,.F.);
#4435 = ORIENTED_EDGE('',*,*,#4038,.T.);
#4436 = ADVANCED_FACE('',(#4437),#2275,.T.);
#4437 = FACE_BOUND('',#4438,.T.);
#4438 = EDGE_LOOP('',(#4439,#4470,#4494,#4495));
#4439 = ORIENTED_EDGE('',*,*,#4440,.F.);
#4440 = EDGE_CURVE('',#4441,#4443,#4445,.T.);
#4441 = VERTEX_POINT('',#4442);
#4442 = CARTESIAN_POINT('',(29.075803406785,3.1875,8.));
#4443 = VERTEX_POINT('',#4444);
#4444 = CARTESIAN_POINT('',(28.412507111628,6.949240219742,8.));
#4445 = SURFACE_CURVE('',#4446,(#4451,#4458),.PCURVE_S1.);
#4446 = CIRCLE('',#4447,29.25);
#4447 = AXIS2_PLACEMENT_3D('',#4448,#4449,#4450);
#4448 = CARTESIAN_POINT('',(0.,0.,8.));
#4449 = DIRECTION('',(0.,0.,1.));
#4450 = DIRECTION('',(1.,0.,-0.));
#4451 = PCURVE('',#2275,#4452);
#4452 = DEFINITIONAL_REPRESENTATION('',(#4453),#4457);
#4453 = LINE('',#4454,#4455);
#4454 = CARTESIAN_POINT('',(0.,8.));
#4455 = VECTOR('',#4456,1.);
#4456 = DIRECTION('',(1.,0.));
#4457 = ( GEOMETRIC_REPRESENTATION_CONTEXT(2)
PARAMETRIC_REPRESENTATION_CONTEXT() REPRESENTATION_CONTEXT('2D SPACE',''
  ) );
#4458 = PCURVE('',#4459,#4464);
#4459 = PLANE('',#4460);
#4460 = AXIS2_PLACEMENT_3D('',#4461,#4462,#4463);
#4461 = CARTESIAN_POINT('',(0.,0.,8.));
#4462 = DIRECTION('',(0.,0.,1.));
#4463 = DIRECTION('',(1.,0.,-0.));
#4464 = DEFINITIONAL_REPRESENTATION('',(#4465),#4469);
#4465 = CIRCLE('',#4466,29.25);
#4466 = AXIS2_PLACEMENT_2D('',#4467,#4468);
#4467 = CARTESIAN_POINT('',(0.,0.));
#4468 = DIRECTION('',(1.,0.));
#4469 = ( GEOMETRIC_REPRESENTATION_CONTEXT(2)
PARAMETRIC_REPRESENTATION_CONTEXT() REPRESENTATION_CONTEXT('2D SPACE',''
  ) );
#4470 = ORIENTED_EDGE('',*,*,#4471,.F.);
#4471 = EDGE_CURVE('',#2236,#4441,#4472,.T.);
#4472 = SURFACE_CURVE('',#4473,(#4477,#4483),.PCURVE_S1.);
#4473 = LINE('',#4474,#4475);
#4474 = CARTESIAN_POINT('',(29.075803406785,3.1875,0.));
#4475 = VECTOR('',#4476,1.);
#4476 = DIRECTION('',(0.,0.,1.));
#4477 = PCURVE('',#2275,#4478);
#4478 = DEFINITIONAL_REPRESENTATION('',(#4479),#4482);
#4479 = B_SPLINE_CURVE_WITH_KNOTS('',1,(#4480,#4481),.UNSPECIFIED.,.F.,
  .F.,(2,2),(-6.E-07,8.0000006),.PIECEWISE_BEZIER_KNOTS.);
#4480 = CARTESIAN_POINT('',(0.109191205682,-6.E-07));
#4481 = CARTESIAN_POINT('',(0.109191205682,8.0000006));
#4482 = ( GEOMETRIC_REPRESENTATION_CONTEXT(2)
PARAMETRIC_REPRESENTATION_CONTEXT() REPRESENTATION_CONTEXT('2D SPACE',''
  ) );
#4483 = PCURVE('',#4484,#4489);
#4484 = PLANE('',#4485);
#4485 = AXIS2_PLACEMENT_3D('',#4486,#4487,#4488);
#4486 = CARTESIAN_POINT('',(28.25,3.1875,0.));
#4487 = DIRECTION('',(0.,1.,0.));
#4488 = DIRECTION('',(0.,0.,1.));
#4489 = DEFINITIONAL_REPRESENTATION('',(#4490),#4493);
#4490 = B_SPLINE_CURVE_WITH_KNOTS('',1,(#4491,#4492),.UNSPECIFIED.,.F.,
  .F.,(2,2),(-6.E-07,8.0000006),.PIECEWISE_BEZIER_KNOTS.);
#4491 = CARTESIAN_POINT('',(-6.E-07,0.825803406785));
#4492 = CARTESIAN_POINT('',(8.0000006,0.825803406785));
#4493 = ( GEOMETRIC_REPRESENTATION_CONTEXT(2)
PARAMETRIC_REPRESENTATION_CONTEXT() REPRESENTATION_CONTEXT('2D SPACE',''
  ) );
#4494 = ORIENTED_EDGE('',*,*,#2258,.T.);
#4495 = ORIENTED_EDGE('',*,*,#4496,.T.);
#4496 = EDGE_CURVE('',#2259,#4443,#4497,.T.);
#4497 = SURFACE_CURVE('',#4498,(#4502,#4508),.PCURVE_S1.);
#4498 = LINE('',#4499,#4500);
#4499 = CARTESIAN_POINT('',(28.412507111628,6.949240219742,0.));
#4500 = VECTOR('',#4501,1.);
#4501 = DIRECTION('',(0.,0.,1.));
#4502 = PCURVE('',#2275,#4503);
#4503 = DEFINITIONAL_REPRESENTATION('',(#4504),#4507);
#4504 = B_SPLINE_CURVE_WITH_KNOTS('',1,(#4505,#4506),.UNSPECIFIED.,.F.,
  .F.,(2,2),(-6.E-07,8.0000006),.PIECEWISE_BEZIER_KNOTS.);
#4505 = CARTESIAN_POINT('',(0.239874644717,-6.E-07));
#4506 = CARTESIAN_POINT('',(0.239874644717,8.0000006));
#4507 = ( GEOMETRIC_REPRESENTATION_CONTEXT(2)
PARAMETRIC_REPRESENTATION_CONTEXT() REPRESENTATION_CONTEXT('2D SPACE',''
  ) );
#4508 = PCURVE('',#4509,#4514);
#4509 = PLANE('',#4510);
#4510 = AXIS2_PLACEMENT_3D('',#4511,#4512,#4513);
#4511 = CARTESIAN_POINT('',(27.636505744052,6.666798820195,0.));
#4512 = DIRECTION('',(-0.342020143326,0.939692620786,0.));
#4513 = DIRECTION('',(0.,0.,1.));
#4514 = DEFINITIONAL_REPRESENTATION('',(#4515),#4518);
#4515 = B_SPLINE_CURVE_WITH_KNOTS('',1,(#4516,#4517),.UNSPECIFIED.,.F.,
  .F.,(2,2),(-6.E-07,8.0000006),.PIECEWISE_BEZIER_KNOTS.);
#4516 = CARTESIAN_POINT('',(-6.E-07,0.825803406785));
#4517 = CARTESIAN_POINT('',(8.0000006,0.825803406785));
#4518 = ( GEOMETRIC_REPRESENTATION_CONTEXT(2)
PARAMETRIC_REPRESENTATION_CONTEXT() REPRESENTATION_CONTEXT('2D SPACE',''
  ) );
#4519 = ADVANCED_FACE('',(#4520),#4026,.T.);
#4520 = FACE_BOUND('',#4521,.T.);
#4521 = EDGE_LOOP('',(#4522,#4548,#4572,#4573));
#4522 = ORIENTED_EDGE('',*,*,#4523,.F.);
#4523 = EDGE_CURVE('',#4524,#4526,#4528,.T.);
#4524 = VERTEX_POINT('',#4525);
#4525 = CARTESIAN_POINT('',(28.412507111628,-6.949240219742,8.));
#4526 = VERTEX_POINT('',#4527);
#4527 = CARTESIAN_POINT('',(29.075803406785,-3.1875,8.));
#4528 = SURFACE_CURVE('',#4529,(#4534,#4541),.PCURVE_S1.);
#4529 = CIRCLE('',#4530,29.25);
#4530 = AXIS2_PLACEMENT_3D('',#4531,#4532,#4533);
#4531 = CARTESIAN_POINT('',(0.,0.,8.));
#4532 = DIRECTION('',(0.,0.,1.));
#4533 = DIRECTION('',(1.,0.,-0.));
#4534 = PCURVE('',#4026,#4535);
#4535 = DEFINITIONAL_REPRESENTATION('',(#4536),#4540);
#4536 = LINE('',#4537,#4538);
#4537 = CARTESIAN_POINT('',(0.,8.));
#4538 = VECTOR('',#4539,1.);
#4539 = DIRECTION('',(1.,0.));
#4540 = ( GEOMETRIC_REPRESENTATION_CONTEXT(2)
PARAMETRIC_REPRESENTATION_CONTEXT() REPRESENTATION_CONTEXT('2D SPACE',''
  ) );
#4541 = PCURVE('',#4459,#4542);
#4542 = DEFINITIONAL_REPRESENTATION('',(#4543),#4547);
#4543 = CIRCLE('',#4544,29.25);
#4544 = AXIS2_PLACEMENT_2D('',#4545,#4546);
#4545 = CARTESIAN_POINT('',(0.,0.));
#4546 = DIRECTION('',(1.,0.));
#4547 = ( GEOMETRIC_REPRESENTATION_CONTEXT(2)
PARAMETRIC_REPRESENTATION_CONTEXT() REPRESENTATION_CONTEXT('2D SPACE',''
  ) );
#4548 = ORIENTED_EDGE('',*,*,#4549,.F.);
#4549 = EDGE_CURVE('',#3987,#4524,#4550,.T.);
#4550 = SURFACE_CURVE('',#4551,(#4555,#4561),.PCURVE_S1.);
#4551 = LINE('',#4552,#4553);
#4552 = CARTESIAN_POINT('',(28.412507111628,-6.949240219742,0.));
#4553 = VECTOR('',#4554,1.);
#4554 = DIRECTION('',(0.,0.,1.));
#4555 = PCURVE('',#4026,#4556);
#4556 = DEFINITIONAL_REPRESENTATION('',(#4557),#4560);
#4557 = B_SPLINE_CURVE_WITH_KNOTS('',1,(#4558,#4559),.UNSPECIFIED.,.F.,
  .F.,(2,2),(-6.E-07,8.0000006),.PIECEWISE_BEZIER_KNOTS.);
#4558 = CARTESIAN_POINT('',(6.043310662462,-6.E-07));
#4559 = CARTESIAN_POINT('',(6.043310662462,8.0000006));
#4560 = ( GEOMETRIC_REPRESENTATION_CONTEXT(2)
PARAMETRIC_REPRESENTATION_CONTEXT() REPRESENTATION_CONTEXT('2D SPACE',''
  ) );
#4561 = PCURVE('',#4562,#4567);
#4562 = PLANE('',#4563);
#4563 = AXIS2_PLACEMENT_3D('',#4564,#4565,#4566);
#4564 = CARTESIAN_POINT('',(27.636505744052,-6.666798820195,0.));
#4565 = DIRECTION('',(0.342020143326,0.939692620786,0.));
#4566 = DIRECTION('',(0.,0.,1.));
#4567 = DEFINITIONAL_REPRESENTATION('',(#4568),#4571);
#4568 = B_SPLINE_CURVE_WITH_KNOTS('',1,(#4569,#4570),.UNSPECIFIED.,.F.,
  .F.,(2,2),(-6.E-07,8.0000006),.PIECEWISE_BEZIER_KNOTS.);
#4569 = CARTESIAN_POINT('',(-6.E-07,0.825803406785));
#4570 = CARTESIAN_POINT('',(8.0000006,0.825803406785));
#4571 = ( GEOMETRIC_REPRESENTATION_CONTEXT(2)
PARAMETRIC_REPRESENTATION_CONTEXT() REPRESENTATION_CONTEXT('2D SPACE',''
  ) );
#4572 = ORIENTED_EDGE('',*,*,#4009,.T.);
#4573 = ORIENTED_EDGE('',*,*,#4574,.T.);
#4574 = EDGE_CURVE('',#4010,#4526,#4575,.T.);
#4575 = SURFACE_CURVE('',#4576,(#4580,#4586),.PCURVE_S1.);
#4576 = LINE('',#4577,#4578);
#4577 = CARTESIAN_POINT('',(29.075803406785,-3.1875,0.));
#4578 = VECTOR('',#4579,1.);
#4579 = DIRECTION('',(0.,0.,1.));
#4580 = PCURVE('',#4026,#4581);
#4581 = DEFINITIONAL_REPRESENTATION('',(#4582),#4585);
#4582 = B_SPLINE_CURVE_WITH_KNOTS('',1,(#4583,#4584),.UNSPECIFIED.,.F.,
  .F.,(2,2),(-6.E-07,8.0000006),.PIECEWISE_BEZIER_KNOTS.);
#4583 = CARTESIAN_POINT('',(6.173994101498,-6.E-07));
#4584 = CARTESIAN_POINT('',(6.173994101498,8.0000006));
#4585 = ( GEOMETRIC_REPRESENTATION_CONTEXT(2)
PARAMETRIC_REPRESENTATION_CONTEXT() REPRESENTATION_CONTEXT('2D SPACE',''
  ) );
#4586 = PCURVE('',#4587,#4592);
#4587 = PLANE('',#4588);
#4588 = AXIS2_PLACEMENT_3D('',#4589,#4590,#4591);
#4589 = CARTESIAN_POINT('',(28.25,-3.1875,0.));
#4590 = DIRECTION('',(0.,1.,0.));
#4591 = DIRECTION('',(0.,0.,1.));
#4592 = DEFINITIONAL_REPRESENTATION('',(#4593),#4596);
#4593 = B_SPLINE_CURVE_WITH_KNOTS('',1,(#4594,#4595),.UNSPECIFIED.,.F.,
  .F.,(2,2),(-6.E-07,8.0000006),.PIECEWISE_BEZIER_KNOTS.);
#4594 = CARTESIAN_POINT('',(-6.E-07,0.825803406785));
#4595 = CARTESIAN_POINT('',(8.0000006,0.825803406785));
#4596 = ( GEOMETRIC_REPRESENTATION_CONTEXT(2)
PARAMETRIC_REPRESENTATION_CONTEXT() REPRESENTATION_CONTEXT('2D SPACE',''
  ) );
#4597 = ADVANCED_FACE('',(#4598),#2303,.F.);
#4598 = FACE_BOUND('',#4599,.F.);
#4599 = EDGE_LOOP('',(#4600,#4601,#4628,#4629));
#4600 = ORIENTED_EDGE('',*,*,#2287,.T.);
#4601 = ORIENTED_EDGE('',*,*,#4602,.T.);
#4602 = EDGE_CURVE('',#2259,#2339,#4603,.T.);
#4603 = SURFACE_CURVE('',#4604,(#4609,#4616),.PCURVE_S1.);
#4604 = CIRCLE('',#4605,29.25);
#4605 = AXIS2_PLACEMENT_3D('',#4606,#4607,#4608);
#4606 = CARTESIAN_POINT('',(0.,0.,0.));
#4607 = DIRECTION('',(0.,0.,1.));
#4608 = DIRECTION('',(1.,0.,-0.));
#4609 = PCURVE('',#2303,#4610);
#4610 = DEFINITIONAL_REPRESENTATION('',(#4611),#4615);
#4611 = CIRCLE('',#4612,29.25);
#4612 = AXIS2_PLACEMENT_2D('',#4613,#4614);
#4613 = CARTESIAN_POINT('',(0.,0.));
#4614 = DIRECTION('',(1.,0.));
#4615 = ( GEOMETRIC_REPRESENTATION_CONTEXT(2)
PARAMETRIC_REPRESENTATION_CONTEXT() REPRESENTATION_CONTEXT('2D SPACE',''
  ) );
#4616 = PCURVE('',#4617,#4622);
#4617 = PLANE('',#4618);
#4618 = AXIS2_PLACEMENT_3D('',#4619,#4620,#4621);
#4619 = CARTESIAN_POINT('',(27.636505744052,6.666798820195,0.));
#4620 = DIRECTION('',(0.,0.,1.));
#4621 = DIRECTION('',(0.939692620786,0.342020143326,0.));
#4622 = DEFINITIONAL_REPRESENTATION('',(#4623),#4627);
#4623 = CIRCLE('',#4624,29.25);
#4624 = AXIS2_PLACEMENT_2D('',#4625,#4626);
#4625 = CARTESIAN_POINT('',(-28.25,3.1875));
#4626 = DIRECTION('',(0.939692620786,-0.342020143326));
#4627 = ( GEOMETRIC_REPRESENTATION_CONTEXT(2)
PARAMETRIC_REPRESENTATION_CONTEXT() REPRESENTATION_CONTEXT('2D SPACE',''
  ) );
#4628 = ORIENTED_EDGE('',*,*,#2338,.F.);
#4629 = ORIENTED_EDGE('',*,*,#2315,.F.);
#4630 = ADVANCED_FACE('',(#4631),#3951,.F.);
#4631 = FACE_BOUND('',#4632,.F.);
#4632 = EDGE_LOOP('',(#4633,#4660,#4661,#4662));
#4633 = ORIENTED_EDGE('',*,*,#4634,.T.);
#4634 = EDGE_CURVE('',#3907,#3987,#4635,.T.);
#4635 = SURFACE_CURVE('',#4636,(#4641,#4648),.PCURVE_S1.);
#4636 = CIRCLE('',#4637,29.25);
#4637 = AXIS2_PLACEMENT_3D('',#4638,#4639,#4640);
#4638 = CARTESIAN_POINT('',(0.,0.,0.));
#4639 = DIRECTION('',(0.,0.,1.));
#4640 = DIRECTION('',(1.,0.,-0.));
#4641 = PCURVE('',#3951,#4642);
#4642 = DEFINITIONAL_REPRESENTATION('',(#4643),#4647);
#4643 = CIRCLE('',#4644,29.25);
#4644 = AXIS2_PLACEMENT_2D('',#4645,#4646);
#4645 = CARTESIAN_POINT('',(0.,0.));
#4646 = DIRECTION('',(1.,0.));
#4647 = ( GEOMETRIC_REPRESENTATION_CONTEXT(2)
PARAMETRIC_REPRESENTATION_CONTEXT() REPRESENTATION_CONTEXT('2D SPACE',''
  ) );
#4648 = PCURVE('',#4649,#4654);
#4649 = PLANE('',#4650);
#4650 = AXIS2_PLACEMENT_3D('',#4651,#4652,#4653);
#4651 = CARTESIAN_POINT('',(25.456127330351,-12.6573392777,0.));
#4652 = DIRECTION('',(0.,0.,1.));
#4653 = DIRECTION('',(0.939692620786,-0.342020143326,0.));
#4654 = DEFINITIONAL_REPRESENTATION('',(#4655),#4659);
#4655 = CIRCLE('',#4656,29.25);
#4656 = AXIS2_PLACEMENT_2D('',#4657,#4658);
#4657 = CARTESIAN_POINT('',(-28.25,3.1875));
#4658 = DIRECTION('',(0.939692620786,0.342020143326));
#4659 = ( GEOMETRIC_REPRESENTATION_CONTEXT(2)
PARAMETRIC_REPRESENTATION_CONTEXT() REPRESENTATION_CONTEXT('2D SPACE',''
  ) );
#4660 = ORIENTED_EDGE('',*,*,#3986,.F.);
#4661 = ORIENTED_EDGE('',*,*,#3963,.F.);
#4662 = ORIENTED_EDGE('',*,*,#3935,.T.);
#4663 = ADVANCED_FACE('',(#4664),#2378,.T.);
#4664 = FACE_BOUND('',#4665,.T.);
#4665 = EDGE_LOOP('',(#4666,#4692,#4716,#4717));
#4666 = ORIENTED_EDGE('',*,*,#4667,.F.);
#4667 = EDGE_CURVE('',#4668,#4670,#4672,.T.);
#4668 = VERTEX_POINT('',#4669);
#4669 = CARTESIAN_POINT('',(26.232128697927,12.939780677252,8.));
#4670 = VERTEX_POINT('',#4671);
#4671 = CARTESIAN_POINT('',(24.322243134863,16.247799509121,8.));
#4672 = SURFACE_CURVE('',#4673,(#4678,#4685),.PCURVE_S1.);
#4673 = CIRCLE('',#4674,29.25);
#4674 = AXIS2_PLACEMENT_3D('',#4675,#4676,#4677);
#4675 = CARTESIAN_POINT('',(0.,0.,8.));
#4676 = DIRECTION('',(0.,0.,1.));
#4677 = DIRECTION('',(1.,0.,-0.));
#4678 = PCURVE('',#2378,#4679);
#4679 = DEFINITIONAL_REPRESENTATION('',(#4680),#4684);
#4680 = LINE('',#4681,#4682);
#4681 = CARTESIAN_POINT('',(0.,8.));
#4682 = VECTOR('',#4683,1.);
#4683 = DIRECTION('',(1.,0.));
#4684 = ( GEOMETRIC_REPRESENTATION_CONTEXT(2)
PARAMETRIC_REPRESENTATION_CONTEXT() REPRESENTATION_CONTEXT('2D SPACE',''
  ) );
#4685 = PCURVE('',#4459,#4686);
#4686 = DEFINITIONAL_REPRESENTATION('',(#4687),#4691);
#4687 = CIRCLE('',#4688,29.25);
#4688 = AXIS2_PLACEMENT_2D('',#4689,#4690);
#4689 = CARTESIAN_POINT('',(0.,0.));
#4690 = DIRECTION('',(1.,0.));
#4691 = ( GEOMETRIC_REPRESENTATION_CONTEXT(2)
PARAMETRIC_REPRESENTATION_CONTEXT() REPRESENTATION_CONTEXT('2D SPACE',''
  ) );
#4692 = ORIENTED_EDGE('',*,*,#4693,.F.);
#4693 = EDGE_CURVE('',#2339,#4668,#4694,.T.);
#4694 = SURFACE_CURVE('',#4695,(#4699,#4705),.PCURVE_S1.);
#4695 = LINE('',#4696,#4697);
#4696 = CARTESIAN_POINT('',(26.232128697927,12.939780677253,0.));
#4697 = VECTOR('',#4698,1.);
#4698 = DIRECTION('',(0.,0.,1.));
#4699 = PCURVE('',#2378,#4700);
#4700 = DEFINITIONAL_REPRESENTATION('',(#4701),#4704);
#4701 = B_SPLINE_CURVE_WITH_KNOTS('',1,(#4702,#4703),.UNSPECIFIED.,.F.,
  .F.,(2,2),(-6.E-07,8.0000006),.PIECEWISE_BEZIER_KNOTS.);
#4702 = CARTESIAN_POINT('',(0.45825705608,-6.E-07));
#4703 = CARTESIAN_POINT('',(0.45825705608,8.0000006));
#4704 = ( GEOMETRIC_REPRESENTATION_CONTEXT(2)
PARAMETRIC_REPRESENTATION_CONTEXT() REPRESENTATION_CONTEXT('2D SPACE',''
  ) );
#4705 = PCURVE('',#4706,#4711);
#4706 = PLANE('',#4707);
#4707 = AXIS2_PLACEMENT_3D('',#4708,#4709,#4710);
#4708 = CARTESIAN_POINT('',(25.456127330351,12.657339277705,0.));
#4709 = DIRECTION('',(-0.342020143326,0.939692620786,0.));
#4710 = DIRECTION('',(0.,0.,1.));
#4711 = DEFINITIONAL_REPRESENTATION('',(#4712),#4715);
#4712 = B_SPLINE_CURVE_WITH_KNOTS('',1,(#4713,#4714),.UNSPECIFIED.,.F.,
  .F.,(2,2),(-6.E-07,8.0000006),.PIECEWISE_BEZIER_KNOTS.);
#4713 = CARTESIAN_POINT('',(-6.E-07,0.825803406785));
#4714 = CARTESIAN_POINT('',(8.0000006,0.825803406785));
#4715 = ( GEOMETRIC_REPRESENTATION_CONTEXT(2)
PARAMETRIC_REPRESENTATION_CONTEXT() REPRESENTATION_CONTEXT('2D SPACE',''
  ) );
#4716 = ORIENTED_EDGE('',*,*,#2361,.T.);
#4717 = ORIENTED_EDGE('',*,*,#4718,.T.);
#4718 = EDGE_CURVE('',#2362,#4670,#4719,.T.);
#4719 = SURFACE_CURVE('',#4720,(#4724,#4730),.PCURVE_S1.);
#4720 = LINE('',#4721,#4722);
#4721 = CARTESIAN_POINT('',(24.322243134863,16.247799509121,0.));
#4722 = VECTOR('',#4723,1.);
#4723 = DIRECTION('',(0.,0.,1.));
#4724 = PCURVE('',#2378,#4725);
#4725 = DEFINITIONAL_REPRESENTATION('',(#4726),#4729);
#4726 = B_SPLINE_CURVE_WITH_KNOTS('',1,(#4727,#4728),.UNSPECIFIED.,.F.,
  .F.,(2,2),(-6.E-07,8.0000006),.PIECEWISE_BEZIER_KNOTS.);
#4727 = CARTESIAN_POINT('',(0.588940495116,-6.E-07));
#4728 = CARTESIAN_POINT('',(0.588940495116,8.0000006));
#4729 = ( GEOMETRIC_REPRESENTATION_CONTEXT(2)
PARAMETRIC_REPRESENTATION_CONTEXT() REPRESENTATION_CONTEXT('2D SPACE',''
  ) );
#4730 = PCURVE('',#4731,#4736);
#4731 = PLANE('',#4732);
#4732 = AXIS2_PLACEMENT_3D('',#4733,#4734,#4735);
#4733 = CARTESIAN_POINT('',(23.689641023987,15.716983311203,0.));
#4734 = DIRECTION('',(-0.642787609687,0.766044443119,0.));
#4735 = DIRECTION('',(0.,0.,1.));
#4736 = DEFINITIONAL_REPRESENTATION('',(#4737),#4740);
#4737 = B_SPLINE_CURVE_WITH_KNOTS('',1,(#4738,#4739),.UNSPECIFIED.,.F.,
  .F.,(2,2),(-6.E-07,8.0000006),.PIECEWISE_BEZIER_KNOTS.);
#4738 = CARTESIAN_POINT('',(-6.E-07,0.825803406785));
#4739 = CARTESIAN_POINT('',(8.0000006,0.825803406785));
#4740 = ( GEOMETRIC_REPRESENTATION_CONTEXT(2)
PARAMETRIC_REPRESENTATION_CONTEXT() REPRESENTATION_CONTEXT('2D SPACE',''
  ) );
#4741 = ADVANCED_FACE('',(#4742),#3923,.T.);
#4742 = FACE_BOUND('',#4743,.T.);
#4743 = EDGE_LOOP('',(#4744,#4770,#4794,#4795));
#4744 = ORIENTED_EDGE('',*,*,#4745,.F.);
#4745 = EDGE_CURVE('',#4746,#4748,#4750,.T.);
#4746 = VERTEX_POINT('',#4747);
#4747 = CARTESIAN_POINT('',(24.322243134863,-16.24779950912,8.));
#4748 = VERTEX_POINT('',#4749);
#4749 = CARTESIAN_POINT('',(26.232128697927,-12.93978067725,8.));
#4750 = SURFACE_CURVE('',#4751,(#4756,#4763),.PCURVE_S1.);
#4751 = CIRCLE('',#4752,29.25);
#4752 = AXIS2_PLACEMENT_3D('',#4753,#4754,#4755);
#4753 = CARTESIAN_POINT('',(0.,0.,8.));
#4754 = DIRECTION('',(0.,0.,1.));
#4755 = DIRECTION('',(1.,0.,-0.));
#4756 = PCURVE('',#3923,#4757);
#4757 = DEFINITIONAL_REPRESENTATION('',(#4758),#4762);
#4758 = LINE('',#4759,#4760);
#4759 = CARTESIAN_POINT('',(0.,8.));
#4760 = VECTOR('',#4761,1.);
#4761 = DIRECTION('',(1.,0.));
#4762 = ( GEOMETRIC_REPRESENTATION_CONTEXT(2)
PARAMETRIC_REPRESENTATION_CONTEXT() REPRESENTATION_CONTEXT('2D SPACE',''
  ) );
#4763 = PCURVE('',#4459,#4764);
#4764 = DEFINITIONAL_REPRESENTATION('',(#4765),#4769);
#4765 = CIRCLE('',#4766,29.25);
#4766 = AXIS2_PLACEMENT_2D('',#4767,#4768);
#4767 = CARTESIAN_POINT('',(0.,0.));
#4768 = DIRECTION('',(1.,0.));
#4769 = ( GEOMETRIC_REPRESENTATION_CONTEXT(2)
PARAMETRIC_REPRESENTATION_CONTEXT() REPRESENTATION_CONTEXT('2D SPACE',''
  ) );
#4770 = ORIENTED_EDGE('',*,*,#4771,.F.);
#4771 = EDGE_CURVE('',#3884,#4746,#4772,.T.);
#4772 = SURFACE_CURVE('',#4773,(#4777,#4783),.PCURVE_S1.);
#4773 = LINE('',#4774,#4775);
#4774 = CARTESIAN_POINT('',(24.322243134863,-16.24779950912,0.));
#4775 = VECTOR('',#4776,1.);
#4776 = DIRECTION('',(0.,0.,1.));
#4777 = PCURVE('',#3923,#4778);
#4778 = DEFINITIONAL_REPRESENTATION('',(#4779),#4782);
#4779 = B_SPLINE_CURVE_WITH_KNOTS('',1,(#4780,#4781),.UNSPECIFIED.,.F.,
  .F.,(2,2),(-6.E-07,8.0000006),.PIECEWISE_BEZIER_KNOTS.);
#4780 = CARTESIAN_POINT('',(5.694244812063,-6.E-07));
#4781 = CARTESIAN_POINT('',(5.694244812063,8.0000006));
#4782 = ( GEOMETRIC_REPRESENTATION_CONTEXT(2)
PARAMETRIC_REPRESENTATION_CONTEXT() REPRESENTATION_CONTEXT('2D SPACE',''
  ) );
#4783 = PCURVE('',#4784,#4789);
#4784 = PLANE('',#4785);
#4785 = AXIS2_PLACEMENT_3D('',#4786,#4787,#4788);
#4786 = CARTESIAN_POINT('',(23.689641023987,-15.7169833112,0.));
#4787 = DIRECTION('',(0.642787609687,0.766044443119,0.));
#4788 = DIRECTION('',(0.,0.,1.));
#4789 = DEFINITIONAL_REPRESENTATION('',(#4790),#4793);
#4790 = B_SPLINE_CURVE_WITH_KNOTS('',1,(#4791,#4792),.UNSPECIFIED.,.F.,
  .F.,(2,2),(-6.E-07,8.0000006),.PIECEWISE_BEZIER_KNOTS.);
#4791 = CARTESIAN_POINT('',(-6.E-07,0.825803406785));
#4792 = CARTESIAN_POINT('',(8.0000006,0.825803406785));
#4793 = ( GEOMETRIC_REPRESENTATION_CONTEXT(2)
PARAMETRIC_REPRESENTATION_CONTEXT() REPRESENTATION_CONTEXT('2D SPACE',''
  ) );
#4794 = ORIENTED_EDGE('',*,*,#3906,.T.);
#4795 = ORIENTED_EDGE('',*,*,#4796,.T.);
#4796 = EDGE_CURVE('',#3907,#4748,#4797,.T.);
#4797 = SURFACE_CURVE('',#4798,(#4802,#4808),.PCURVE_S1.);
#4798 = LINE('',#4799,#4800);
#4799 = CARTESIAN_POINT('',(26.232128697927,-12.93978067725,0.));
#4800 = VECTOR('',#4801,1.);
#4801 = DIRECTION('',(0.,0.,1.));
#4802 = PCURVE('',#3923,#4803);
#4803 = DEFINITIONAL_REPRESENTATION('',(#4804),#4807);
#4804 = B_SPLINE_CURVE_WITH_KNOTS('',1,(#4805,#4806),.UNSPECIFIED.,.F.,
  .F.,(2,2),(-6.E-07,8.0000006),.PIECEWISE_BEZIER_KNOTS.);
#4805 = CARTESIAN_POINT('',(5.824928251099,-6.E-07));
#4806 = CARTESIAN_POINT('',(5.824928251099,8.0000006));
#4807 = ( GEOMETRIC_REPRESENTATION_CONTEXT(2)
PARAMETRIC_REPRESENTATION_CONTEXT() REPRESENTATION_CONTEXT('2D SPACE',''
  ) );
#4808 = PCURVE('',#4809,#4814);
#4809 = PLANE('',#4810);
#4810 = AXIS2_PLACEMENT_3D('',#4811,#4812,#4813);
#4811 = CARTESIAN_POINT('',(25.456127330351,-12.6573392777,0.));
#4812 = DIRECTION('',(0.342020143326,0.939692620786,0.));
#4813 = DIRECTION('',(0.,0.,1.));
#4814 = DEFINITIONAL_REPRESENTATION('',(#4815),#4818);
#4815 = B_SPLINE_CURVE_WITH_KNOTS('',1,(#4816,#4817),.UNSPECIFIED.,.F.,
  .F.,(2,2),(-6.E-07,8.0000006),.PIECEWISE_BEZIER_KNOTS.);
#4816 = CARTESIAN_POINT('',(-6.E-07,0.825803406785));
#4817 = CARTESIAN_POINT('',(8.0000006,0.825803406785));
#4818 = ( GEOMETRIC_REPRESENTATION_CONTEXT(2)
PARAMETRIC_REPRESENTATION_CONTEXT() REPRESENTATION_CONTEXT('2D SPACE',''
  ) );
#4819 = ADVANCED_FACE('',(#4820),#2406,.F.);
#4820 = FACE_BOUND('',#4821,.F.);
#4821 = EDGE_LOOP('',(#4822,#4849,#4850,#4851));
#4822 = ORIENTED_EDGE('',*,*,#4823,.T.);
#4823 = EDGE_CURVE('',#2362,#2442,#4824,.T.);
#4824 = SURFACE_CURVE('',#4825,(#4830,#4837),.PCURVE_S1.);
#4825 = CIRCLE('',#4826,29.25);
#4826 = AXIS2_PLACEMENT_3D('',#4827,#4828,#4829);
#4827 = CARTESIAN_POINT('',(0.,0.,0.));
#4828 = DIRECTION('',(0.,0.,1.));
#4829 = DIRECTION('',(1.,0.,-0.));
#4830 = PCURVE('',#2406,#4831);
#4831 = DEFINITIONAL_REPRESENTATION('',(#4832),#4836);
#4832 = CIRCLE('',#4833,29.25);
#4833 = AXIS2_PLACEMENT_2D('',#4834,#4835);
#4834 = CARTESIAN_POINT('',(0.,0.));
#4835 = DIRECTION('',(1.,0.));
#4836 = ( GEOMETRIC_REPRESENTATION_CONTEXT(2)
PARAMETRIC_REPRESENTATION_CONTEXT() REPRESENTATION_CONTEXT('2D SPACE',''
  ) );
#4837 = PCURVE('',#4838,#4843);
#4838 = PLANE('',#4839);
#4839 = AXIS2_PLACEMENT_3D('',#4840,#4841,#4842);
#4840 = CARTESIAN_POINT('',(23.689641023987,15.716983311203,0.));
#4841 = DIRECTION('',(0.,0.,1.));
#4842 = DIRECTION('',(0.766044443119,0.642787609687,0.));
#4843 = DEFINITIONAL_REPRESENTATION('',(#4844),#4848);
#4844 = CIRCLE('',#4845,29.25);
#4845 = AXIS2_PLACEMENT_2D('',#4846,#4847);
#4846 = CARTESIAN_POINT('',(-28.25,3.1875));
#4847 = DIRECTION('',(0.766044443119,-0.642787609687));
#4848 = ( GEOMETRIC_REPRESENTATION_CONTEXT(2)
PARAMETRIC_REPRESENTATION_CONTEXT() REPRESENTATION_CONTEXT('2D SPACE',''
  ) );
#4849 = ORIENTED_EDGE('',*,*,#2441,.F.);
#4850 = ORIENTED_EDGE('',*,*,#2418,.F.);
#4851 = ORIENTED_EDGE('',*,*,#2390,.T.);
#4852 = ADVANCED_FACE('',(#4853),#3848,.F.);
#4853 = FACE_BOUND('',#4854,.F.);
#4854 = EDGE_LOOP('',(#4855,#4882,#4883,#4884));
#4855 = ORIENTED_EDGE('',*,*,#4856,.T.);
#4856 = EDGE_CURVE('',#3804,#3884,#4857,.T.);
#4857 = SURFACE_CURVE('',#4858,(#4863,#4870),.PCURVE_S1.);
#4858 = CIRCLE('',#4859,29.25);
#4859 = AXIS2_PLACEMENT_3D('',#4860,#4861,#4862);
#4860 = CARTESIAN_POINT('',(0.,0.,0.));
#4861 = DIRECTION('',(0.,0.,1.));
#4862 = DIRECTION('',(1.,0.,-0.));
#4863 = PCURVE('',#3848,#4864);
#4864 = DEFINITIONAL_REPRESENTATION('',(#4865),#4869);
#4865 = CIRCLE('',#4866,29.25);
#4866 = AXIS2_PLACEMENT_2D('',#4867,#4868);
#4867 = CARTESIAN_POINT('',(0.,0.));
#4868 = DIRECTION('',(1.,0.));
#4869 = ( GEOMETRIC_REPRESENTATION_CONTEXT(2)
PARAMETRIC_REPRESENTATION_CONTEXT() REPRESENTATION_CONTEXT('2D SPACE',''
  ) );
#4870 = PCURVE('',#4871,#4876);
#4871 = PLANE('',#4872);
#4872 = AXIS2_PLACEMENT_3D('',#4873,#4874,#4875);
#4873 = CARTESIAN_POINT('',(19.591870012235,-20.60051663608,0.));
#4874 = DIRECTION('',(0.,0.,1.));
#4875 = DIRECTION('',(0.766044443119,-0.642787609687,0.));
#4876 = DEFINITIONAL_REPRESENTATION('',(#4877),#4881);
#4877 = CIRCLE('',#4878,29.25);
#4878 = AXIS2_PLACEMENT_2D('',#4879,#4880);
#4879 = CARTESIAN_POINT('',(-28.25,3.1875));
#4880 = DIRECTION('',(0.766044443119,0.642787609687));
#4881 = ( GEOMETRIC_REPRESENTATION_CONTEXT(2)
PARAMETRIC_REPRESENTATION_CONTEXT() REPRESENTATION_CONTEXT('2D SPACE',''
  ) );
#4882 = ORIENTED_EDGE('',*,*,#3883,.F.);
#4883 = ORIENTED_EDGE('',*,*,#3860,.F.);
#4884 = ORIENTED_EDGE('',*,*,#3832,.T.);
#4885 = ADVANCED_FACE('',(#4886),#2481,.T.);
#4886 = FACE_BOUND('',#4887,.T.);
#4887 = EDGE_LOOP('',(#4888,#4914,#4938,#4939));
#4888 = ORIENTED_EDGE('',*,*,#4889,.F.);
#4889 = EDGE_CURVE('',#4890,#4892,#4894,.T.);
#4890 = VERTEX_POINT('',#4891);
#4891 = CARTESIAN_POINT('',(20.224472123112,21.131332834005,8.));
#4892 = VERTEX_POINT('',#4893);
#4893 = CARTESIAN_POINT('',(17.298357677955,23.586634385718,8.));
#4894 = SURFACE_CURVE('',#4895,(#4900,#4907),.PCURVE_S1.);
#4895 = CIRCLE('',#4896,29.25);
#4896 = AXIS2_PLACEMENT_3D('',#4897,#4898,#4899);
#4897 = CARTESIAN_POINT('',(0.,0.,8.));
#4898 = DIRECTION('',(0.,0.,1.));
#4899 = DIRECTION('',(1.,0.,-0.));
#4900 = PCURVE('',#2481,#4901);
#4901 = DEFINITIONAL_REPRESENTATION('',(#4902),#4906);
#4902 = LINE('',#4903,#4904);
#4903 = CARTESIAN_POINT('',(0.,8.));
#4904 = VECTOR('',#4905,1.);
#4905 = DIRECTION('',(1.,0.));
#4906 = ( GEOMETRIC_REPRESENTATION_CONTEXT(2)
PARAMETRIC_REPRESENTATION_CONTEXT() REPRESENTATION_CONTEXT('2D SPACE',''
  ) );
#4907 = PCURVE('',#4459,#4908);
#4908 = DEFINITIONAL_REPRESENTATION('',(#4909),#4913);
#4909 = CIRCLE('',#4910,29.25);
#4910 = AXIS2_PLACEMENT_2D('',#4911,#4912);
#4911 = CARTESIAN_POINT('',(0.,0.));
#4912 = DIRECTION('',(1.,0.));
#4913 = ( GEOMETRIC_REPRESENTATION_CONTEXT(2)
PARAMETRIC_REPRESENTATION_CONTEXT() REPRESENTATION_CONTEXT('2D SPACE',''
  ) );
#4914 = ORIENTED_EDGE('',*,*,#4915,.F.);
#4915 = EDGE_CURVE('',#2442,#4890,#4916,.T.);
#4916 = SURFACE_CURVE('',#4917,(#4921,#4927),.PCURVE_S1.);
#4917 = LINE('',#4918,#4919);
#4918 = CARTESIAN_POINT('',(20.224472123112,21.131332834005,0.));
#4919 = VECTOR('',#4920,1.);
#4920 = DIRECTION('',(0.,0.,1.));
#4921 = PCURVE('',#2481,#4922);
#4922 = DEFINITIONAL_REPRESENTATION('',(#4923),#4926);
#4923 = B_SPLINE_CURVE_WITH_KNOTS('',1,(#4924,#4925),.UNSPECIFIED.,.F.,
  .F.,(2,2),(-6.E-07,8.0000006),.PIECEWISE_BEZIER_KNOTS.);
#4924 = CARTESIAN_POINT('',(0.807322906479,-6.E-07));
#4925 = CARTESIAN_POINT('',(0.807322906479,8.0000006));
#4926 = ( GEOMETRIC_REPRESENTATION_CONTEXT(2)
PARAMETRIC_REPRESENTATION_CONTEXT() REPRESENTATION_CONTEXT('2D SPACE',''
  ) );
#4927 = PCURVE('',#4928,#4933);
#4928 = PLANE('',#4929);
#4929 = AXIS2_PLACEMENT_3D('',#4930,#4931,#4932);
#4930 = CARTESIAN_POINT('',(19.591870012235,20.600516636086,0.));
#4931 = DIRECTION('',(-0.642787609687,0.766044443119,0.));
#4932 = DIRECTION('',(0.,0.,1.));
#4933 = DEFINITIONAL_REPRESENTATION('',(#4934),#4937);
#4934 = B_SPLINE_CURVE_WITH_KNOTS('',1,(#4935,#4936),.UNSPECIFIED.,.F.,
  .F.,(2,2),(-6.E-07,8.0000006),.PIECEWISE_BEZIER_KNOTS.);
#4935 = CARTESIAN_POINT('',(-6.E-07,0.825803406785));
#4936 = CARTESIAN_POINT('',(8.0000006,0.825803406785));
#4937 = ( GEOMETRIC_REPRESENTATION_CONTEXT(2)
PARAMETRIC_REPRESENTATION_CONTEXT() REPRESENTATION_CONTEXT('2D SPACE',''
  ) );
#4938 = ORIENTED_EDGE('',*,*,#2464,.T.);
#4939 = ORIENTED_EDGE('',*,*,#4940,.T.);
#4940 = EDGE_CURVE('',#2465,#4892,#4941,.T.);
#4941 = SURFACE_CURVE('',#4942,(#4946,#4952),.PCURVE_S1.);
#4942 = LINE('',#4943,#4944);
#4943 = CARTESIAN_POINT('',(17.298357677955,23.586634385718,0.));
#4944 = VECTOR('',#4945,1.);
#4945 = DIRECTION('',(0.,0.,1.));
#4946 = PCURVE('',#2481,#4947);
#4947 = DEFINITIONAL_REPRESENTATION('',(#4948),#4951);
#4948 = B_SPLINE_CURVE_WITH_KNOTS('',1,(#4949,#4950),.UNSPECIFIED.,.F.,
  .F.,(2,2),(-6.E-07,8.0000006),.PIECEWISE_BEZIER_KNOTS.);
#4949 = CARTESIAN_POINT('',(0.938006345515,-6.E-07));
#4950 = CARTESIAN_POINT('',(0.938006345515,8.0000006));
#4951 = ( GEOMETRIC_REPRESENTATION_CONTEXT(2)
PARAMETRIC_REPRESENTATION_CONTEXT() REPRESENTATION_CONTEXT('2D SPACE',''
  ) );
#4952 = PCURVE('',#4953,#4958);
#4953 = PLANE('',#4954);
#4954 = AXIS2_PLACEMENT_3D('',#4955,#4956,#4957);
#4955 = CARTESIAN_POINT('',(16.885455974563,22.87146765691,0.));
#4956 = DIRECTION('',(-0.866025403784,0.5,0.));
#4957 = DIRECTION('',(0.,0.,1.));
#4958 = DEFINITIONAL_REPRESENTATION('',(#4959),#4962);
#4959 = B_SPLINE_CURVE_WITH_KNOTS('',1,(#4960,#4961),.UNSPECIFIED.,.F.,
  .F.,(2,2),(-6.E-07,8.0000006),.PIECEWISE_BEZIER_KNOTS.);
#4960 = CARTESIAN_POINT('',(-6.E-07,0.825803406785));
#4961 = CARTESIAN_POINT('',(8.0000006,0.825803406785));
#4962 = ( GEOMETRIC_REPRESENTATION_CONTEXT(2)
PARAMETRIC_REPRESENTATION_CONTEXT() REPRESENTATION_CONTEXT('2D SPACE',''
  ) );
#4963 = ADVANCED_FACE('',(#4964),#3820,.T.);
#4964 = FACE_BOUND('',#4965,.T.);
#4965 = EDGE_LOOP('',(#4966,#4992,#5016,#5017));
#4966 = ORIENTED_EDGE('',*,*,#4967,.F.);
#4967 = EDGE_CURVE('',#4968,#4970,#4972,.T.);
#4968 = VERTEX_POINT('',#4969);
#4969 = CARTESIAN_POINT('',(17.298357677955,-23.58663438571,8.));
#4970 = VERTEX_POINT('',#4971);
#4971 = CARTESIAN_POINT('',(20.224472123112,-21.131332834,8.));
#4972 = SURFACE_CURVE('',#4973,(#4978,#4985),.PCURVE_S1.);
#4973 = CIRCLE('',#4974,29.25);
#4974 = AXIS2_PLACEMENT_3D('',#4975,#4976,#4977);
#4975 = CARTESIAN_POINT('',(0.,0.,8.));
#4976 = DIRECTION('',(0.,0.,1.));
#4977 = DIRECTION('',(1.,0.,-0.));
#4978 = PCURVE('',#3820,#4979);
#4979 = DEFINITIONAL_REPRESENTATION('',(#4980),#4984);
#4980 = LINE('',#4981,#4982);
#4981 = CARTESIAN_POINT('',(0.,8.));
#4982 = VECTOR('',#4983,1.);
#4983 = DIRECTION('',(1.,0.));
#4984 = ( GEOMETRIC_REPRESENTATION_CONTEXT(2)
PARAMETRIC_REPRESENTATION_CONTEXT() REPRESENTATION_CONTEXT('2D SPACE',''
  ) );
#4985 = PCURVE('',#4459,#4986);
#4986 = DEFINITIONAL_REPRESENTATION('',(#4987),#4991);
#4987 = CIRCLE('',#4988,29.25);
#4988 = AXIS2_PLACEMENT_2D('',#4989,#4990);
#4989 = CARTESIAN_POINT('',(0.,0.));
#4990 = DIRECTION('',(1.,0.));
#4991 = ( GEOMETRIC_REPRESENTATION_CONTEXT(2)
PARAMETRIC_REPRESENTATION_CONTEXT() REPRESENTATION_CONTEXT('2D SPACE',''
  ) );
#4992 = ORIENTED_EDGE('',*,*,#4993,.F.);
#4993 = EDGE_CURVE('',#3781,#4968,#4994,.T.);
#4994 = SURFACE_CURVE('',#4995,(#4999,#5005),.PCURVE_S1.);
#4995 = LINE('',#4996,#4997);
#4996 = CARTESIAN_POINT('',(17.298357677955,-23.58663438571,0.));
#4997 = VECTOR('',#4998,1.);
#4998 = DIRECTION('',(0.,0.,1.));
#4999 = PCURVE('',#3820,#5000);
#5000 = DEFINITIONAL_REPRESENTATION('',(#5001),#5004);
#5001 = B_SPLINE_CURVE_WITH_KNOTS('',1,(#5002,#5003),.UNSPECIFIED.,.F.,
  .F.,(2,2),(-6.E-07,8.0000006),.PIECEWISE_BEZIER_KNOTS.);
#5002 = CARTESIAN_POINT('',(5.345178961665,-6.E-07));
#5003 = CARTESIAN_POINT('',(5.345178961665,8.0000006));
#5004 = ( GEOMETRIC_REPRESENTATION_CONTEXT(2)
PARAMETRIC_REPRESENTATION_CONTEXT() REPRESENTATION_CONTEXT('2D SPACE',''
  ) );
#5005 = PCURVE('',#5006,#5011);
#5006 = PLANE('',#5007);
#5007 = AXIS2_PLACEMENT_3D('',#5008,#5009,#5010);
#5008 = CARTESIAN_POINT('',(16.885455974563,-22.87146765691,0.));
#5009 = DIRECTION('',(0.866025403784,0.5,0.));
#5010 = DIRECTION('',(0.,0.,1.));
#5011 = DEFINITIONAL_REPRESENTATION('',(#5012),#5015);
#5012 = B_SPLINE_CURVE_WITH_KNOTS('',1,(#5013,#5014),.UNSPECIFIED.,.F.,
  .F.,(2,2),(-6.E-07,8.0000006),.PIECEWISE_BEZIER_KNOTS.);
#5013 = CARTESIAN_POINT('',(-6.E-07,0.825803406785));
#5014 = CARTESIAN_POINT('',(8.0000006,0.825803406785));
#5015 = ( GEOMETRIC_REPRESENTATION_CONTEXT(2)
PARAMETRIC_REPRESENTATION_CONTEXT() REPRESENTATION_CONTEXT('2D SPACE',''
  ) );
#5016 = ORIENTED_EDGE('',*,*,#3803,.T.);
#5017 = ORIENTED_EDGE('',*,*,#5018,.T.);
#5018 = EDGE_CURVE('',#3804,#4970,#5019,.T.);
#5019 = SURFACE_CURVE('',#5020,(#5024,#5030),.PCURVE_S1.);
#5020 = LINE('',#5021,#5022);
#5021 = CARTESIAN_POINT('',(20.224472123112,-21.131332834,0.));
#5022 = VECTOR('',#5023,1.);
#5023 = DIRECTION('',(0.,0.,1.));
#5024 = PCURVE('',#3820,#5025);
#5025 = DEFINITIONAL_REPRESENTATION('',(#5026),#5029);
#5026 = B_SPLINE_CURVE_WITH_KNOTS('',1,(#5027,#5028),.UNSPECIFIED.,.F.,
  .F.,(2,2),(-6.E-07,8.0000006),.PIECEWISE_BEZIER_KNOTS.);
#5027 = CARTESIAN_POINT('',(5.4758624007,-6.E-07));
#5028 = CARTESIAN_POINT('',(5.4758624007,8.0000006));
#5029 = ( GEOMETRIC_REPRESENTATION_CONTEXT(2)
PARAMETRIC_REPRESENTATION_CONTEXT() REPRESENTATION_CONTEXT('2D SPACE',''
  ) );
#5030 = PCURVE('',#5031,#5036);
#5031 = PLANE('',#5032);
#5032 = AXIS2_PLACEMENT_3D('',#5033,#5034,#5035);
#5033 = CARTESIAN_POINT('',(19.591870012235,-20.60051663608,0.));
#5034 = DIRECTION('',(0.642787609687,0.766044443119,0.));
#5035 = DIRECTION('',(0.,0.,1.));
#5036 = DEFINITIONAL_REPRESENTATION('',(#5037),#5040);
#5037 = B_SPLINE_CURVE_WITH_KNOTS('',1,(#5038,#5039),.UNSPECIFIED.,.F.,
  .F.,(2,2),(-6.E-07,8.0000006),.PIECEWISE_BEZIER_KNOTS.);
#5038 = CARTESIAN_POINT('',(-6.E-07,0.825803406785));
#5039 = CARTESIAN_POINT('',(8.0000006,0.825803406785));
#5040 = ( GEOMETRIC_REPRESENTATION_CONTEXT(2)
PARAMETRIC_REPRESENTATION_CONTEXT() REPRESENTATION_CONTEXT('2D SPACE',''
  ) );
#5041 = ADVANCED_FACE('',(#5042),#2509,.F.);
#5042 = FACE_BOUND('',#5043,.F.);
#5043 = EDGE_LOOP('',(#5044,#5071,#5072,#5073));
#5044 = ORIENTED_EDGE('',*,*,#5045,.T.);
#5045 = EDGE_CURVE('',#2465,#2545,#5046,.T.);
#5046 = SURFACE_CURVE('',#5047,(#5052,#5059),.PCURVE_S1.);
#5047 = CIRCLE('',#5048,29.25);
#5048 = AXIS2_PLACEMENT_3D('',#5049,#5050,#5051);
#5049 = CARTESIAN_POINT('',(0.,0.,0.));
#5050 = DIRECTION('',(0.,0.,1.));
#5051 = DIRECTION('',(1.,0.,-0.));
#5052 = PCURVE('',#2509,#5053);
#5053 = DEFINITIONAL_REPRESENTATION('',(#5054),#5058);
#5054 = CIRCLE('',#5055,29.25);
#5055 = AXIS2_PLACEMENT_2D('',#5056,#5057);
#5056 = CARTESIAN_POINT('',(0.,0.));
#5057 = DIRECTION('',(1.,0.));
#5058 = ( GEOMETRIC_REPRESENTATION_CONTEXT(2)
PARAMETRIC_REPRESENTATION_CONTEXT() REPRESENTATION_CONTEXT('2D SPACE',''
  ) );
#5059 = PCURVE('',#5060,#5065);
#5060 = PLANE('',#5061);
#5061 = AXIS2_PLACEMENT_3D('',#5062,#5063,#5064);
#5062 = CARTESIAN_POINT('',(16.885455974563,22.87146765691,0.));
#5063 = DIRECTION('',(0.,0.,1.));
#5064 = DIRECTION('',(0.5,0.866025403784,0.));
#5065 = DEFINITIONAL_REPRESENTATION('',(#5066),#5070);
#5066 = CIRCLE('',#5067,29.25);
#5067 = AXIS2_PLACEMENT_2D('',#5068,#5069);
#5068 = CARTESIAN_POINT('',(-28.25,3.1875));
#5069 = DIRECTION('',(0.5,-0.866025403784));
#5070 = ( GEOMETRIC_REPRESENTATION_CONTEXT(2)
PARAMETRIC_REPRESENTATION_CONTEXT() REPRESENTATION_CONTEXT('2D SPACE',''
  ) );
#5071 = ORIENTED_EDGE('',*,*,#2544,.F.);
#5072 = ORIENTED_EDGE('',*,*,#2521,.F.);
#5073 = ORIENTED_EDGE('',*,*,#2493,.T.);
#5074 = ADVANCED_FACE('',(#5075),#3745,.F.);
#5075 = FACE_BOUND('',#5076,.F.);
#5076 = EDGE_LOOP('',(#5077,#5104,#5105,#5106));
#5077 = ORIENTED_EDGE('',*,*,#5078,.T.);
#5078 = EDGE_CURVE('',#3701,#3781,#5079,.T.);
#5079 = SURFACE_CURVE('',#5080,(#5085,#5092),.PCURVE_S1.);
#5080 = CIRCLE('',#5081,29.25);
#5081 = AXIS2_PLACEMENT_3D('',#5082,#5083,#5084);
#5082 = CARTESIAN_POINT('',(0.,0.,0.));
#5083 = DIRECTION('',(0.,0.,1.));
#5084 = DIRECTION('',(1.,0.,-0.));
#5085 = PCURVE('',#3745,#5086);
#5086 = DEFINITIONAL_REPRESENTATION('',(#5087),#5091);
#5087 = CIRCLE('',#5088,29.25);
#5088 = AXIS2_PLACEMENT_2D('',#5089,#5090);
#5089 = CARTESIAN_POINT('',(0.,0.));
#5090 = DIRECTION('',(1.,0.));
#5091 = ( GEOMETRIC_REPRESENTATION_CONTEXT(2)
PARAMETRIC_REPRESENTATION_CONTEXT() REPRESENTATION_CONTEXT('2D SPACE',''
  ) );
#5092 = PCURVE('',#5093,#5098);
#5093 = PLANE('',#5094);
#5094 = AXIS2_PLACEMENT_3D('',#5095,#5096,#5097);
#5095 = CARTESIAN_POINT('',(11.364544025437,-26.05896765691,0.));
#5096 = DIRECTION('',(0.,0.,1.));
#5097 = DIRECTION('',(0.5,-0.866025403784,0.));
#5098 = DEFINITIONAL_REPRESENTATION('',(#5099),#5103);
#5099 = CIRCLE('',#5100,29.25);
#5100 = AXIS2_PLACEMENT_2D('',#5101,#5102);
#5101 = CARTESIAN_POINT('',(-28.25,3.1875));
#5102 = DIRECTION('',(0.5,0.866025403784));
#5103 = ( GEOMETRIC_REPRESENTATION_CONTEXT(2)
PARAMETRIC_REPRESENTATION_CONTEXT() REPRESENTATION_CONTEXT('2D SPACE',''
  ) );
#5104 = ORIENTED_EDGE('',*,*,#3780,.F.);
#5105 = ORIENTED_EDGE('',*,*,#3757,.F.);
#5106 = ORIENTED_EDGE('',*,*,#3729,.T.);
#5107 = ADVANCED_FACE('',(#5108),#2584,.T.);
#5108 = FACE_BOUND('',#5109,.T.);
#5109 = EDGE_LOOP('',(#5110,#5136,#5160,#5161));
#5110 = ORIENTED_EDGE('',*,*,#5111,.F.);
#5111 = EDGE_CURVE('',#5112,#5114,#5116,.T.);
#5112 = VERTEX_POINT('',#5113);
#5113 = CARTESIAN_POINT('',(11.777445728829,26.774134385718,8.));
#5114 = VERTEX_POINT('',#5115);
#5115 = CARTESIAN_POINT('',(8.188034988517,28.080573053747,8.));
#5116 = SURFACE_CURVE('',#5117,(#5122,#5129),.PCURVE_S1.);
#5117 = CIRCLE('',#5118,29.25);
#5118 = AXIS2_PLACEMENT_3D('',#5119,#5120,#5121);
#5119 = CARTESIAN_POINT('',(0.,0.,8.));
#5120 = DIRECTION('',(0.,0.,1.));
#5121 = DIRECTION('',(1.,0.,-0.));
#5122 = PCURVE('',#2584,#5123);
#5123 = DEFINITIONAL_REPRESENTATION('',(#5124),#5128);
#5124 = LINE('',#5125,#5126);
#5125 = CARTESIAN_POINT('',(0.,8.));
#5126 = VECTOR('',#5127,1.);
#5127 = DIRECTION('',(1.,0.));
#5128 = ( GEOMETRIC_REPRESENTATION_CONTEXT(2)
PARAMETRIC_REPRESENTATION_CONTEXT() REPRESENTATION_CONTEXT('2D SPACE',''
  ) );
#5129 = PCURVE('',#4459,#5130);
#5130 = DEFINITIONAL_REPRESENTATION('',(#5131),#5135);
#5131 = CIRCLE('',#5132,29.25);
#5132 = AXIS2_PLACEMENT_2D('',#5133,#5134);
#5133 = CARTESIAN_POINT('',(0.,0.));
#5134 = DIRECTION('',(1.,0.));
#5135 = ( GEOMETRIC_REPRESENTATION_CONTEXT(2)
PARAMETRIC_REPRESENTATION_CONTEXT() REPRESENTATION_CONTEXT('2D SPACE',''
  ) );
#5136 = ORIENTED_EDGE('',*,*,#5137,.F.);
#5137 = EDGE_CURVE('',#2545,#5112,#5138,.T.);
#5138 = SURFACE_CURVE('',#5139,(#5143,#5149),.PCURVE_S1.);
#5139 = LINE('',#5140,#5141);
#5140 = CARTESIAN_POINT('',(11.77744572883,26.774134385718,0.));
#5141 = VECTOR('',#5142,1.);
#5142 = DIRECTION('',(0.,0.,1.));
#5143 = PCURVE('',#2584,#5144);
#5144 = DEFINITIONAL_REPRESENTATION('',(#5145),#5148);
#5145 = B_SPLINE_CURVE_WITH_KNOTS('',1,(#5146,#5147),.UNSPECIFIED.,.F.,
  .F.,(2,2),(-6.E-07,8.0000006),.PIECEWISE_BEZIER_KNOTS.);
#5146 = CARTESIAN_POINT('',(1.156388756878,-6.E-07));
#5147 = CARTESIAN_POINT('',(1.156388756878,8.0000006));
#5148 = ( GEOMETRIC_REPRESENTATION_CONTEXT(2)
PARAMETRIC_REPRESENTATION_CONTEXT() REPRESENTATION_CONTEXT('2D SPACE',''
  ) );
#5149 = PCURVE('',#5150,#5155);
#5150 = PLANE('',#5151);
#5151 = AXIS2_PLACEMENT_3D('',#5152,#5153,#5154);
#5152 = CARTESIAN_POINT('',(11.364544025437,26.05896765691,0.));
#5153 = DIRECTION('',(-0.866025403784,0.5,0.));
#5154 = DIRECTION('',(0.,0.,1.));
#5155 = DEFINITIONAL_REPRESENTATION('',(#5156),#5159);
#5156 = B_SPLINE_CURVE_WITH_KNOTS('',1,(#5157,#5158),.UNSPECIFIED.,.F.,
  .F.,(2,2),(-6.E-07,8.0000006),.PIECEWISE_BEZIER_KNOTS.);
#5157 = CARTESIAN_POINT('',(-6.E-07,0.825803406785));
#5158 = CARTESIAN_POINT('',(8.0000006,0.825803406785));
#5159 = ( GEOMETRIC_REPRESENTATION_CONTEXT(2)
PARAMETRIC_REPRESENTATION_CONTEXT() REPRESENTATION_CONTEXT('2D SPACE',''
  ) );
#5160 = ORIENTED_EDGE('',*,*,#2567,.T.);
#5161 = ORIENTED_EDGE('',*,*,#5162,.T.);
#5162 = EDGE_CURVE('',#2568,#5114,#5163,.T.);
#5163 = SURFACE_CURVE('',#5164,(#5168,#5174),.PCURVE_S1.);
#5164 = LINE('',#5165,#5166);
#5165 = CARTESIAN_POINT('',(8.188034988517,28.080573053747,0.));
#5166 = VECTOR('',#5167,1.);
#5167 = DIRECTION('',(0.,0.,1.));
#5168 = PCURVE('',#2584,#5169);
#5169 = DEFINITIONAL_REPRESENTATION('',(#5170),#5173);
#5170 = B_SPLINE_CURVE_WITH_KNOTS('',1,(#5171,#5172),.UNSPECIFIED.,.F.,
  .F.,(2,2),(-6.E-07,8.0000006),.PIECEWISE_BEZIER_KNOTS.);
#5171 = CARTESIAN_POINT('',(1.287072195914,-6.E-07));
#5172 = CARTESIAN_POINT('',(1.287072195914,8.0000006));
#5173 = ( GEOMETRIC_REPRESENTATION_CONTEXT(2)
PARAMETRIC_REPRESENTATION_CONTEXT() REPRESENTATION_CONTEXT('2D SPACE',''
  ) );
#5174 = PCURVE('',#5175,#5180);
#5175 = PLANE('',#5176);
#5176 = AXIS2_PLACEMENT_3D('',#5177,#5178,#5179);
#5177 = CARTESIAN_POINT('',(8.044635731817,27.267315456282,0.));
#5178 = DIRECTION('',(-0.984807753012,0.173648177667,0.));
#5179 = DIRECTION('',(0.,0.,1.));
#5180 = DEFINITIONAL_REPRESENTATION('',(#5181),#5184);
#5181 = B_SPLINE_CURVE_WITH_KNOTS('',1,(#5182,#5183),.UNSPECIFIED.,.F.,
  .F.,(2,2),(-6.E-07,8.0000006),.PIECEWISE_BEZIER_KNOTS.);
#5182 = CARTESIAN_POINT('',(-6.E-07,0.825803406785));
#5183 = CARTESIAN_POINT('',(8.0000006,0.825803406785));
#5184 = ( GEOMETRIC_REPRESENTATION_CONTEXT(2)
PARAMETRIC_REPRESENTATION_CONTEXT() REPRESENTATION_CONTEXT('2D SPACE',''
  ) );
#5185 = ADVANCED_FACE('',(#5186),#3717,.T.);
#5186 = FACE_BOUND('',#5187,.T.);
#5187 = EDGE_LOOP('',(#5188,#5214,#5238,#5239));
#5188 = ORIENTED_EDGE('',*,*,#5189,.F.);
#5189 = EDGE_CURVE('',#5190,#5192,#5194,.T.);
#5190 = VERTEX_POINT('',#5191);
#5191 = CARTESIAN_POINT('',(8.188034988517,-28.08057305374,8.));
#5192 = VERTEX_POINT('',#5193);
#5193 = CARTESIAN_POINT('',(11.77744572883,-26.77413438571,8.));
#5194 = SURFACE_CURVE('',#5195,(#5200,#5207),.PCURVE_S1.);
#5195 = CIRCLE('',#5196,29.25);
#5196 = AXIS2_PLACEMENT_3D('',#5197,#5198,#5199);
#5197 = CARTESIAN_POINT('',(0.,0.,8.));
#5198 = DIRECTION('',(0.,0.,1.));
#5199 = DIRECTION('',(1.,0.,-0.));
#5200 = PCURVE('',#3717,#5201);
#5201 = DEFINITIONAL_REPRESENTATION('',(#5202),#5206);
#5202 = LINE('',#5203,#5204);
#5203 = CARTESIAN_POINT('',(0.,8.));
#5204 = VECTOR('',#5205,1.);
#5205 = DIRECTION('',(1.,0.));
#5206 = ( GEOMETRIC_REPRESENTATION_CONTEXT(2)
PARAMETRIC_REPRESENTATION_CONTEXT() REPRESENTATION_CONTEXT('2D SPACE',''
  ) );
#5207 = PCURVE('',#4459,#5208);
#5208 = DEFINITIONAL_REPRESENTATION('',(#5209),#5213);
#5209 = CIRCLE('',#5210,29.25);
#5210 = AXIS2_PLACEMENT_2D('',#5211,#5212);
#5211 = CARTESIAN_POINT('',(0.,0.));
#5212 = DIRECTION('',(1.,0.));
#5213 = ( GEOMETRIC_REPRESENTATION_CONTEXT(2)
PARAMETRIC_REPRESENTATION_CONTEXT() REPRESENTATION_CONTEXT('2D SPACE',''
  ) );
#5214 = ORIENTED_EDGE('',*,*,#5215,.F.);
#5215 = EDGE_CURVE('',#3678,#5190,#5216,.T.);
#5216 = SURFACE_CURVE('',#5217,(#5221,#5227),.PCURVE_S1.);
#5217 = LINE('',#5218,#5219);
#5218 = CARTESIAN_POINT('',(8.188034988517,-28.08057305374,0.));
#5219 = VECTOR('',#5220,1.);
#5220 = DIRECTION('',(0.,0.,1.));
#5221 = PCURVE('',#3717,#5222);
#5222 = DEFINITIONAL_REPRESENTATION('',(#5223),#5226);
#5223 = B_SPLINE_CURVE_WITH_KNOTS('',1,(#5224,#5225),.UNSPECIFIED.,.F.,
  .F.,(2,2),(-6.E-07,8.0000006),.PIECEWISE_BEZIER_KNOTS.);
#5224 = CARTESIAN_POINT('',(4.996113111266,-6.E-07));
#5225 = CARTESIAN_POINT('',(4.996113111266,8.0000006));
#5226 = ( GEOMETRIC_REPRESENTATION_CONTEXT(2)
PARAMETRIC_REPRESENTATION_CONTEXT() REPRESENTATION_CONTEXT('2D SPACE',''
  ) );
#5227 = PCURVE('',#5228,#5233);
#5228 = PLANE('',#5229);
#5229 = AXIS2_PLACEMENT_3D('',#5230,#5231,#5232);
#5230 = CARTESIAN_POINT('',(8.044635731817,-27.26731545628,0.));
#5231 = DIRECTION('',(0.984807753012,0.173648177667,0.));
#5232 = DIRECTION('',(0.,0.,1.));
#5233 = DEFINITIONAL_REPRESENTATION('',(#5234),#5237);
#5234 = B_SPLINE_CURVE_WITH_KNOTS('',1,(#5235,#5236),.UNSPECIFIED.,.F.,
  .F.,(2,2),(-6.E-07,8.0000006),.PIECEWISE_BEZIER_KNOTS.);
#5235 = CARTESIAN_POINT('',(-6.E-07,0.825803406785));
#5236 = CARTESIAN_POINT('',(8.0000006,0.825803406785));
#5237 = ( GEOMETRIC_REPRESENTATION_CONTEXT(2)
PARAMETRIC_REPRESENTATION_CONTEXT() REPRESENTATION_CONTEXT('2D SPACE',''
  ) );
#5238 = ORIENTED_EDGE('',*,*,#3700,.T.);
#5239 = ORIENTED_EDGE('',*,*,#5240,.T.);
#5240 = EDGE_CURVE('',#3701,#5192,#5241,.T.);
#5241 = SURFACE_CURVE('',#5242,(#5246,#5252),.PCURVE_S1.);
#5242 = LINE('',#5243,#5244);
#5243 = CARTESIAN_POINT('',(11.77744572883,-26.77413438571,0.));
#5244 = VECTOR('',#5245,1.);
#5245 = DIRECTION('',(0.,0.,1.));
#5246 = PCURVE('',#3717,#5247);
#5247 = DEFINITIONAL_REPRESENTATION('',(#5248),#5251);
#5248 = B_SPLINE_CURVE_WITH_KNOTS('',1,(#5249,#5250),.UNSPECIFIED.,.F.,
  .F.,(2,2),(-6.E-07,8.0000006),.PIECEWISE_BEZIER_KNOTS.);
#5249 = CARTESIAN_POINT('',(5.126796550301,-6.E-07));
#5250 = CARTESIAN_POINT('',(5.126796550301,8.0000006));
#5251 = ( GEOMETRIC_REPRESENTATION_CONTEXT(2)
PARAMETRIC_REPRESENTATION_CONTEXT() REPRESENTATION_CONTEXT('2D SPACE',''
  ) );
#5252 = PCURVE('',#5253,#5258);
#5253 = PLANE('',#5254);
#5254 = AXIS2_PLACEMENT_3D('',#5255,#5256,#5257);
#5255 = CARTESIAN_POINT('',(11.364544025437,-26.05896765691,0.));
#5256 = DIRECTION('',(0.866025403784,0.5,0.));
#5257 = DIRECTION('',(0.,0.,1.));
#5258 = DEFINITIONAL_REPRESENTATION('',(#5259),#5262);
#5259 = B_SPLINE_CURVE_WITH_KNOTS('',1,(#5260,#5261),.UNSPECIFIED.,.F.,
  .F.,(2,2),(-6.E-07,8.0000006),.PIECEWISE_BEZIER_KNOTS.);
#5260 = CARTESIAN_POINT('',(-6.E-07,0.825803406785));
#5261 = CARTESIAN_POINT('',(8.0000006,0.825803406785));
#5262 = ( GEOMETRIC_REPRESENTATION_CONTEXT(2)
PARAMETRIC_REPRESENTATION_CONTEXT() REPRESENTATION_CONTEXT('2D SPACE',''
  ) );
#5263 = ADVANCED_FACE('',(#5264),#2612,.F.);
#5264 = FACE_BOUND('',#5265,.F.);
#5265 = EDGE_LOOP('',(#5266,#5293,#5294,#5295));
#5266 = ORIENTED_EDGE('',*,*,#5267,.T.);
#5267 = EDGE_CURVE('',#2568,#2648,#5268,.T.);
#5268 = SURFACE_CURVE('',#5269,(#5274,#5281),.PCURVE_S1.);
#5269 = CIRCLE('',#5270,29.25);
#5270 = AXIS2_PLACEMENT_3D('',#5271,#5272,#5273);
#5271 = CARTESIAN_POINT('',(0.,0.,0.));
#5272 = DIRECTION('',(0.,0.,1.));
#5273 = DIRECTION('',(1.,0.,-0.));
#5274 = PCURVE('',#2612,#5275);
#5275 = DEFINITIONAL_REPRESENTATION('',(#5276),#5280);
#5276 = CIRCLE('',#5277,29.25);
#5277 = AXIS2_PLACEMENT_2D('',#5278,#5279);
#5278 = CARTESIAN_POINT('',(0.,0.));
#5279 = DIRECTION('',(1.,0.));
#5280 = ( GEOMETRIC_REPRESENTATION_CONTEXT(2)
PARAMETRIC_REPRESENTATION_CONTEXT() REPRESENTATION_CONTEXT('2D SPACE',''
  ) );
#5281 = PCURVE('',#5282,#5287);
#5282 = PLANE('',#5283);
#5283 = AXIS2_PLACEMENT_3D('',#5284,#5285,#5286);
#5284 = CARTESIAN_POINT('',(8.044635731817,27.267315456282,0.));
#5285 = DIRECTION('',(0.,0.,1.));
#5286 = DIRECTION('',(0.173648177667,0.984807753012,0.));
#5287 = DEFINITIONAL_REPRESENTATION('',(#5288),#5292);
#5288 = CIRCLE('',#5289,29.25);
#5289 = AXIS2_PLACEMENT_2D('',#5290,#5291);
#5290 = CARTESIAN_POINT('',(-28.25,3.1875));
#5291 = DIRECTION('',(0.173648177667,-0.984807753012));
#5292 = ( GEOMETRIC_REPRESENTATION_CONTEXT(2)
PARAMETRIC_REPRESENTATION_CONTEXT() REPRESENTATION_CONTEXT('2D SPACE',''
  ) );
#5293 = ORIENTED_EDGE('',*,*,#2647,.F.);
#5294 = ORIENTED_EDGE('',*,*,#2624,.F.);
#5295 = ORIENTED_EDGE('',*,*,#2596,.T.);
#5296 = ADVANCED_FACE('',(#5297),#3642,.F.);
#5297 = FACE_BOUND('',#5298,.F.);
#5298 = EDGE_LOOP('',(#5299,#5326,#5327,#5328));
#5299 = ORIENTED_EDGE('',*,*,#5300,.T.);
#5300 = EDGE_CURVE('',#3598,#3678,#5301,.T.);
#5301 = SURFACE_CURVE('',#5302,(#5307,#5314),.PCURVE_S1.);
#5302 = CIRCLE('',#5303,29.25);
#5303 = AXIS2_PLACEMENT_3D('',#5304,#5305,#5306);
#5304 = CARTESIAN_POINT('',(0.,0.,0.));
#5305 = DIRECTION('',(0.,0.,1.));
#5306 = DIRECTION('',(1.,0.,-0.));
#5307 = PCURVE('',#3642,#5308);
#5308 = DEFINITIONAL_REPRESENTATION('',(#5309),#5313);
#5309 = CIRCLE('',#5310,29.25);
#5310 = AXIS2_PLACEMENT_2D('',#5311,#5312);
#5311 = CARTESIAN_POINT('',(0.,0.));
#5312 = DIRECTION('',(1.,0.));
#5313 = ( GEOMETRIC_REPRESENTATION_CONTEXT(2)
PARAMETRIC_REPRESENTATION_CONTEXT() REPRESENTATION_CONTEXT('2D SPACE',''
  ) );
#5314 = PCURVE('',#5315,#5320);
#5315 = PLANE('',#5316);
#5316 = AXIS2_PLACEMENT_3D('',#5317,#5318,#5319);
#5317 = CARTESIAN_POINT('',(1.766486306364,-28.3743225889,0.));
#5318 = DIRECTION('',(0.,0.,1.));
#5319 = DIRECTION('',(0.173648177667,-0.984807753012,0.));
#5320 = DEFINITIONAL_REPRESENTATION('',(#5321),#5325);
#5321 = CIRCLE('',#5322,29.25);
#5322 = AXIS2_PLACEMENT_2D('',#5323,#5324);
#5323 = CARTESIAN_POINT('',(-28.25,3.1875));
#5324 = DIRECTION('',(0.173648177667,0.984807753012));
#5325 = ( GEOMETRIC_REPRESENTATION_CONTEXT(2)
PARAMETRIC_REPRESENTATION_CONTEXT() REPRESENTATION_CONTEXT('2D SPACE',''
  ) );
#5326 = ORIENTED_EDGE('',*,*,#3677,.F.);
#5327 = ORIENTED_EDGE('',*,*,#3654,.F.);
#5328 = ORIENTED_EDGE('',*,*,#3626,.T.);
#5329 = ADVANCED_FACE('',(#5330),#2687,.T.);
#5330 = FACE_BOUND('',#5331,.T.);
#5331 = EDGE_LOOP('',(#5332,#5358,#5382,#5383));
#5332 = ORIENTED_EDGE('',*,*,#5333,.F.);
#5333 = EDGE_CURVE('',#5334,#5336,#5338,.T.);
#5334 = VERTEX_POINT('',#5335);
#5335 = CARTESIAN_POINT('',(1.909885563064,29.187580186374,8.));
#5336 = VERTEX_POINT('',#5337);
#5337 = CARTESIAN_POINT('',(-1.909885563064,29.187580186374,8.));
#5338 = SURFACE_CURVE('',#5339,(#5344,#5351),.PCURVE_S1.);
#5339 = CIRCLE('',#5340,29.25);
#5340 = AXIS2_PLACEMENT_3D('',#5341,#5342,#5343);
#5341 = CARTESIAN_POINT('',(0.,0.,8.));
#5342 = DIRECTION('',(0.,0.,1.));
#5343 = DIRECTION('',(1.,0.,-0.));
#5344 = PCURVE('',#2687,#5345);
#5345 = DEFINITIONAL_REPRESENTATION('',(#5346),#5350);
#5346 = LINE('',#5347,#5348);
#5347 = CARTESIAN_POINT('',(0.,8.));
#5348 = VECTOR('',#5349,1.);
#5349 = DIRECTION('',(1.,0.));
#5350 = ( GEOMETRIC_REPRESENTATION_CONTEXT(2)
PARAMETRIC_REPRESENTATION_CONTEXT() REPRESENTATION_CONTEXT('2D SPACE',''
  ) );
#5351 = PCURVE('',#4459,#5352);
#5352 = DEFINITIONAL_REPRESENTATION('',(#5353),#5357);
#5353 = CIRCLE('',#5354,29.25);
#5354 = AXIS2_PLACEMENT_2D('',#5355,#5356);
#5355 = CARTESIAN_POINT('',(0.,0.));
#5356 = DIRECTION('',(1.,0.));
#5357 = ( GEOMETRIC_REPRESENTATION_CONTEXT(2)
PARAMETRIC_REPRESENTATION_CONTEXT() REPRESENTATION_CONTEXT('2D SPACE',''
  ) );
#5358 = ORIENTED_EDGE('',*,*,#5359,.F.);
#5359 = EDGE_CURVE('',#2648,#5334,#5360,.T.);
#5360 = SURFACE_CURVE('',#5361,(#5365,#5371),.PCURVE_S1.);
#5361 = LINE('',#5362,#5363);
#5362 = CARTESIAN_POINT('',(1.909885563064,29.187580186374,0.));
#5363 = VECTOR('',#5364,1.);
#5364 = DIRECTION('',(0.,0.,1.));
#5365 = PCURVE('',#2687,#5366);
#5366 = DEFINITIONAL_REPRESENTATION('',(#5367),#5370);
#5367 = B_SPLINE_CURVE_WITH_KNOTS('',1,(#5368,#5369),.UNSPECIFIED.,.F.,
  .F.,(2,2),(-6.E-07,8.0000006),.PIECEWISE_BEZIER_KNOTS.);
#5368 = CARTESIAN_POINT('',(1.505454607277,-6.E-07));
#5369 = CARTESIAN_POINT('',(1.505454607277,8.0000006));
#5370 = ( GEOMETRIC_REPRESENTATION_CONTEXT(2)
PARAMETRIC_REPRESENTATION_CONTEXT() REPRESENTATION_CONTEXT('2D SPACE',''
  ) );
#5371 = PCURVE('',#5372,#5377);
#5372 = PLANE('',#5373);
#5373 = AXIS2_PLACEMENT_3D('',#5374,#5375,#5376);
#5374 = CARTESIAN_POINT('',(1.766486306364,28.374322588908,0.));
#5375 = DIRECTION('',(-0.984807753012,0.173648177667,0.));
#5376 = DIRECTION('',(0.,0.,1.));
#5377 = DEFINITIONAL_REPRESENTATION('',(#5378),#5381);
#5378 = B_SPLINE_CURVE_WITH_KNOTS('',1,(#5379,#5380),.UNSPECIFIED.,.F.,
  .F.,(2,2),(-6.E-07,8.0000006),.PIECEWISE_BEZIER_KNOTS.);
#5379 = CARTESIAN_POINT('',(-6.E-07,0.825803406785));
#5380 = CARTESIAN_POINT('',(8.0000006,0.825803406785));
#5381 = ( GEOMETRIC_REPRESENTATION_CONTEXT(2)
PARAMETRIC_REPRESENTATION_CONTEXT() REPRESENTATION_CONTEXT('2D SPACE',''
  ) );
#5382 = ORIENTED_EDGE('',*,*,#2670,.T.);
#5383 = ORIENTED_EDGE('',*,*,#5384,.T.);
#5384 = EDGE_CURVE('',#2671,#5336,#5385,.T.);
#5385 = SURFACE_CURVE('',#5386,(#5390,#5396),.PCURVE_S1.);
#5386 = LINE('',#5387,#5388);
#5387 = CARTESIAN_POINT('',(-1.909885563064,29.187580186374,0.));
#5388 = VECTOR('',#5389,1.);
#5389 = DIRECTION('',(0.,0.,1.));
#5390 = PCURVE('',#2687,#5391);
#5391 = DEFINITIONAL_REPRESENTATION('',(#5392),#5395);
#5392 = B_SPLINE_CURVE_WITH_KNOTS('',1,(#5393,#5394),.UNSPECIFIED.,.F.,
  .F.,(2,2),(-6.E-07,8.0000006),.PIECEWISE_BEZIER_KNOTS.);
#5393 = CARTESIAN_POINT('',(1.636138046313,-6.E-07));
#5394 = CARTESIAN_POINT('',(1.636138046313,8.0000006));
#5395 = ( GEOMETRIC_REPRESENTATION_CONTEXT(2)
PARAMETRIC_REPRESENTATION_CONTEXT() REPRESENTATION_CONTEXT('2D SPACE',''
  ) );
#5396 = PCURVE('',#5397,#5402);
#5397 = PLANE('',#5398);
#5398 = AXIS2_PLACEMENT_3D('',#5399,#5400,#5401);
#5399 = CARTESIAN_POINT('',(-1.766486306364,28.374322588908,0.));
#5400 = DIRECTION('',(-0.984807753012,-0.173648177667,0.));
#5401 = DIRECTION('',(0.,0.,1.));
#5402 = DEFINITIONAL_REPRESENTATION('',(#5403),#5406);
#5403 = B_SPLINE_CURVE_WITH_KNOTS('',1,(#5404,#5405),.UNSPECIFIED.,.F.,
  .F.,(2,2),(-6.E-07,8.0000006),.PIECEWISE_BEZIER_KNOTS.);
#5404 = CARTESIAN_POINT('',(-6.E-07,0.825803406785));
#5405 = CARTESIAN_POINT('',(8.0000006,0.825803406785));
#5406 = ( GEOMETRIC_REPRESENTATION_CONTEXT(2)
PARAMETRIC_REPRESENTATION_CONTEXT() REPRESENTATION_CONTEXT('2D SPACE',''
  ) );
#5407 = ADVANCED_FACE('',(#5408),#3614,.T.);
#5408 = FACE_BOUND('',#5409,.T.);
#5409 = EDGE_LOOP('',(#5410,#5436,#5460,#5461));
#5410 = ORIENTED_EDGE('',*,*,#5411,.F.);
#5411 = EDGE_CURVE('',#5412,#5414,#5416,.T.);
#5412 = VERTEX_POINT('',#5413);
#5413 = CARTESIAN_POINT('',(-1.909885563064,-29.18758018637,8.));
#5414 = VERTEX_POINT('',#5415);
#5415 = CARTESIAN_POINT('',(1.909885563064,-29.18758018637,8.));
#5416 = SURFACE_CURVE('',#5417,(#5422,#5429),.PCURVE_S1.);
#5417 = CIRCLE('',#5418,29.25);
#5418 = AXIS2_PLACEMENT_3D('',#5419,#5420,#5421);
#5419 = CARTESIAN_POINT('',(0.,0.,8.));
#5420 = DIRECTION('',(0.,0.,1.));
#5421 = DIRECTION('',(1.,0.,-0.));
#5422 = PCURVE('',#3614,#5423);
#5423 = DEFINITIONAL_REPRESENTATION('',(#5424),#5428);
#5424 = LINE('',#5425,#5426);
#5425 = CARTESIAN_POINT('',(0.,8.));
#5426 = VECTOR('',#5427,1.);
#5427 = DIRECTION('',(1.,0.));
#5428 = ( GEOMETRIC_REPRESENTATION_CONTEXT(2)
PARAMETRIC_REPRESENTATION_CONTEXT() REPRESENTATION_CONTEXT('2D SPACE',''
  ) );
#5429 = PCURVE('',#4459,#5430);
#5430 = DEFINITIONAL_REPRESENTATION('',(#5431),#5435);
#5431 = CIRCLE('',#5432,29.25);
#5432 = AXIS2_PLACEMENT_2D('',#5433,#5434);
#5433 = CARTESIAN_POINT('',(0.,0.));
#5434 = DIRECTION('',(1.,0.));
#5435 = ( GEOMETRIC_REPRESENTATION_CONTEXT(2)
PARAMETRIC_REPRESENTATION_CONTEXT() REPRESENTATION_CONTEXT('2D SPACE',''
  ) );
#5436 = ORIENTED_EDGE('',*,*,#5437,.F.);
#5437 = EDGE_CURVE('',#3575,#5412,#5438,.T.);
#5438 = SURFACE_CURVE('',#5439,(#5443,#5449),.PCURVE_S1.);
#5439 = LINE('',#5440,#5441);
#5440 = CARTESIAN_POINT('',(-1.909885563064,-29.18758018637,0.));
#5441 = VECTOR('',#5442,1.);
#5442 = DIRECTION('',(0.,0.,1.));
#5443 = PCURVE('',#3614,#5444);
#5444 = DEFINITIONAL_REPRESENTATION('',(#5445),#5448);
#5445 = B_SPLINE_CURVE_WITH_KNOTS('',1,(#5446,#5447),.UNSPECIFIED.,.F.,
  .F.,(2,2),(-6.E-07,8.0000006),.PIECEWISE_BEZIER_KNOTS.);
#5446 = CARTESIAN_POINT('',(4.647047260867,-6.E-07));
#5447 = CARTESIAN_POINT('',(4.647047260867,8.0000006));
#5448 = ( GEOMETRIC_REPRESENTATION_CONTEXT(2)
PARAMETRIC_REPRESENTATION_CONTEXT() REPRESENTATION_CONTEXT('2D SPACE',''
  ) );
#5449 = PCURVE('',#5450,#5455);
#5450 = PLANE('',#5451);
#5451 = AXIS2_PLACEMENT_3D('',#5452,#5453,#5454);
#5452 = CARTESIAN_POINT('',(-1.766486306364,-28.3743225889,0.));
#5453 = DIRECTION('',(0.984807753012,-0.173648177667,0.));
#5454 = DIRECTION('',(0.,0.,1.));
#5455 = DEFINITIONAL_REPRESENTATION('',(#5456),#5459);
#5456 = B_SPLINE_CURVE_WITH_KNOTS('',1,(#5457,#5458),.UNSPECIFIED.,.F.,
  .F.,(2,2),(-6.E-07,8.0000006),.PIECEWISE_BEZIER_KNOTS.);
#5457 = CARTESIAN_POINT('',(-6.E-07,0.825803406785));
#5458 = CARTESIAN_POINT('',(8.0000006,0.825803406785));
#5459 = ( GEOMETRIC_REPRESENTATION_CONTEXT(2)
PARAMETRIC_REPRESENTATION_CONTEXT() REPRESENTATION_CONTEXT('2D SPACE',''
  ) );
#5460 = ORIENTED_EDGE('',*,*,#3597,.T.);
#5461 = ORIENTED_EDGE('',*,*,#5462,.T.);
#5462 = EDGE_CURVE('',#3598,#5414,#5463,.T.);
#5463 = SURFACE_CURVE('',#5464,(#5468,#5474),.PCURVE_S1.);
#5464 = LINE('',#5465,#5466);
#5465 = CARTESIAN_POINT('',(1.909885563064,-29.18758018637,0.));
#5466 = VECTOR('',#5467,1.);
#5467 = DIRECTION('',(0.,0.,1.));
#5468 = PCURVE('',#3614,#5469);
#5469 = DEFINITIONAL_REPRESENTATION('',(#5470),#5473);
#5470 = B_SPLINE_CURVE_WITH_KNOTS('',1,(#5471,#5472),.UNSPECIFIED.,.F.,
  .F.,(2,2),(-6.E-07,8.0000006),.PIECEWISE_BEZIER_KNOTS.);
#5471 = CARTESIAN_POINT('',(4.777730699903,-6.E-07));
#5472 = CARTESIAN_POINT('',(4.777730699903,8.0000006));
#5473 = ( GEOMETRIC_REPRESENTATION_CONTEXT(2)
PARAMETRIC_REPRESENTATION_CONTEXT() REPRESENTATION_CONTEXT('2D SPACE',''
  ) );
#5474 = PCURVE('',#5475,#5480);
#5475 = PLANE('',#5476);
#5476 = AXIS2_PLACEMENT_3D('',#5477,#5478,#5479);
#5477 = CARTESIAN_POINT('',(1.766486306364,-28.3743225889,0.));
#5478 = DIRECTION('',(0.984807753012,0.173648177667,0.));
#5479 = DIRECTION('',(0.,0.,1.));
#5480 = DEFINITIONAL_REPRESENTATION('',(#5481),#5484);
#5481 = B_SPLINE_CURVE_WITH_KNOTS('',1,(#5482,#5483),.UNSPECIFIED.,.F.,
  .F.,(2,2),(-6.E-07,8.0000006),.PIECEWISE_BEZIER_KNOTS.);
#5482 = CARTESIAN_POINT('',(-6.E-07,0.825803406785));
#5483 = CARTESIAN_POINT('',(8.0000006,0.825803406785));
#5484 = ( GEOMETRIC_REPRESENTATION_CONTEXT(2)
PARAMETRIC_REPRESENTATION_CONTEXT() REPRESENTATION_CONTEXT('2D SPACE',''
  ) );
#5485 = ADVANCED_FACE('',(#5486),#2715,.F.);
#5486 = FACE_BOUND('',#5487,.F.);
#5487 = EDGE_LOOP('',(#5488,#5515,#5516,#5517));
#5488 = ORIENTED_EDGE('',*,*,#5489,.T.);
#5489 = EDGE_CURVE('',#2671,#2751,#5490,.T.);
#5490 = SURFACE_CURVE('',#5491,(#5496,#5503),.PCURVE_S1.);
#5491 = CIRCLE('',#5492,29.25);
#5492 = AXIS2_PLACEMENT_3D('',#5493,#5494,#5495);
#5493 = CARTESIAN_POINT('',(0.,0.,0.));
#5494 = DIRECTION('',(0.,0.,1.));
#5495 = DIRECTION('',(1.,0.,-0.));
#5496 = PCURVE('',#2715,#5497);
#5497 = DEFINITIONAL_REPRESENTATION('',(#5498),#5502);
#5498 = CIRCLE('',#5499,29.25);
#5499 = AXIS2_PLACEMENT_2D('',#5500,#5501);
#5500 = CARTESIAN_POINT('',(0.,0.));
#5501 = DIRECTION('',(1.,0.));
#5502 = ( GEOMETRIC_REPRESENTATION_CONTEXT(2)
PARAMETRIC_REPRESENTATION_CONTEXT() REPRESENTATION_CONTEXT('2D SPACE',''
  ) );
#5503 = PCURVE('',#5504,#5509);
#5504 = PLANE('',#5505);
#5505 = AXIS2_PLACEMENT_3D('',#5506,#5507,#5508);
#5506 = CARTESIAN_POINT('',(-1.766486306364,28.374322588908,0.));
#5507 = DIRECTION('',(0.,0.,1.));
#5508 = DIRECTION('',(-0.173648177667,0.984807753012,0.));
#5509 = DEFINITIONAL_REPRESENTATION('',(#5510),#5514);
#5510 = CIRCLE('',#5511,29.25);
#5511 = AXIS2_PLACEMENT_2D('',#5512,#5513);
#5512 = CARTESIAN_POINT('',(-28.25,3.1875));
#5513 = DIRECTION('',(-0.173648177667,-0.984807753012));
#5514 = ( GEOMETRIC_REPRESENTATION_CONTEXT(2)
PARAMETRIC_REPRESENTATION_CONTEXT() REPRESENTATION_CONTEXT('2D SPACE',''
  ) );
#5515 = ORIENTED_EDGE('',*,*,#2750,.F.);
#5516 = ORIENTED_EDGE('',*,*,#2727,.F.);
#5517 = ORIENTED_EDGE('',*,*,#2699,.T.);
#5518 = ADVANCED_FACE('',(#5519),#3539,.F.);
#5519 = FACE_BOUND('',#5520,.F.);
#5520 = EDGE_LOOP('',(#5521,#5548,#5549,#5550));
#5521 = ORIENTED_EDGE('',*,*,#5522,.T.);
#5522 = EDGE_CURVE('',#3495,#3575,#5523,.T.);
#5523 = SURFACE_CURVE('',#5524,(#5529,#5536),.PCURVE_S1.);
#5524 = CIRCLE('',#5525,29.25);
#5525 = AXIS2_PLACEMENT_3D('',#5526,#5527,#5528);
#5526 = CARTESIAN_POINT('',(0.,0.,0.));
#5527 = DIRECTION('',(0.,0.,1.));
#5528 = DIRECTION('',(1.,0.,-0.));
#5529 = PCURVE('',#3539,#5530);
#5530 = DEFINITIONAL_REPRESENTATION('',(#5531),#5535);
#5531 = CIRCLE('',#5532,29.25);
#5532 = AXIS2_PLACEMENT_2D('',#5533,#5534);
#5533 = CARTESIAN_POINT('',(0.,0.));
#5534 = DIRECTION('',(1.,0.));
#5535 = ( GEOMETRIC_REPRESENTATION_CONTEXT(2)
PARAMETRIC_REPRESENTATION_CONTEXT() REPRESENTATION_CONTEXT('2D SPACE',''
  ) );
#5536 = PCURVE('',#5537,#5542);
#5537 = PLANE('',#5538);
#5538 = AXIS2_PLACEMENT_3D('',#5539,#5540,#5541);
#5539 = CARTESIAN_POINT('',(-8.044635731817,-27.26731545628,0.));
#5540 = DIRECTION('',(0.,0.,1.));
#5541 = DIRECTION('',(-0.173648177667,-0.984807753012,0.));
#5542 = DEFINITIONAL_REPRESENTATION('',(#5543),#5547);
#5543 = CIRCLE('',#5544,29.25);
#5544 = AXIS2_PLACEMENT_2D('',#5545,#5546);
#5545 = CARTESIAN_POINT('',(-28.25,3.1875));
#5546 = DIRECTION('',(-0.173648177667,0.984807753012));
#5547 = ( GEOMETRIC_REPRESENTATION_CONTEXT(2)
PARAMETRIC_REPRESENTATION_CONTEXT() REPRESENTATION_CONTEXT('2D SPACE',''
  ) );
#5548 = ORIENTED_EDGE('',*,*,#3574,.F.);
#5549 = ORIENTED_EDGE('',*,*,#3551,.F.);
#5550 = ORIENTED_EDGE('',*,*,#3523,.T.);
#5551 = ADVANCED_FACE('',(#5552),#2790,.T.);
#5552 = FACE_BOUND('',#5553,.T.);
#5553 = EDGE_LOOP('',(#5554,#5580,#5604,#5605));
#5554 = ORIENTED_EDGE('',*,*,#5555,.F.);
#5555 = EDGE_CURVE('',#5556,#5558,#5560,.T.);
#5556 = VERTEX_POINT('',#5557);
#5557 = CARTESIAN_POINT('',(-8.188034988517,28.080573053747,8.));
#5558 = VERTEX_POINT('',#5559);
#5559 = CARTESIAN_POINT('',(-11.77744572883,26.774134385718,8.));
#5560 = SURFACE_CURVE('',#5561,(#5566,#5573),.PCURVE_S1.);
#5561 = CIRCLE('',#5562,29.25);
#5562 = AXIS2_PLACEMENT_3D('',#5563,#5564,#5565);
#5563 = CARTESIAN_POINT('',(0.,0.,8.));
#5564 = DIRECTION('',(0.,0.,1.));
#5565 = DIRECTION('',(1.,0.,-0.));
#5566 = PCURVE('',#2790,#5567);
#5567 = DEFINITIONAL_REPRESENTATION('',(#5568),#5572);
#5568 = LINE('',#5569,#5570);
#5569 = CARTESIAN_POINT('',(0.,8.));
#5570 = VECTOR('',#5571,1.);
#5571 = DIRECTION('',(1.,0.));
#5572 = ( GEOMETRIC_REPRESENTATION_CONTEXT(2)
PARAMETRIC_REPRESENTATION_CONTEXT() REPRESENTATION_CONTEXT('2D SPACE',''
  ) );
#5573 = PCURVE('',#4459,#5574);
#5574 = DEFINITIONAL_REPRESENTATION('',(#5575),#5579);
#5575 = CIRCLE('',#5576,29.25);
#5576 = AXIS2_PLACEMENT_2D('',#5577,#5578);
#5577 = CARTESIAN_POINT('',(0.,0.));
#5578 = DIRECTION('',(1.,0.));
#5579 = ( GEOMETRIC_REPRESENTATION_CONTEXT(2)
PARAMETRIC_REPRESENTATION_CONTEXT() REPRESENTATION_CONTEXT('2D SPACE',''
  ) );
#5580 = ORIENTED_EDGE('',*,*,#5581,.F.);
#5581 = EDGE_CURVE('',#2751,#5556,#5582,.T.);
#5582 = SURFACE_CURVE('',#5583,(#5587,#5593),.PCURVE_S1.);
#5583 = LINE('',#5584,#5585);
#5584 = CARTESIAN_POINT('',(-8.188034988517,28.080573053747,0.));
#5585 = VECTOR('',#5586,1.);
#5586 = DIRECTION('',(0.,0.,1.));
#5587 = PCURVE('',#2790,#5588);
#5588 = DEFINITIONAL_REPRESENTATION('',(#5589),#5592);
#5589 = B_SPLINE_CURVE_WITH_KNOTS('',1,(#5590,#5591),.UNSPECIFIED.,.F.,
  .F.,(2,2),(-6.E-07,8.0000006),.PIECEWISE_BEZIER_KNOTS.);
#5590 = CARTESIAN_POINT('',(1.854520457676,-6.E-07));
#5591 = CARTESIAN_POINT('',(1.854520457676,8.0000006));
#5592 = ( GEOMETRIC_REPRESENTATION_CONTEXT(2)
PARAMETRIC_REPRESENTATION_CONTEXT() REPRESENTATION_CONTEXT('2D SPACE',''
  ) );
#5593 = PCURVE('',#5594,#5599);
#5594 = PLANE('',#5595);
#5595 = AXIS2_PLACEMENT_3D('',#5596,#5597,#5598);
#5596 = CARTESIAN_POINT('',(-8.044635731817,27.267315456282,0.));
#5597 = DIRECTION('',(-0.984807753012,-0.173648177667,0.));
#5598 = DIRECTION('',(0.,0.,1.));
#5599 = DEFINITIONAL_REPRESENTATION('',(#5600),#5603);
#5600 = B_SPLINE_CURVE_WITH_KNOTS('',1,(#5601,#5602),.UNSPECIFIED.,.F.,
  .F.,(2,2),(-6.E-07,8.0000006),.PIECEWISE_BEZIER_KNOTS.);
#5601 = CARTESIAN_POINT('',(-6.E-07,0.825803406785));
#5602 = CARTESIAN_POINT('',(8.0000006,0.825803406785));
#5603 = ( GEOMETRIC_REPRESENTATION_CONTEXT(2)
PARAMETRIC_REPRESENTATION_CONTEXT() REPRESENTATION_CONTEXT('2D SPACE',''
  ) );
#5604 = ORIENTED_EDGE('',*,*,#2773,.T.);
#5605 = ORIENTED_EDGE('',*,*,#5606,.T.);
#5606 = EDGE_CURVE('',#2774,#5558,#5607,.T.);
#5607 = SURFACE_CURVE('',#5608,(#5612,#5618),.PCURVE_S1.);
#5608 = LINE('',#5609,#5610);
#5609 = CARTESIAN_POINT('',(-11.77744572883,26.774134385718,0.));
#5610 = VECTOR('',#5611,1.);
#5611 = DIRECTION('',(0.,0.,1.));
#5612 = PCURVE('',#2790,#5613);
#5613 = DEFINITIONAL_REPRESENTATION('',(#5614),#5617);
#5614 = B_SPLINE_CURVE_WITH_KNOTS('',1,(#5615,#5616),.UNSPECIFIED.,.F.,
  .F.,(2,2),(-6.E-07,8.0000006),.PIECEWISE_BEZIER_KNOTS.);
#5615 = CARTESIAN_POINT('',(1.985203896712,-6.E-07));
#5616 = CARTESIAN_POINT('',(1.985203896712,8.0000006));
#5617 = ( GEOMETRIC_REPRESENTATION_CONTEXT(2)
PARAMETRIC_REPRESENTATION_CONTEXT() REPRESENTATION_CONTEXT('2D SPACE',''
  ) );
#5618 = PCURVE('',#5619,#5624);
#5619 = PLANE('',#5620);
#5620 = AXIS2_PLACEMENT_3D('',#5621,#5622,#5623);
#5621 = CARTESIAN_POINT('',(-11.36454402543,26.05896765691,0.));
#5622 = DIRECTION('',(-0.866025403784,-0.5,0.));
#5623 = DIRECTION('',(0.,0.,1.));
#5624 = DEFINITIONAL_REPRESENTATION('',(#5625),#5628);
#5625 = B_SPLINE_CURVE_WITH_KNOTS('',1,(#5626,#5627),.UNSPECIFIED.,.F.,
  .F.,(2,2),(-6.E-07,8.0000006),.PIECEWISE_BEZIER_KNOTS.);
#5626 = CARTESIAN_POINT('',(-6.E-07,0.825803406785));
#5627 = CARTESIAN_POINT('',(8.0000006,0.825803406785));
#5628 = ( GEOMETRIC_REPRESENTATION_CONTEXT(2)
PARAMETRIC_REPRESENTATION_CONTEXT() REPRESENTATION_CONTEXT('2D SPACE',''
  ) );
#5629 = ADVANCED_FACE('',(#5630),#3511,.T.);
#5630 = FACE_BOUND('',#5631,.T.);
#5631 = EDGE_LOOP('',(#5632,#5658,#5682,#5683));
#5632 = ORIENTED_EDGE('',*,*,#5633,.F.);
#5633 = EDGE_CURVE('',#5634,#5636,#5638,.T.);
#5634 = VERTEX_POINT('',#5635);
#5635 = CARTESIAN_POINT('',(-11.77744572882,-26.77413438571,8.));
#5636 = VERTEX_POINT('',#5637);
#5637 = CARTESIAN_POINT('',(-8.188034988517,-28.08057305374,8.));
#5638 = SURFACE_CURVE('',#5639,(#5644,#5651),.PCURVE_S1.);
#5639 = CIRCLE('',#5640,29.25);
#5640 = AXIS2_PLACEMENT_3D('',#5641,#5642,#5643);
#5641 = CARTESIAN_POINT('',(0.,0.,8.));
#5642 = DIRECTION('',(0.,0.,1.));
#5643 = DIRECTION('',(1.,0.,-0.));
#5644 = PCURVE('',#3511,#5645);
#5645 = DEFINITIONAL_REPRESENTATION('',(#5646),#5650);
#5646 = LINE('',#5647,#5648);
#5647 = CARTESIAN_POINT('',(0.,8.));
#5648 = VECTOR('',#5649,1.);
#5649 = DIRECTION('',(1.,0.));
#5650 = ( GEOMETRIC_REPRESENTATION_CONTEXT(2)
PARAMETRIC_REPRESENTATION_CONTEXT() REPRESENTATION_CONTEXT('2D SPACE',''
  ) );
#5651 = PCURVE('',#4459,#5652);
#5652 = DEFINITIONAL_REPRESENTATION('',(#5653),#5657);
#5653 = CIRCLE('',#5654,29.25);
#5654 = AXIS2_PLACEMENT_2D('',#5655,#5656);
#5655 = CARTESIAN_POINT('',(0.,0.));
#5656 = DIRECTION('',(1.,0.));
#5657 = ( GEOMETRIC_REPRESENTATION_CONTEXT(2)
PARAMETRIC_REPRESENTATION_CONTEXT() REPRESENTATION_CONTEXT('2D SPACE',''
  ) );
#5658 = ORIENTED_EDGE('',*,*,#5659,.F.);
#5659 = EDGE_CURVE('',#3472,#5634,#5660,.T.);
#5660 = SURFACE_CURVE('',#5661,(#5665,#5671),.PCURVE_S1.);
#5661 = LINE('',#5662,#5663);
#5662 = CARTESIAN_POINT('',(-11.77744572883,-26.77413438571,0.));
#5663 = VECTOR('',#5664,1.);
#5664 = DIRECTION('',(0.,0.,1.));
#5665 = PCURVE('',#3511,#5666);
#5666 = DEFINITIONAL_REPRESENTATION('',(#5667),#5670);
#5667 = B_SPLINE_CURVE_WITH_KNOTS('',1,(#5668,#5669),.UNSPECIFIED.,.F.,
  .F.,(2,2),(-6.E-07,8.0000006),.PIECEWISE_BEZIER_KNOTS.);
#5668 = CARTESIAN_POINT('',(4.297981410468,-6.E-07));
#5669 = CARTESIAN_POINT('',(4.297981410468,8.0000006));
#5670 = ( GEOMETRIC_REPRESENTATION_CONTEXT(2)
PARAMETRIC_REPRESENTATION_CONTEXT() REPRESENTATION_CONTEXT('2D SPACE',''
  ) );
#5671 = PCURVE('',#5672,#5677);
#5672 = PLANE('',#5673);
#5673 = AXIS2_PLACEMENT_3D('',#5674,#5675,#5676);
#5674 = CARTESIAN_POINT('',(-11.36454402543,-26.05896765691,0.));
#5675 = DIRECTION('',(0.866025403784,-0.5,0.));
#5676 = DIRECTION('',(0.,0.,1.));
#5677 = DEFINITIONAL_REPRESENTATION('',(#5678),#5681);
#5678 = B_SPLINE_CURVE_WITH_KNOTS('',1,(#5679,#5680),.UNSPECIFIED.,.F.,
  .F.,(2,2),(-6.E-07,8.0000006),.PIECEWISE_BEZIER_KNOTS.);
#5679 = CARTESIAN_POINT('',(-6.E-07,0.825803406785));
#5680 = CARTESIAN_POINT('',(8.0000006,0.825803406785));
#5681 = ( GEOMETRIC_REPRESENTATION_CONTEXT(2)
PARAMETRIC_REPRESENTATION_CONTEXT() REPRESENTATION_CONTEXT('2D SPACE',''
  ) );
#5682 = ORIENTED_EDGE('',*,*,#3494,.T.);
#5683 = ORIENTED_EDGE('',*,*,#5684,.T.);
#5684 = EDGE_CURVE('',#3495,#5636,#5685,.T.);
#5685 = SURFACE_CURVE('',#5686,(#5690,#5696),.PCURVE_S1.);
#5686 = LINE('',#5687,#5688);
#5687 = CARTESIAN_POINT('',(-8.188034988517,-28.08057305374,0.));
#5688 = VECTOR('',#5689,1.);
#5689 = DIRECTION('',(0.,0.,1.));
#5690 = PCURVE('',#3511,#5691);
#5691 = DEFINITIONAL_REPRESENTATION('',(#5692),#5695);
#5692 = B_SPLINE_CURVE_WITH_KNOTS('',1,(#5693,#5694),.UNSPECIFIED.,.F.,
  .F.,(2,2),(-6.E-07,8.0000006),.PIECEWISE_BEZIER_KNOTS.);
#5693 = CARTESIAN_POINT('',(4.428664849504,-6.E-07));
#5694 = CARTESIAN_POINT('',(4.428664849504,8.0000006));
#5695 = ( GEOMETRIC_REPRESENTATION_CONTEXT(2)
PARAMETRIC_REPRESENTATION_CONTEXT() REPRESENTATION_CONTEXT('2D SPACE',''
  ) );
#5696 = PCURVE('',#5697,#5702);
#5697 = PLANE('',#5698);
#5698 = AXIS2_PLACEMENT_3D('',#5699,#5700,#5701);
#5699 = CARTESIAN_POINT('',(-8.044635731817,-27.26731545628,0.));
#5700 = DIRECTION('',(0.984807753012,-0.173648177667,0.));
#5701 = DIRECTION('',(0.,0.,1.));
#5702 = DEFINITIONAL_REPRESENTATION('',(#5703),#5706);
#5703 = B_SPLINE_CURVE_WITH_KNOTS('',1,(#5704,#5705),.UNSPECIFIED.,.F.,
  .F.,(2,2),(-6.E-07,8.0000006),.PIECEWISE_BEZIER_KNOTS.);
#5704 = CARTESIAN_POINT('',(-6.E-07,0.825803406785));
#5705 = CARTESIAN_POINT('',(8.0000006,0.825803406785));
#5706 = ( GEOMETRIC_REPRESENTATION_CONTEXT(2)
PARAMETRIC_REPRESENTATION_CONTEXT() REPRESENTATION_CONTEXT('2D SPACE',''
  ) );
#5707 = ADVANCED_FACE('',(#5708),#2818,.F.);
#5708 = FACE_BOUND('',#5709,.F.);
#5709 = EDGE_LOOP('',(#5710,#5737,#5738,#5739));
#5710 = ORIENTED_EDGE('',*,*,#5711,.T.);
#5711 = EDGE_CURVE('',#2774,#2854,#5712,.T.);
#5712 = SURFACE_CURVE('',#5713,(#5718,#5725),.PCURVE_S1.);
#5713 = CIRCLE('',#5714,29.25);
#5714 = AXIS2_PLACEMENT_3D('',#5715,#5716,#5717);
#5715 = CARTESIAN_POINT('',(0.,0.,0.));
#5716 = DIRECTION('',(0.,0.,1.));
#5717 = DIRECTION('',(1.,0.,-0.));
#5718 = PCURVE('',#2818,#5719);
#5719 = DEFINITIONAL_REPRESENTATION('',(#5720),#5724);
#5720 = CIRCLE('',#5721,29.25);
#5721 = AXIS2_PLACEMENT_2D('',#5722,#5723);
#5722 = CARTESIAN_POINT('',(0.,0.));
#5723 = DIRECTION('',(1.,0.));
#5724 = ( GEOMETRIC_REPRESENTATION_CONTEXT(2)
PARAMETRIC_REPRESENTATION_CONTEXT() REPRESENTATION_CONTEXT('2D SPACE',''
  ) );
#5725 = PCURVE('',#5726,#5731);
#5726 = PLANE('',#5727);
#5727 = AXIS2_PLACEMENT_3D('',#5728,#5729,#5730);
#5728 = CARTESIAN_POINT('',(-11.36454402543,26.05896765691,0.));
#5729 = DIRECTION('',(0.,0.,1.));
#5730 = DIRECTION('',(-0.5,0.866025403784,0.));
#5731 = DEFINITIONAL_REPRESENTATION('',(#5732),#5736);
#5732 = CIRCLE('',#5733,29.25);
#5733 = AXIS2_PLACEMENT_2D('',#5734,#5735);
#5734 = CARTESIAN_POINT('',(-28.25,3.1875));
#5735 = DIRECTION('',(-0.5,-0.866025403784));
#5736 = ( GEOMETRIC_REPRESENTATION_CONTEXT(2)
PARAMETRIC_REPRESENTATION_CONTEXT() REPRESENTATION_CONTEXT('2D SPACE',''
  ) );
#5737 = ORIENTED_EDGE('',*,*,#2853,.F.);
#5738 = ORIENTED_EDGE('',*,*,#2830,.F.);
#5739 = ORIENTED_EDGE('',*,*,#2802,.T.);
#5740 = ADVANCED_FACE('',(#5741),#3436,.F.);
#5741 = FACE_BOUND('',#5742,.F.);
#5742 = EDGE_LOOP('',(#5743,#5770,#5771,#5772));
#5743 = ORIENTED_EDGE('',*,*,#5744,.T.);
#5744 = EDGE_CURVE('',#3392,#3472,#5745,.T.);
#5745 = SURFACE_CURVE('',#5746,(#5751,#5758),.PCURVE_S1.);
#5746 = CIRCLE('',#5747,29.25);
#5747 = AXIS2_PLACEMENT_3D('',#5748,#5749,#5750);
#5748 = CARTESIAN_POINT('',(0.,0.,0.));
#5749 = DIRECTION('',(0.,0.,1.));
#5750 = DIRECTION('',(1.,0.,-0.));
#5751 = PCURVE('',#3436,#5752);
#5752 = DEFINITIONAL_REPRESENTATION('',(#5753),#5757);
#5753 = CIRCLE('',#5754,29.25);
#5754 = AXIS2_PLACEMENT_2D('',#5755,#5756);
#5755 = CARTESIAN_POINT('',(0.,0.));
#5756 = DIRECTION('',(1.,0.));
#5757 = ( GEOMETRIC_REPRESENTATION_CONTEXT(2)
PARAMETRIC_REPRESENTATION_CONTEXT() REPRESENTATION_CONTEXT('2D SPACE',''
  ) );
#5758 = PCURVE('',#5759,#5764);
#5759 = PLANE('',#5760);
#5760 = AXIS2_PLACEMENT_3D('',#5761,#5762,#5763);
#5761 = CARTESIAN_POINT('',(-16.88545597456,-22.87146765691,0.));
#5762 = DIRECTION('',(0.,0.,1.));
#5763 = DIRECTION('',(-0.5,-0.866025403784,0.));
#5764 = DEFINITIONAL_REPRESENTATION('',(#5765),#5769);
#5765 = CIRCLE('',#5766,29.25);
#5766 = AXIS2_PLACEMENT_2D('',#5767,#5768);
#5767 = CARTESIAN_POINT('',(-28.25,3.1875));
#5768 = DIRECTION('',(-0.5,0.866025403784));
#5769 = ( GEOMETRIC_REPRESENTATION_CONTEXT(2)
PARAMETRIC_REPRESENTATION_CONTEXT() REPRESENTATION_CONTEXT('2D SPACE',''
  ) );
#5770 = ORIENTED_EDGE('',*,*,#3471,.F.);
#5771 = ORIENTED_EDGE('',*,*,#3448,.F.);
#5772 = ORIENTED_EDGE('',*,*,#3420,.T.);
#5773 = ADVANCED_FACE('',(#5774),#2893,.T.);
#5774 = FACE_BOUND('',#5775,.T.);
#5775 = EDGE_LOOP('',(#5776,#5802,#5826,#5827));
#5776 = ORIENTED_EDGE('',*,*,#5777,.F.);
#5777 = EDGE_CURVE('',#5778,#5780,#5782,.T.);
#5778 = VERTEX_POINT('',#5779);
#5779 = CARTESIAN_POINT('',(-17.29835767795,23.586634385718,8.));
#5780 = VERTEX_POINT('',#5781);
#5781 = CARTESIAN_POINT('',(-20.22447212311,21.131332834005,8.));
#5782 = SURFACE_CURVE('',#5783,(#5788,#5795),.PCURVE_S1.);
#5783 = CIRCLE('',#5784,29.25);
#5784 = AXIS2_PLACEMENT_3D('',#5785,#5786,#5787);
#5785 = CARTESIAN_POINT('',(0.,0.,8.));
#5786 = DIRECTION('',(0.,0.,1.));
#5787 = DIRECTION('',(1.,0.,-0.));
#5788 = PCURVE('',#2893,#5789);
#5789 = DEFINITIONAL_REPRESENTATION('',(#5790),#5794);
#5790 = LINE('',#5791,#5792);
#5791 = CARTESIAN_POINT('',(0.,8.));
#5792 = VECTOR('',#5793,1.);
#5793 = DIRECTION('',(1.,0.));
#5794 = ( GEOMETRIC_REPRESENTATION_CONTEXT(2)
PARAMETRIC_REPRESENTATION_CONTEXT() REPRESENTATION_CONTEXT('2D SPACE',''
  ) );
#5795 = PCURVE('',#4459,#5796);
#5796 = DEFINITIONAL_REPRESENTATION('',(#5797),#5801);
#5797 = CIRCLE('',#5798,29.25);
#5798 = AXIS2_PLACEMENT_2D('',#5799,#5800);
#5799 = CARTESIAN_POINT('',(0.,0.));
#5800 = DIRECTION('',(1.,0.));
#5801 = ( GEOMETRIC_REPRESENTATION_CONTEXT(2)
PARAMETRIC_REPRESENTATION_CONTEXT() REPRESENTATION_CONTEXT('2D SPACE',''
  ) );
#5802 = ORIENTED_EDGE('',*,*,#5803,.F.);
#5803 = EDGE_CURVE('',#2854,#5778,#5804,.T.);
#5804 = SURFACE_CURVE('',#5805,(#5809,#5815),.PCURVE_S1.);
#5805 = LINE('',#5806,#5807);
#5806 = CARTESIAN_POINT('',(-17.29835767795,23.586634385718,0.));
#5807 = VECTOR('',#5808,1.);
#5808 = DIRECTION('',(0.,0.,1.));
#5809 = PCURVE('',#2893,#5810);
#5810 = DEFINITIONAL_REPRESENTATION('',(#5811),#5814);
#5811 = B_SPLINE_CURVE_WITH_KNOTS('',1,(#5812,#5813),.UNSPECIFIED.,.F.,
  .F.,(2,2),(-6.E-07,8.0000006),.PIECEWISE_BEZIER_KNOTS.);
#5812 = CARTESIAN_POINT('',(2.203586308075,-6.E-07));
#5813 = CARTESIAN_POINT('',(2.203586308075,8.0000006));
#5814 = ( GEOMETRIC_REPRESENTATION_CONTEXT(2)
PARAMETRIC_REPRESENTATION_CONTEXT() REPRESENTATION_CONTEXT('2D SPACE',''
  ) );
#5815 = PCURVE('',#5816,#5821);
#5816 = PLANE('',#5817);
#5817 = AXIS2_PLACEMENT_3D('',#5818,#5819,#5820);
#5818 = CARTESIAN_POINT('',(-16.88545597456,22.87146765691,0.));
#5819 = DIRECTION('',(-0.866025403784,-0.5,0.));
#5820 = DIRECTION('',(0.,0.,1.));
#5821 = DEFINITIONAL_REPRESENTATION('',(#5822),#5825);
#5822 = B_SPLINE_CURVE_WITH_KNOTS('',1,(#5823,#5824),.UNSPECIFIED.,.F.,
  .F.,(2,2),(-6.E-07,8.0000006),.PIECEWISE_BEZIER_KNOTS.);
#5823 = CARTESIAN_POINT('',(-6.E-07,0.825803406785));
#5824 = CARTESIAN_POINT('',(8.0000006,0.825803406785));
#5825 = ( GEOMETRIC_REPRESENTATION_CONTEXT(2)
PARAMETRIC_REPRESENTATION_CONTEXT() REPRESENTATION_CONTEXT('2D SPACE',''
  ) );
#5826 = ORIENTED_EDGE('',*,*,#2876,.T.);
#5827 = ORIENTED_EDGE('',*,*,#5828,.T.);
#5828 = EDGE_CURVE('',#2877,#5780,#5829,.T.);
#5829 = SURFACE_CURVE('',#5830,(#5834,#5840),.PCURVE_S1.);
#5830 = LINE('',#5831,#5832);
#5831 = CARTESIAN_POINT('',(-20.22447212311,21.131332834005,0.));
#5832 = VECTOR('',#5833,1.);
#5833 = DIRECTION('',(0.,0.,1.));
#5834 = PCURVE('',#2893,#5835);
#5835 = DEFINITIONAL_REPRESENTATION('',(#5836),#5839);
#5836 = B_SPLINE_CURVE_WITH_KNOTS('',1,(#5837,#5838),.UNSPECIFIED.,.F.,
  .F.,(2,2),(-6.E-07,8.0000006),.PIECEWISE_BEZIER_KNOTS.);
#5837 = CARTESIAN_POINT('',(2.334269747111,-6.E-07));
#5838 = CARTESIAN_POINT('',(2.334269747111,8.0000006));
#5839 = ( GEOMETRIC_REPRESENTATION_CONTEXT(2)
PARAMETRIC_REPRESENTATION_CONTEXT() REPRESENTATION_CONTEXT('2D SPACE',''
  ) );
#5840 = PCURVE('',#5841,#5846);
#5841 = PLANE('',#5842);
#5842 = AXIS2_PLACEMENT_3D('',#5843,#5844,#5845);
#5843 = CARTESIAN_POINT('',(-19.59187001223,20.600516636086,0.));
#5844 = DIRECTION('',(-0.642787609687,-0.766044443119,0.));
#5845 = DIRECTION('',(0.,0.,1.));
#5846 = DEFINITIONAL_REPRESENTATION('',(#5847),#5850);
#5847 = B_SPLINE_CURVE_WITH_KNOTS('',1,(#5848,#5849),.UNSPECIFIED.,.F.,
  .F.,(2,2),(-6.E-07,8.0000006),.PIECEWISE_BEZIER_KNOTS.);
#5848 = CARTESIAN_POINT('',(-6.E-07,0.825803406785));
#5849 = CARTESIAN_POINT('',(8.0000006,0.825803406785));
#5850 = ( GEOMETRIC_REPRESENTATION_CONTEXT(2)
PARAMETRIC_REPRESENTATION_CONTEXT() REPRESENTATION_CONTEXT('2D SPACE',''
  ) );
#5851 = ADVANCED_FACE('',(#5852),#3408,.T.);
#5852 = FACE_BOUND('',#5853,.T.);
#5853 = EDGE_LOOP('',(#5854,#5880,#5904,#5905));
#5854 = ORIENTED_EDGE('',*,*,#5855,.F.);
#5855 = EDGE_CURVE('',#5856,#5858,#5860,.T.);
#5856 = VERTEX_POINT('',#5857);
#5857 = CARTESIAN_POINT('',(-20.22447212311,-21.131332834,8.));
#5858 = VERTEX_POINT('',#5859);
#5859 = CARTESIAN_POINT('',(-17.29835767795,-23.58663438571,8.));
#5860 = SURFACE_CURVE('',#5861,(#5866,#5873),.PCURVE_S1.);
#5861 = CIRCLE('',#5862,29.25);
#5862 = AXIS2_PLACEMENT_3D('',#5863,#5864,#5865);
#5863 = CARTESIAN_POINT('',(0.,0.,8.));
#5864 = DIRECTION('',(0.,0.,1.));
#5865 = DIRECTION('',(1.,0.,-0.));
#5866 = PCURVE('',#3408,#5867);
#5867 = DEFINITIONAL_REPRESENTATION('',(#5868),#5872);
#5868 = LINE('',#5869,#5870);
#5869 = CARTESIAN_POINT('',(0.,8.));
#5870 = VECTOR('',#5871,1.);
#5871 = DIRECTION('',(1.,0.));
#5872 = ( GEOMETRIC_REPRESENTATION_CONTEXT(2)
PARAMETRIC_REPRESENTATION_CONTEXT() REPRESENTATION_CONTEXT('2D SPACE',''
  ) );
#5873 = PCURVE('',#4459,#5874);
#5874 = DEFINITIONAL_REPRESENTATION('',(#5875),#5879);
#5875 = CIRCLE('',#5876,29.25);
#5876 = AXIS2_PLACEMENT_2D('',#5877,#5878);
#5877 = CARTESIAN_POINT('',(0.,0.));
#5878 = DIRECTION('',(1.,0.));
#5879 = ( GEOMETRIC_REPRESENTATION_CONTEXT(2)
PARAMETRIC_REPRESENTATION_CONTEXT() REPRESENTATION_CONTEXT('2D SPACE',''
  ) );
#5880 = ORIENTED_EDGE('',*,*,#5881,.F.);
#5881 = EDGE_CURVE('',#3369,#5856,#5882,.T.);
#5882 = SURFACE_CURVE('',#5883,(#5887,#5893),.PCURVE_S1.);
#5883 = LINE('',#5884,#5885);
#5884 = CARTESIAN_POINT('',(-20.22447212311,-21.131332834,0.));
#5885 = VECTOR('',#5886,1.);
#5886 = DIRECTION('',(0.,0.,1.));
#5887 = PCURVE('',#3408,#5888);
#5888 = DEFINITIONAL_REPRESENTATION('',(#5889),#5892);
#5889 = B_SPLINE_CURVE_WITH_KNOTS('',1,(#5890,#5891),.UNSPECIFIED.,.F.,
  .F.,(2,2),(-6.E-07,8.0000006),.PIECEWISE_BEZIER_KNOTS.);
#5890 = CARTESIAN_POINT('',(3.948915560069,-6.E-07));
#5891 = CARTESIAN_POINT('',(3.948915560069,8.0000006));
#5892 = ( GEOMETRIC_REPRESENTATION_CONTEXT(2)
PARAMETRIC_REPRESENTATION_CONTEXT() REPRESENTATION_CONTEXT('2D SPACE',''
  ) );
#5893 = PCURVE('',#5894,#5899);
#5894 = PLANE('',#5895);
#5895 = AXIS2_PLACEMENT_3D('',#5896,#5897,#5898);
#5896 = CARTESIAN_POINT('',(-19.59187001223,-20.60051663608,0.));
#5897 = DIRECTION('',(0.642787609687,-0.766044443119,0.));
#5898 = DIRECTION('',(0.,0.,1.));
#5899 = DEFINITIONAL_REPRESENTATION('',(#5900),#5903);
#5900 = B_SPLINE_CURVE_WITH_KNOTS('',1,(#5901,#5902),.UNSPECIFIED.,.F.,
  .F.,(2,2),(-6.E-07,8.0000006),.PIECEWISE_BEZIER_KNOTS.);
#5901 = CARTESIAN_POINT('',(-6.E-07,0.825803406785));
#5902 = CARTESIAN_POINT('',(8.0000006,0.825803406785));
#5903 = ( GEOMETRIC_REPRESENTATION_CONTEXT(2)
PARAMETRIC_REPRESENTATION_CONTEXT() REPRESENTATION_CONTEXT('2D SPACE',''
  ) );
#5904 = ORIENTED_EDGE('',*,*,#3391,.T.);
#5905 = ORIENTED_EDGE('',*,*,#5906,.T.);
#5906 = EDGE_CURVE('',#3392,#5858,#5907,.T.);
#5907 = SURFACE_CURVE('',#5908,(#5912,#5918),.PCURVE_S1.);
#5908 = LINE('',#5909,#5910);
#5909 = CARTESIAN_POINT('',(-17.29835767795,-23.58663438571,0.));
#5910 = VECTOR('',#5911,1.);
#5911 = DIRECTION('',(0.,0.,1.));
#5912 = PCURVE('',#3408,#5913);
#5913 = DEFINITIONAL_REPRESENTATION('',(#5914),#5917);
#5914 = B_SPLINE_CURVE_WITH_KNOTS('',1,(#5915,#5916),.UNSPECIFIED.,.F.,
  .F.,(2,2),(-6.E-07,8.0000006),.PIECEWISE_BEZIER_KNOTS.);
#5915 = CARTESIAN_POINT('',(4.079598999105,-6.E-07));
#5916 = CARTESIAN_POINT('',(4.079598999105,8.0000006));
#5917 = ( GEOMETRIC_REPRESENTATION_CONTEXT(2)
PARAMETRIC_REPRESENTATION_CONTEXT() REPRESENTATION_CONTEXT('2D SPACE',''
  ) );
#5918 = PCURVE('',#5919,#5924);
#5919 = PLANE('',#5920);
#5920 = AXIS2_PLACEMENT_3D('',#5921,#5922,#5923);
#5921 = CARTESIAN_POINT('',(-16.88545597456,-22.87146765691,0.));
#5922 = DIRECTION('',(0.866025403784,-0.5,0.));
#5923 = DIRECTION('',(0.,0.,1.));
#5924 = DEFINITIONAL_REPRESENTATION('',(#5925),#5928);
#5925 = B_SPLINE_CURVE_WITH_KNOTS('',1,(#5926,#5927),.UNSPECIFIED.,.F.,
  .F.,(2,2),(-6.E-07,8.0000006),.PIECEWISE_BEZIER_KNOTS.);
#5926 = CARTESIAN_POINT('',(-6.E-07,0.825803406785));
#5927 = CARTESIAN_POINT('',(8.0000006,0.825803406785));
#5928 = ( GEOMETRIC_REPRESENTATION_CONTEXT(2)
PARAMETRIC_REPRESENTATION_CONTEXT() REPRESENTATION_CONTEXT('2D SPACE',''
  ) );
#5929 = ADVANCED_FACE('',(#5930),#2921,.F.);
#5930 = FACE_BOUND('',#5931,.F.);
#5931 = EDGE_LOOP('',(#5932,#5959,#5960,#5961));
#5932 = ORIENTED_EDGE('',*,*,#5933,.T.);
#5933 = EDGE_CURVE('',#2877,#2957,#5934,.T.);
#5934 = SURFACE_CURVE('',#5935,(#5940,#5947),.PCURVE_S1.);
#5935 = CIRCLE('',#5936,29.25);
#5936 = AXIS2_PLACEMENT_3D('',#5937,#5938,#5939);
#5937 = CARTESIAN_POINT('',(0.,0.,0.));
#5938 = DIRECTION('',(0.,0.,1.));
#5939 = DIRECTION('',(1.,0.,-0.));
#5940 = PCURVE('',#2921,#5941);
#5941 = DEFINITIONAL_REPRESENTATION('',(#5942),#5946);
#5942 = CIRCLE('',#5943,29.25);
#5943 = AXIS2_PLACEMENT_2D('',#5944,#5945);
#5944 = CARTESIAN_POINT('',(0.,0.));
#5945 = DIRECTION('',(1.,0.));
#5946 = ( GEOMETRIC_REPRESENTATION_CONTEXT(2)
PARAMETRIC_REPRESENTATION_CONTEXT() REPRESENTATION_CONTEXT('2D SPACE',''
  ) );
#5947 = PCURVE('',#5948,#5953);
#5948 = PLANE('',#5949);
#5949 = AXIS2_PLACEMENT_3D('',#5950,#5951,#5952);
#5950 = CARTESIAN_POINT('',(-19.59187001223,20.600516636086,0.));
#5951 = DIRECTION('',(0.,0.,1.));
#5952 = DIRECTION('',(-0.766044443119,0.642787609687,0.));
#5953 = DEFINITIONAL_REPRESENTATION('',(#5954),#5958);
#5954 = CIRCLE('',#5955,29.25);
#5955 = AXIS2_PLACEMENT_2D('',#5956,#5957);
#5956 = CARTESIAN_POINT('',(-28.25,3.1875));
#5957 = DIRECTION('',(-0.766044443119,-0.642787609687));
#5958 = ( GEOMETRIC_REPRESENTATION_CONTEXT(2)
PARAMETRIC_REPRESENTATION_CONTEXT() REPRESENTATION_CONTEXT('2D SPACE',''
  ) );
#5959 = ORIENTED_EDGE('',*,*,#2956,.F.);
#5960 = ORIENTED_EDGE('',*,*,#2933,.F.);
#5961 = ORIENTED_EDGE('',*,*,#2905,.T.);
#5962 = ADVANCED_FACE('',(#5963),#3333,.F.);
#5963 = FACE_BOUND('',#5964,.F.);
#5964 = EDGE_LOOP('',(#5965,#5992,#5993,#5994));
#5965 = ORIENTED_EDGE('',*,*,#5966,.T.);
#5966 = EDGE_CURVE('',#3289,#3369,#5967,.T.);
#5967 = SURFACE_CURVE('',#5968,(#5973,#5980),.PCURVE_S1.);
#5968 = CIRCLE('',#5969,29.25);
#5969 = AXIS2_PLACEMENT_3D('',#5970,#5971,#5972);
#5970 = CARTESIAN_POINT('',(0.,0.,0.));
#5971 = DIRECTION('',(0.,0.,1.));
#5972 = DIRECTION('',(1.,0.,-0.));
#5973 = PCURVE('',#3333,#5974);
#5974 = DEFINITIONAL_REPRESENTATION('',(#5975),#5979);
#5975 = CIRCLE('',#5976,29.25);
#5976 = AXIS2_PLACEMENT_2D('',#5977,#5978);
#5977 = CARTESIAN_POINT('',(0.,0.));
#5978 = DIRECTION('',(1.,0.));
#5979 = ( GEOMETRIC_REPRESENTATION_CONTEXT(2)
PARAMETRIC_REPRESENTATION_CONTEXT() REPRESENTATION_CONTEXT('2D SPACE',''
  ) );
#5980 = PCURVE('',#5981,#5986);
#5981 = PLANE('',#5982);
#5982 = AXIS2_PLACEMENT_3D('',#5983,#5984,#5985);
#5983 = CARTESIAN_POINT('',(-23.68964102398,-15.7169833112,0.));
#5984 = DIRECTION('',(0.,0.,1.));
#5985 = DIRECTION('',(-0.766044443119,-0.642787609687,0.));
#5986 = DEFINITIONAL_REPRESENTATION('',(#5987),#5991);
#5987 = CIRCLE('',#5988,29.25);
#5988 = AXIS2_PLACEMENT_2D('',#5989,#5990);
#5989 = CARTESIAN_POINT('',(-28.25,3.1875));
#5990 = DIRECTION('',(-0.766044443119,0.642787609687));
#5991 = ( GEOMETRIC_REPRESENTATION_CONTEXT(2)
PARAMETRIC_REPRESENTATION_CONTEXT() REPRESENTATION_CONTEXT('2D SPACE',''
  ) );
#5992 = ORIENTED_EDGE('',*,*,#3368,.F.);
#5993 = ORIENTED_EDGE('',*,*,#3345,.F.);
#5994 = ORIENTED_EDGE('',*,*,#3317,.T.);
#5995 = ADVANCED_FACE('',(#5996),#2996,.T.);
#5996 = FACE_BOUND('',#5997,.T.);
#5997 = EDGE_LOOP('',(#5998,#6024,#6048,#6049));
#5998 = ORIENTED_EDGE('',*,*,#5999,.F.);
#5999 = EDGE_CURVE('',#6000,#6002,#6004,.T.);
#6000 = VERTEX_POINT('',#6001);
#6001 = CARTESIAN_POINT('',(-24.32224313486,16.247799509121,8.));
#6002 = VERTEX_POINT('',#6003);
#6003 = CARTESIAN_POINT('',(-26.23212869792,12.939780677252,8.));
#6004 = SURFACE_CURVE('',#6005,(#6010,#6017),.PCURVE_S1.);
#6005 = CIRCLE('',#6006,29.25);
#6006 = AXIS2_PLACEMENT_3D('',#6007,#6008,#6009);
#6007 = CARTESIAN_POINT('',(0.,0.,8.));
#6008 = DIRECTION('',(0.,0.,1.));
#6009 = DIRECTION('',(1.,0.,-0.));
#6010 = PCURVE('',#2996,#6011);
#6011 = DEFINITIONAL_REPRESENTATION('',(#6012),#6016);
#6012 = LINE('',#6013,#6014);
#6013 = CARTESIAN_POINT('',(0.,8.));
#6014 = VECTOR('',#6015,1.);
#6015 = DIRECTION('',(1.,0.));
#6016 = ( GEOMETRIC_REPRESENTATION_CONTEXT(2)
PARAMETRIC_REPRESENTATION_CONTEXT() REPRESENTATION_CONTEXT('2D SPACE',''
  ) );
#6017 = PCURVE('',#4459,#6018);
#6018 = DEFINITIONAL_REPRESENTATION('',(#6019),#6023);
#6019 = CIRCLE('',#6020,29.25);
#6020 = AXIS2_PLACEMENT_2D('',#6021,#6022);
#6021 = CARTESIAN_POINT('',(0.,0.));
#6022 = DIRECTION('',(1.,0.));
#6023 = ( GEOMETRIC_REPRESENTATION_CONTEXT(2)
PARAMETRIC_REPRESENTATION_CONTEXT() REPRESENTATION_CONTEXT('2D SPACE',''
  ) );
#6024 = ORIENTED_EDGE('',*,*,#6025,.F.);
#6025 = EDGE_CURVE('',#2957,#6000,#6026,.T.);
#6026 = SURFACE_CURVE('',#6027,(#6031,#6037),.PCURVE_S1.);
#6027 = LINE('',#6028,#6029);
#6028 = CARTESIAN_POINT('',(-24.32224313486,16.247799509121,0.));
#6029 = VECTOR('',#6030,1.);
#6030 = DIRECTION('',(0.,0.,1.));
#6031 = PCURVE('',#2996,#6032);
#6032 = DEFINITIONAL_REPRESENTATION('',(#6033),#6036);
#6033 = B_SPLINE_CURVE_WITH_KNOTS('',1,(#6034,#6035),.UNSPECIFIED.,.F.,
  .F.,(2,2),(-6.E-07,8.0000006),.PIECEWISE_BEZIER_KNOTS.);
#6034 = CARTESIAN_POINT('',(2.552652158474,-6.E-07));
#6035 = CARTESIAN_POINT('',(2.552652158474,8.0000006));
#6036 = ( GEOMETRIC_REPRESENTATION_CONTEXT(2)
PARAMETRIC_REPRESENTATION_CONTEXT() REPRESENTATION_CONTEXT('2D SPACE',''
  ) );
#6037 = PCURVE('',#6038,#6043);
#6038 = PLANE('',#6039);
#6039 = AXIS2_PLACEMENT_3D('',#6040,#6041,#6042);
#6040 = CARTESIAN_POINT('',(-23.68964102398,15.716983311203,0.));
#6041 = DIRECTION('',(-0.642787609687,-0.766044443119,0.));
#6042 = DIRECTION('',(0.,0.,1.));
#6043 = DEFINITIONAL_REPRESENTATION('',(#6044),#6047);
#6044 = B_SPLINE_CURVE_WITH_KNOTS('',1,(#6045,#6046),.UNSPECIFIED.,.F.,
  .F.,(2,2),(-6.E-07,8.0000006),.PIECEWISE_BEZIER_KNOTS.);
#6045 = CARTESIAN_POINT('',(-6.E-07,0.825803406785));
#6046 = CARTESIAN_POINT('',(8.0000006,0.825803406785));
#6047 = ( GEOMETRIC_REPRESENTATION_CONTEXT(2)
PARAMETRIC_REPRESENTATION_CONTEXT() REPRESENTATION_CONTEXT('2D SPACE',''
  ) );
#6048 = ORIENTED_EDGE('',*,*,#2979,.T.);
#6049 = ORIENTED_EDGE('',*,*,#6050,.T.);
#6050 = EDGE_CURVE('',#2980,#6002,#6051,.T.);
#6051 = SURFACE_CURVE('',#6052,(#6056,#6062),.PCURVE_S1.);
#6052 = LINE('',#6053,#6054);
#6053 = CARTESIAN_POINT('',(-26.23212869792,12.939780677253,0.));
#6054 = VECTOR('',#6055,1.);
#6055 = DIRECTION('',(0.,0.,1.));
#6056 = PCURVE('',#2996,#6057);
#6057 = DEFINITIONAL_REPRESENTATION('',(#6058),#6061);
#6058 = B_SPLINE_CURVE_WITH_KNOTS('',1,(#6059,#6060),.UNSPECIFIED.,.F.,
  .F.,(2,2),(-6.E-07,8.0000006),.PIECEWISE_BEZIER_KNOTS.);
#6059 = CARTESIAN_POINT('',(2.683335597509,-6.E-07));
#6060 = CARTESIAN_POINT('',(2.683335597509,8.0000006));
#6061 = ( GEOMETRIC_REPRESENTATION_CONTEXT(2)
PARAMETRIC_REPRESENTATION_CONTEXT() REPRESENTATION_CONTEXT('2D SPACE',''
  ) );
#6062 = PCURVE('',#6063,#6068);
#6063 = PLANE('',#6064);
#6064 = AXIS2_PLACEMENT_3D('',#6065,#6066,#6067);
#6065 = CARTESIAN_POINT('',(-25.45612733035,12.657339277705,0.));
#6066 = DIRECTION('',(-0.342020143326,-0.939692620786,0.));
#6067 = DIRECTION('',(0.,0.,1.));
#6068 = DEFINITIONAL_REPRESENTATION('',(#6069),#6072);
#6069 = B_SPLINE_CURVE_WITH_KNOTS('',1,(#6070,#6071),.UNSPECIFIED.,.F.,
  .F.,(2,2),(-6.E-07,8.0000006),.PIECEWISE_BEZIER_KNOTS.);
#6070 = CARTESIAN_POINT('',(-6.E-07,0.825803406785));
#6071 = CARTESIAN_POINT('',(8.0000006,0.825803406785));
#6072 = ( GEOMETRIC_REPRESENTATION_CONTEXT(2)
PARAMETRIC_REPRESENTATION_CONTEXT() REPRESENTATION_CONTEXT('2D SPACE',''
  ) );
#6073 = ADVANCED_FACE('',(#6074),#3305,.T.);
#6074 = FACE_BOUND('',#6075,.T.);
#6075 = EDGE_LOOP('',(#6076,#6102,#6126,#6127));
#6076 = ORIENTED_EDGE('',*,*,#6077,.F.);
#6077 = EDGE_CURVE('',#6078,#6080,#6082,.T.);
#6078 = VERTEX_POINT('',#6079);
#6079 = CARTESIAN_POINT('',(-26.23212869792,-12.93978067725,8.));
#6080 = VERTEX_POINT('',#6081);
#6081 = CARTESIAN_POINT('',(-24.32224313486,-16.24779950912,8.));
#6082 = SURFACE_CURVE('',#6083,(#6088,#6095),.PCURVE_S1.);
#6083 = CIRCLE('',#6084,29.25);
#6084 = AXIS2_PLACEMENT_3D('',#6085,#6086,#6087);
#6085 = CARTESIAN_POINT('',(0.,0.,8.));
#6086 = DIRECTION('',(0.,0.,1.));
#6087 = DIRECTION('',(1.,0.,-0.));
#6088 = PCURVE('',#3305,#6089);
#6089 = DEFINITIONAL_REPRESENTATION('',(#6090),#6094);
#6090 = LINE('',#6091,#6092);
#6091 = CARTESIAN_POINT('',(0.,8.));
#6092 = VECTOR('',#6093,1.);
#6093 = DIRECTION('',(1.,0.));
#6094 = ( GEOMETRIC_REPRESENTATION_CONTEXT(2)
PARAMETRIC_REPRESENTATION_CONTEXT() REPRESENTATION_CONTEXT('2D SPACE',''
  ) );
#6095 = PCURVE('',#4459,#6096);
#6096 = DEFINITIONAL_REPRESENTATION('',(#6097),#6101);
#6097 = CIRCLE('',#6098,29.25);
#6098 = AXIS2_PLACEMENT_2D('',#6099,#6100);
#6099 = CARTESIAN_POINT('',(0.,0.));
#6100 = DIRECTION('',(1.,0.));
#6101 = ( GEOMETRIC_REPRESENTATION_CONTEXT(2)
PARAMETRIC_REPRESENTATION_CONTEXT() REPRESENTATION_CONTEXT('2D SPACE',''
  ) );
#6102 = ORIENTED_EDGE('',*,*,#6103,.F.);
#6103 = EDGE_CURVE('',#3266,#6078,#6104,.T.);
#6104 = SURFACE_CURVE('',#6105,(#6109,#6115),.PCURVE_S1.);
#6105 = LINE('',#6106,#6107);
#6106 = CARTESIAN_POINT('',(-26.23212869792,-12.93978067725,0.));
#6107 = VECTOR('',#6108,1.);
#6108 = DIRECTION('',(0.,0.,1.));
#6109 = PCURVE('',#3305,#6110);
#6110 = DEFINITIONAL_REPRESENTATION('',(#6111),#6114);
#6111 = B_SPLINE_CURVE_WITH_KNOTS('',1,(#6112,#6113),.UNSPECIFIED.,.F.,
  .F.,(2,2),(-6.E-07,8.0000006),.PIECEWISE_BEZIER_KNOTS.);
#6112 = CARTESIAN_POINT('',(3.59984970967,-6.E-07));
#6113 = CARTESIAN_POINT('',(3.59984970967,8.0000006));
#6114 = ( GEOMETRIC_REPRESENTATION_CONTEXT(2)
PARAMETRIC_REPRESENTATION_CONTEXT() REPRESENTATION_CONTEXT('2D SPACE',''
  ) );
#6115 = PCURVE('',#6116,#6121);
#6116 = PLANE('',#6117);
#6117 = AXIS2_PLACEMENT_3D('',#6118,#6119,#6120);
#6118 = CARTESIAN_POINT('',(-25.45612733035,-12.6573392777,0.));
#6119 = DIRECTION('',(0.342020143326,-0.939692620786,0.));
#6120 = DIRECTION('',(0.,0.,1.));
#6121 = DEFINITIONAL_REPRESENTATION('',(#6122),#6125);
#6122 = B_SPLINE_CURVE_WITH_KNOTS('',1,(#6123,#6124),.UNSPECIFIED.,.F.,
  .F.,(2,2),(-6.E-07,8.0000006),.PIECEWISE_BEZIER_KNOTS.);
#6123 = CARTESIAN_POINT('',(-6.E-07,0.825803406785));
#6124 = CARTESIAN_POINT('',(8.0000006,0.825803406785));
#6125 = ( GEOMETRIC_REPRESENTATION_CONTEXT(2)
PARAMETRIC_REPRESENTATION_CONTEXT() REPRESENTATION_CONTEXT('2D SPACE',''
  ) );
#6126 = ORIENTED_EDGE('',*,*,#3288,.T.);
#6127 = ORIENTED_EDGE('',*,*,#6128,.T.);
#6128 = EDGE_CURVE('',#3289,#6080,#6129,.T.);
#6129 = SURFACE_CURVE('',#6130,(#6134,#6140),.PCURVE_S1.);
#6130 = LINE('',#6131,#6132);
#6131 = CARTESIAN_POINT('',(-24.32224313486,-16.24779950912,0.));
#6132 = VECTOR('',#6133,1.);
#6133 = DIRECTION('',(0.,0.,1.));
#6134 = PCURVE('',#3305,#6135);
#6135 = DEFINITIONAL_REPRESENTATION('',(#6136),#6139);
#6136 = B_SPLINE_CURVE_WITH_KNOTS('',1,(#6137,#6138),.UNSPECIFIED.,.F.,
  .F.,(2,2),(-6.E-07,8.0000006),.PIECEWISE_BEZIER_KNOTS.);
#6137 = CARTESIAN_POINT('',(3.730533148706,-6.E-07));
#6138 = CARTESIAN_POINT('',(3.730533148706,8.0000006));
#6139 = ( GEOMETRIC_REPRESENTATION_CONTEXT(2)
PARAMETRIC_REPRESENTATION_CONTEXT() REPRESENTATION_CONTEXT('2D SPACE',''
  ) );
#6140 = PCURVE('',#6141,#6146);
#6141 = PLANE('',#6142);
#6142 = AXIS2_PLACEMENT_3D('',#6143,#6144,#6145);
#6143 = CARTESIAN_POINT('',(-23.68964102398,-15.7169833112,0.));
#6144 = DIRECTION('',(0.642787609687,-0.766044443119,0.));
#6145 = DIRECTION('',(0.,0.,1.));
#6146 = DEFINITIONAL_REPRESENTATION('',(#6147),#6150);
#6147 = B_SPLINE_CURVE_WITH_KNOTS('',1,(#6148,#6149),.UNSPECIFIED.,.F.,
  .F.,(2,2),(-6.E-07,8.0000006),.PIECEWISE_BEZIER_KNOTS.);
#6148 = CARTESIAN_POINT('',(-6.E-07,0.825803406785));
#6149 = CARTESIAN_POINT('',(8.0000006,0.825803406785));
#6150 = ( GEOMETRIC_REPRESENTATION_CONTEXT(2)
PARAMETRIC_REPRESENTATION_CONTEXT() REPRESENTATION_CONTEXT('2D SPACE',''
  ) );
#6151 = ADVANCED_FACE('',(#6152),#3024,.F.);
#6152 = FACE_BOUND('',#6153,.F.);
#6153 = EDGE_LOOP('',(#6154,#6181,#6182,#6183));
#6154 = ORIENTED_EDGE('',*,*,#6155,.T.);
#6155 = EDGE_CURVE('',#2980,#3060,#6156,.T.);
#6156 = SURFACE_CURVE('',#6157,(#6162,#6169),.PCURVE_S1.);
#6157 = CIRCLE('',#6158,29.25);
#6158 = AXIS2_PLACEMENT_3D('',#6159,#6160,#6161);
#6159 = CARTESIAN_POINT('',(0.,0.,0.));
#6160 = DIRECTION('',(0.,0.,1.));
#6161 = DIRECTION('',(1.,0.,-0.));
#6162 = PCURVE('',#3024,#6163);
#6163 = DEFINITIONAL_REPRESENTATION('',(#6164),#6168);
#6164 = CIRCLE('',#6165,29.25);
#6165 = AXIS2_PLACEMENT_2D('',#6166,#6167);
#6166 = CARTESIAN_POINT('',(0.,0.));
#6167 = DIRECTION('',(1.,0.));
#6168 = ( GEOMETRIC_REPRESENTATION_CONTEXT(2)
PARAMETRIC_REPRESENTATION_CONTEXT() REPRESENTATION_CONTEXT('2D SPACE',''
  ) );
#6169 = PCURVE('',#6170,#6175);
#6170 = PLANE('',#6171);
#6171 = AXIS2_PLACEMENT_3D('',#6172,#6173,#6174);
#6172 = CARTESIAN_POINT('',(-25.45612733035,12.657339277705,0.));
#6173 = DIRECTION('',(0.,0.,1.));
#6174 = DIRECTION('',(-0.939692620786,0.342020143326,0.));
#6175 = DEFINITIONAL_REPRESENTATION('',(#6176),#6180);
#6176 = CIRCLE('',#6177,29.25);
#6177 = AXIS2_PLACEMENT_2D('',#6178,#6179);
#6178 = CARTESIAN_POINT('',(-28.25,3.1875));
#6179 = DIRECTION('',(-0.939692620786,-0.342020143326));
#6180 = ( GEOMETRIC_REPRESENTATION_CONTEXT(2)
PARAMETRIC_REPRESENTATION_CONTEXT() REPRESENTATION_CONTEXT('2D SPACE',''
  ) );
#6181 = ORIENTED_EDGE('',*,*,#3059,.F.);
#6182 = ORIENTED_EDGE('',*,*,#3036,.F.);
#6183 = ORIENTED_EDGE('',*,*,#3008,.T.);
#6184 = ADVANCED_FACE('',(#6185),#3230,.F.);
#6185 = FACE_BOUND('',#6186,.F.);
#6186 = EDGE_LOOP('',(#6187,#6214,#6215,#6216));
#6187 = ORIENTED_EDGE('',*,*,#6188,.T.);
#6188 = EDGE_CURVE('',#3186,#3266,#6189,.T.);
#6189 = SURFACE_CURVE('',#6190,(#6195,#6202),.PCURVE_S1.);
#6190 = CIRCLE('',#6191,29.25);
#6191 = AXIS2_PLACEMENT_3D('',#6192,#6193,#6194);
#6192 = CARTESIAN_POINT('',(0.,0.,0.));
#6193 = DIRECTION('',(0.,0.,1.));
#6194 = DIRECTION('',(1.,0.,-0.));
#6195 = PCURVE('',#3230,#6196);
#6196 = DEFINITIONAL_REPRESENTATION('',(#6197),#6201);
#6197 = CIRCLE('',#6198,29.25);
#6198 = AXIS2_PLACEMENT_2D('',#6199,#6200);
#6199 = CARTESIAN_POINT('',(0.,0.));
#6200 = DIRECTION('',(1.,0.));
#6201 = ( GEOMETRIC_REPRESENTATION_CONTEXT(2)
PARAMETRIC_REPRESENTATION_CONTEXT() REPRESENTATION_CONTEXT('2D SPACE',''
  ) );
#6202 = PCURVE('',#6203,#6208);
#6203 = PLANE('',#6204);
#6204 = AXIS2_PLACEMENT_3D('',#6205,#6206,#6207);
#6205 = CARTESIAN_POINT('',(-27.63650574405,-6.666798820195,0.));
#6206 = DIRECTION('',(0.,0.,1.));
#6207 = DIRECTION('',(-0.939692620786,-0.342020143326,0.));
#6208 = DEFINITIONAL_REPRESENTATION('',(#6209),#6213);
#6209 = CIRCLE('',#6210,29.25);
#6210 = AXIS2_PLACEMENT_2D('',#6211,#6212);
#6211 = CARTESIAN_POINT('',(-28.25,3.1875));
#6212 = DIRECTION('',(-0.939692620786,0.342020143326));
#6213 = ( GEOMETRIC_REPRESENTATION_CONTEXT(2)
PARAMETRIC_REPRESENTATION_CONTEXT() REPRESENTATION_CONTEXT('2D SPACE',''
  ) );
#6214 = ORIENTED_EDGE('',*,*,#3265,.F.);
#6215 = ORIENTED_EDGE('',*,*,#3242,.F.);
#6216 = ORIENTED_EDGE('',*,*,#3214,.T.);
#6217 = ADVANCED_FACE('',(#6218),#3099,.T.);
#6218 = FACE_BOUND('',#6219,.T.);
#6219 = EDGE_LOOP('',(#6220,#6246,#6270,#6271));
#6220 = ORIENTED_EDGE('',*,*,#6221,.F.);
#6221 = EDGE_CURVE('',#6222,#6224,#6226,.T.);
#6222 = VERTEX_POINT('',#6223);
#6223 = CARTESIAN_POINT('',(-28.41250711162,6.949240219743,8.));
#6224 = VERTEX_POINT('',#6225);
#6225 = CARTESIAN_POINT('',(-29.07580340678,3.1875,8.));
#6226 = SURFACE_CURVE('',#6227,(#6232,#6239),.PCURVE_S1.);
#6227 = CIRCLE('',#6228,29.25);
#6228 = AXIS2_PLACEMENT_3D('',#6229,#6230,#6231);
#6229 = CARTESIAN_POINT('',(0.,0.,8.));
#6230 = DIRECTION('',(0.,0.,1.));
#6231 = DIRECTION('',(1.,0.,-0.));
#6232 = PCURVE('',#3099,#6233);
#6233 = DEFINITIONAL_REPRESENTATION('',(#6234),#6238);
#6234 = LINE('',#6235,#6236);
#6235 = CARTESIAN_POINT('',(0.,8.));
#6236 = VECTOR('',#6237,1.);
#6237 = DIRECTION('',(1.,0.));
#6238 = ( GEOMETRIC_REPRESENTATION_CONTEXT(2)
PARAMETRIC_REPRESENTATION_CONTEXT() REPRESENTATION_CONTEXT('2D SPACE',''
  ) );
#6239 = PCURVE('',#4459,#6240);
#6240 = DEFINITIONAL_REPRESENTATION('',(#6241),#6245);
#6241 = CIRCLE('',#6242,29.25);
#6242 = AXIS2_PLACEMENT_2D('',#6243,#6244);
#6243 = CARTESIAN_POINT('',(0.,0.));
#6244 = DIRECTION('',(1.,0.));
#6245 = ( GEOMETRIC_REPRESENTATION_CONTEXT(2)
PARAMETRIC_REPRESENTATION_CONTEXT() REPRESENTATION_CONTEXT('2D SPACE',''
  ) );
#6246 = ORIENTED_EDGE('',*,*,#6247,.F.);
#6247 = EDGE_CURVE('',#3060,#6222,#6248,.T.);
#6248 = SURFACE_CURVE('',#6249,(#6253,#6259),.PCURVE_S1.);
#6249 = LINE('',#6250,#6251);
#6250 = CARTESIAN_POINT('',(-28.41250711162,6.949240219742,0.));
#6251 = VECTOR('',#6252,1.);
#6252 = DIRECTION('',(0.,0.,1.));
#6253 = PCURVE('',#3099,#6254);
#6254 = DEFINITIONAL_REPRESENTATION('',(#6255),#6258);
#6255 = B_SPLINE_CURVE_WITH_KNOTS('',1,(#6256,#6257),.UNSPECIFIED.,.F.,
  .F.,(2,2),(-6.E-07,8.0000006),.PIECEWISE_BEZIER_KNOTS.);
#6256 = CARTESIAN_POINT('',(2.901718008872,-6.E-07));
#6257 = CARTESIAN_POINT('',(2.901718008872,8.0000006));
#6258 = ( GEOMETRIC_REPRESENTATION_CONTEXT(2)
PARAMETRIC_REPRESENTATION_CONTEXT() REPRESENTATION_CONTEXT('2D SPACE',''
  ) );
#6259 = PCURVE('',#6260,#6265);
#6260 = PLANE('',#6261);
#6261 = AXIS2_PLACEMENT_3D('',#6262,#6263,#6264);
#6262 = CARTESIAN_POINT('',(-27.63650574405,6.666798820195,0.));
#6263 = DIRECTION('',(-0.342020143326,-0.939692620786,0.));
#6264 = DIRECTION('',(0.,0.,1.));
#6265 = DEFINITIONAL_REPRESENTATION('',(#6266),#6269);
#6266 = B_SPLINE_CURVE_WITH_KNOTS('',1,(#6267,#6268),.UNSPECIFIED.,.F.,
  .F.,(2,2),(-6.E-07,8.0000006),.PIECEWISE_BEZIER_KNOTS.);
#6267 = CARTESIAN_POINT('',(-6.E-07,0.825803406785));
#6268 = CARTESIAN_POINT('',(8.0000006,0.825803406785));
#6269 = ( GEOMETRIC_REPRESENTATION_CONTEXT(2)
PARAMETRIC_REPRESENTATION_CONTEXT() REPRESENTATION_CONTEXT('2D SPACE',''
  ) );
#6270 = ORIENTED_EDGE('',*,*,#3082,.T.);
#6271 = ORIENTED_EDGE('',*,*,#6272,.T.);
#6272 = EDGE_CURVE('',#3083,#6224,#6273,.T.);
#6273 = SURFACE_CURVE('',#6274,(#6278,#6284),.PCURVE_S1.);
#6274 = LINE('',#6275,#6276);
#6275 = CARTESIAN_POINT('',(-29.07580340678,3.1875,0.));
#6276 = VECTOR('',#6277,1.);
#6277 = DIRECTION('',(0.,0.,1.));
#6278 = PCURVE('',#3099,#6279);
#6279 = DEFINITIONAL_REPRESENTATION('',(#6280),#6283);
#6280 = B_SPLINE_CURVE_WITH_KNOTS('',1,(#6281,#6282),.UNSPECIFIED.,.F.,
  .F.,(2,2),(-6.E-07,8.0000006),.PIECEWISE_BEZIER_KNOTS.);
#6281 = CARTESIAN_POINT('',(3.032401447908,-6.E-07));
#6282 = CARTESIAN_POINT('',(3.032401447908,8.0000006));
#6283 = ( GEOMETRIC_REPRESENTATION_CONTEXT(2)
PARAMETRIC_REPRESENTATION_CONTEXT() REPRESENTATION_CONTEXT('2D SPACE',''
  ) );
#6284 = PCURVE('',#6285,#6290);
#6285 = PLANE('',#6286);
#6286 = AXIS2_PLACEMENT_3D('',#6287,#6288,#6289);
#6287 = CARTESIAN_POINT('',(-28.25,3.1875,0.));
#6288 = DIRECTION('',(-1.224646799147E-16,-1.,0.));
#6289 = DIRECTION('',(0.,0.,1.));
#6290 = DEFINITIONAL_REPRESENTATION('',(#6291),#6294);
#6291 = B_SPLINE_CURVE_WITH_KNOTS('',1,(#6292,#6293),.UNSPECIFIED.,.F.,
  .F.,(2,2),(-6.E-07,8.0000006),.PIECEWISE_BEZIER_KNOTS.);
#6292 = CARTESIAN_POINT('',(-6.E-07,0.825803406785));
#6293 = CARTESIAN_POINT('',(8.0000006,0.825803406785));
#6294 = ( GEOMETRIC_REPRESENTATION_CONTEXT(2)
PARAMETRIC_REPRESENTATION_CONTEXT() REPRESENTATION_CONTEXT('2D SPACE',''
  ) );
#6295 = ADVANCED_FACE('',(#6296),#3202,.T.);
#6296 = FACE_BOUND('',#6297,.T.);
#6297 = EDGE_LOOP('',(#6298,#6324,#6348,#6349));
#6298 = ORIENTED_EDGE('',*,*,#6299,.F.);
#6299 = EDGE_CURVE('',#6300,#6302,#6304,.T.);
#6300 = VERTEX_POINT('',#6301);
#6301 = CARTESIAN_POINT('',(-29.07580340678,-3.1875,8.));
#6302 = VERTEX_POINT('',#6303);
#6303 = CARTESIAN_POINT('',(-28.41250711162,-6.949240219742,8.));
#6304 = SURFACE_CURVE('',#6305,(#6310,#6317),.PCURVE_S1.);
#6305 = CIRCLE('',#6306,29.25);
#6306 = AXIS2_PLACEMENT_3D('',#6307,#6308,#6309);
#6307 = CARTESIAN_POINT('',(0.,0.,8.));
#6308 = DIRECTION('',(0.,0.,1.));
#6309 = DIRECTION('',(1.,0.,-0.));
#6310 = PCURVE('',#3202,#6311);
#6311 = DEFINITIONAL_REPRESENTATION('',(#6312),#6316);
#6312 = LINE('',#6313,#6314);
#6313 = CARTESIAN_POINT('',(0.,8.));
#6314 = VECTOR('',#6315,1.);
#6315 = DIRECTION('',(1.,0.));
#6316 = ( GEOMETRIC_REPRESENTATION_CONTEXT(2)
PARAMETRIC_REPRESENTATION_CONTEXT() REPRESENTATION_CONTEXT('2D SPACE',''
  ) );
#6317 = PCURVE('',#4459,#6318);
#6318 = DEFINITIONAL_REPRESENTATION('',(#6319),#6323);
#6319 = CIRCLE('',#6320,29.25);
#6320 = AXIS2_PLACEMENT_2D('',#6321,#6322);
#6321 = CARTESIAN_POINT('',(0.,0.));
#6322 = DIRECTION('',(1.,0.));
#6323 = ( GEOMETRIC_REPRESENTATION_CONTEXT(2)
PARAMETRIC_REPRESENTATION_CONTEXT() REPRESENTATION_CONTEXT('2D SPACE',''
  ) );
#6324 = ORIENTED_EDGE('',*,*,#6325,.F.);
#6325 = EDGE_CURVE('',#3163,#6300,#6326,.T.);
#6326 = SURFACE_CURVE('',#6327,(#6331,#6337),.PCURVE_S1.);
#6327 = LINE('',#6328,#6329);
#6328 = CARTESIAN_POINT('',(-29.07580340678,-3.1875,0.));
#6329 = VECTOR('',#6330,1.);
#6330 = DIRECTION('',(0.,0.,1.));
#6331 = PCURVE('',#3202,#6332);
#6332 = DEFINITIONAL_REPRESENTATION('',(#6333),#6336);
#6333 = B_SPLINE_CURVE_WITH_KNOTS('',1,(#6334,#6335),.UNSPECIFIED.,.F.,
  .F.,(2,2),(-6.E-07,8.0000006),.PIECEWISE_BEZIER_KNOTS.);
#6334 = CARTESIAN_POINT('',(3.250783859271,-6.E-07));
#6335 = CARTESIAN_POINT('',(3.250783859271,8.0000006));
#6336 = ( GEOMETRIC_REPRESENTATION_CONTEXT(2)
PARAMETRIC_REPRESENTATION_CONTEXT() REPRESENTATION_CONTEXT('2D SPACE',''
  ) );
#6337 = PCURVE('',#6338,#6343);
#6338 = PLANE('',#6339);
#6339 = AXIS2_PLACEMENT_3D('',#6340,#6341,#6342);
#6340 = CARTESIAN_POINT('',(-28.25,-3.1875,0.));
#6341 = DIRECTION('',(-1.224646799147E-16,-1.,0.));
#6342 = DIRECTION('',(0.,0.,1.));
#6343 = DEFINITIONAL_REPRESENTATION('',(#6344),#6347);
#6344 = B_SPLINE_CURVE_WITH_KNOTS('',1,(#6345,#6346),.UNSPECIFIED.,.F.,
  .F.,(2,2),(-6.E-07,8.0000006),.PIECEWISE_BEZIER_KNOTS.);
#6345 = CARTESIAN_POINT('',(-6.E-07,0.825803406785));
#6346 = CARTESIAN_POINT('',(8.0000006,0.825803406785));
#6347 = ( GEOMETRIC_REPRESENTATION_CONTEXT(2)
PARAMETRIC_REPRESENTATION_CONTEXT() REPRESENTATION_CONTEXT('2D SPACE',''
  ) );
#6348 = ORIENTED_EDGE('',*,*,#3185,.T.);
#6349 = ORIENTED_EDGE('',*,*,#6350,.T.);
#6350 = EDGE_CURVE('',#3186,#6302,#6351,.T.);
#6351 = SURFACE_CURVE('',#6352,(#6356,#6362),.PCURVE_S1.);
#6352 = LINE('',#6353,#6354);
#6353 = CARTESIAN_POINT('',(-28.41250711162,-6.949240219742,0.));
#6354 = VECTOR('',#6355,1.);
#6355 = DIRECTION('',(0.,0.,1.));
#6356 = PCURVE('',#3202,#6357);
#6357 = DEFINITIONAL_REPRESENTATION('',(#6358),#6361);
#6358 = B_SPLINE_CURVE_WITH_KNOTS('',1,(#6359,#6360),.UNSPECIFIED.,.F.,
  .F.,(2,2),(-6.E-07,8.0000006),.PIECEWISE_BEZIER_KNOTS.);
#6359 = CARTESIAN_POINT('',(3.381467298307,-6.E-07));
#6360 = CARTESIAN_POINT('',(3.381467298307,8.0000006));
#6361 = ( GEOMETRIC_REPRESENTATION_CONTEXT(2)
PARAMETRIC_REPRESENTATION_CONTEXT() REPRESENTATION_CONTEXT('2D SPACE',''
  ) );
#6362 = PCURVE('',#6363,#6368);
#6363 = PLANE('',#6364);
#6364 = AXIS2_PLACEMENT_3D('',#6365,#6366,#6367);
#6365 = CARTESIAN_POINT('',(-27.63650574405,-6.666798820195,0.));
#6366 = DIRECTION('',(0.342020143326,-0.939692620786,0.));
#6367 = DIRECTION('',(0.,0.,1.));
#6368 = DEFINITIONAL_REPRESENTATION('',(#6369),#6372);
#6369 = B_SPLINE_CURVE_WITH_KNOTS('',1,(#6370,#6371),.UNSPECIFIED.,.F.,
  .F.,(2,2),(-6.E-07,8.0000006),.PIECEWISE_BEZIER_KNOTS.);
#6370 = CARTESIAN_POINT('',(-6.E-07,0.825803406785));
#6371 = CARTESIAN_POINT('',(8.0000006,0.825803406785));
#6372 = ( GEOMETRIC_REPRESENTATION_CONTEXT(2)
PARAMETRIC_REPRESENTATION_CONTEXT() REPRESENTATION_CONTEXT('2D SPACE',''
  ) );
#6373 = ADVANCED_FACE('',(#6374),#3127,.F.);
#6374 = FACE_BOUND('',#6375,.F.);
#6375 = EDGE_LOOP('',(#6376,#6403,#6404,#6405));
#6376 = ORIENTED_EDGE('',*,*,#6377,.T.);
#6377 = EDGE_CURVE('',#3083,#3163,#6378,.T.);
#6378 = SURFACE_CURVE('',#6379,(#6384,#6391),.PCURVE_S1.);
#6379 = CIRCLE('',#6380,29.25);
#6380 = AXIS2_PLACEMENT_3D('',#6381,#6382,#6383);
#6381 = CARTESIAN_POINT('',(0.,0.,0.));
#6382 = DIRECTION('',(0.,0.,1.));
#6383 = DIRECTION('',(1.,0.,-0.));
#6384 = PCURVE('',#3127,#6385);
#6385 = DEFINITIONAL_REPRESENTATION('',(#6386),#6390);
#6386 = CIRCLE('',#6387,29.25);
#6387 = AXIS2_PLACEMENT_2D('',#6388,#6389);
#6388 = CARTESIAN_POINT('',(0.,0.));
#6389 = DIRECTION('',(1.,0.));
#6390 = ( GEOMETRIC_REPRESENTATION_CONTEXT(2)
PARAMETRIC_REPRESENTATION_CONTEXT() REPRESENTATION_CONTEXT('2D SPACE',''
  ) );
#6391 = PCURVE('',#6392,#6397);
#6392 = PLANE('',#6393);
#6393 = AXIS2_PLACEMENT_3D('',#6394,#6395,#6396);
#6394 = CARTESIAN_POINT('',(-28.25,3.1875,0.));
#6395 = DIRECTION('',(0.,0.,1.));
#6396 = DIRECTION('',(-1.,1.224646799147E-16,0.));
#6397 = DEFINITIONAL_REPRESENTATION('',(#6398),#6402);
#6398 = CIRCLE('',#6399,29.25);
#6399 = AXIS2_PLACEMENT_2D('',#6400,#6401);
#6400 = CARTESIAN_POINT('',(-28.25,3.1875));
#6401 = DIRECTION('',(-1.,-1.224646799147E-16));
#6402 = ( GEOMETRIC_REPRESENTATION_CONTEXT(2)
PARAMETRIC_REPRESENTATION_CONTEXT() REPRESENTATION_CONTEXT('2D SPACE',''
  ) );
#6403 = ORIENTED_EDGE('',*,*,#3162,.F.);
#6404 = ORIENTED_EDGE('',*,*,#3139,.F.);
#6405 = ORIENTED_EDGE('',*,*,#3111,.T.);
#6406 = ADVANCED_FACE('',(#6407),#4078,.F.);
#6407 = FACE_BOUND('',#6408,.F.);
#6408 = EDGE_LOOP('',(#6409,#6432,#6461,#6487,#6511,#6532,#6554,#6555));
#6409 = ORIENTED_EDGE('',*,*,#6410,.T.);
#6410 = EDGE_CURVE('',#4062,#6411,#6413,.T.);
#6411 = VERTEX_POINT('',#6412);
#6412 = CARTESIAN_POINT('',(-10.5306964108,-13.6506964108,9.));
#6413 = SEAM_CURVE('',#6414,(#6418,#6425),.PCURVE_S1.);
#6414 = LINE('',#6415,#6416);
#6415 = CARTESIAN_POINT('',(-10.5306964108,-13.6506964108,-1.));
#6416 = VECTOR('',#6417,1.);
#6417 = DIRECTION('',(0.,0.,1.));
#6418 = PCURVE('',#4078,#6419);
#6419 = DEFINITIONAL_REPRESENTATION('',(#6420),#6424);
#6420 = LINE('',#6421,#6422);
#6421 = CARTESIAN_POINT('',(6.28318530718,-0.));
#6422 = VECTOR('',#6423,1.);
#6423 = DIRECTION('',(0.,1.));
#6424 = ( GEOMETRIC_REPRESENTATION_CONTEXT(2)
PARAMETRIC_REPRESENTATION_CONTEXT() REPRESENTATION_CONTEXT('2D SPACE',''
  ) );
#6425 = PCURVE('',#4078,#6426);
#6426 = DEFINITIONAL_REPRESENTATION('',(#6427),#6431);
#6427 = LINE('',#6428,#6429);
#6428 = CARTESIAN_POINT('',(0.,-0.));
#6429 = VECTOR('',#6430,1.);
#6430 = DIRECTION('',(0.,1.));
#6431 = ( GEOMETRIC_REPRESENTATION_CONTEXT(2)
PARAMETRIC_REPRESENTATION_CONTEXT() REPRESENTATION_CONTEXT('2D SPACE',''
  ) );
#6432 = ORIENTED_EDGE('',*,*,#6433,.F.);
#6433 = EDGE_CURVE('',#6434,#6411,#6436,.T.);
#6434 = VERTEX_POINT('',#6435);
#6435 = CARTESIAN_POINT('',(-11.56574173921,-15.97176599558,9.));
#6436 = SURFACE_CURVE('',#6437,(#6442,#6449),.PCURVE_S1.);
#6437 = CIRCLE('',#6438,3.12);
#6438 = AXIS2_PLACEMENT_3D('',#6439,#6440,#6441);
#6439 = CARTESIAN_POINT('',(-13.6506964108,-13.6506964108,9.));
#6440 = DIRECTION('',(0.,0.,1.));
#6441 = DIRECTION('',(1.,0.,-0.));
#6442 = PCURVE('',#4078,#6443);
#6443 = DEFINITIONAL_REPRESENTATION('',(#6444),#6448);
#6444 = LINE('',#6445,#6446);
#6445 = CARTESIAN_POINT('',(0.,10.));
#6446 = VECTOR('',#6447,1.);
#6447 = DIRECTION('',(1.,0.));
#6448 = ( GEOMETRIC_REPRESENTATION_CONTEXT(2)
PARAMETRIC_REPRESENTATION_CONTEXT() REPRESENTATION_CONTEXT('2D SPACE',''
  ) );
#6449 = PCURVE('',#6450,#6455);
#6450 = PLANE('',#6451);
#6451 = AXIS2_PLACEMENT_3D('',#6452,#6453,#6454);
#6452 = CARTESIAN_POINT('',(-13.6506964108,-13.6506964108,9.));
#6453 = DIRECTION('',(0.,0.,1.));
#6454 = DIRECTION('',(1.,0.,-0.));
#6455 = DEFINITIONAL_REPRESENTATION('',(#6456),#6460);
#6456 = CIRCLE('',#6457,3.12);
#6457 = AXIS2_PLACEMENT_2D('',#6458,#6459);
#6458 = CARTESIAN_POINT('',(0.,0.));
#6459 = DIRECTION('',(1.,0.));
#6460 = ( GEOMETRIC_REPRESENTATION_CONTEXT(2)
PARAMETRIC_REPRESENTATION_CONTEXT() REPRESENTATION_CONTEXT('2D SPACE',''
  ) );
#6461 = ORIENTED_EDGE('',*,*,#6462,.F.);
#6462 = EDGE_CURVE('',#6463,#6434,#6465,.T.);
#6463 = VERTEX_POINT('',#6464);
#6464 = CARTESIAN_POINT('',(-11.56574173921,-15.97176599558,8.));
#6465 = SURFACE_CURVE('',#6466,(#6470,#6476),.PCURVE_S1.);
#6466 = LINE('',#6467,#6468);
#6467 = CARTESIAN_POINT('',(-11.56574173921,-15.97176599558,-1.));
#6468 = VECTOR('',#6469,1.);
#6469 = DIRECTION('',(0.,0.,1.));
#6470 = PCURVE('',#4078,#6471);
#6471 = DEFINITIONAL_REPRESENTATION('',(#6472),#6475);
#6472 = B_SPLINE_CURVE_WITH_KNOTS('',1,(#6473,#6474),.UNSPECIFIED.,.F.,
  .F.,(2,2),(7.7,10.0000006),.PIECEWISE_BEZIER_KNOTS.);
#6473 = CARTESIAN_POINT('',(5.44424924572,7.7));
#6474 = CARTESIAN_POINT('',(5.44424924572,10.0000006));
#6475 = ( GEOMETRIC_REPRESENTATION_CONTEXT(2)
PARAMETRIC_REPRESENTATION_CONTEXT() REPRESENTATION_CONTEXT('2D SPACE',''
  ) );
#6476 = PCURVE('',#6477,#6482);
#6477 = PLANE('',#6478);
#6478 = AXIS2_PLACEMENT_3D('',#6479,#6480,#6481);
#6479 = CARTESIAN_POINT('',(-20.785,0.,7.5));
#6480 = DIRECTION('',(0.866073420066,0.499916824138,-0.));
#6481 = DIRECTION('',(0.499916824138,-0.866073420066,0.));
#6482 = DEFINITIONAL_REPRESENTATION('',(#6483),#6486);
#6483 = B_SPLINE_CURVE_WITH_KNOTS('',1,(#6484,#6485),.UNSPECIFIED.,.F.,
  .F.,(2,2),(7.7,10.0000006),.PIECEWISE_BEZIER_KNOTS.);
#6484 = CARTESIAN_POINT('',(18.441584310924,0.8));
#6485 = CARTESIAN_POINT('',(18.441584310924,-1.5000006));
#6486 = ( GEOMETRIC_REPRESENTATION_CONTEXT(2)
PARAMETRIC_REPRESENTATION_CONTEXT() REPRESENTATION_CONTEXT('2D SPACE',''
  ) );
#6487 = ORIENTED_EDGE('',*,*,#6488,.F.);
#6488 = EDGE_CURVE('',#6489,#6463,#6491,.T.);
#6489 = VERTEX_POINT('',#6490);
#6490 = CARTESIAN_POINT('',(-14.61775453854,-10.68435209876,8.));
#6491 = SURFACE_CURVE('',#6492,(#6497,#6504),.PCURVE_S1.);
#6492 = CIRCLE('',#6493,3.12);
#6493 = AXIS2_PLACEMENT_3D('',#6494,#6495,#6496);
#6494 = CARTESIAN_POINT('',(-13.6506964108,-13.6506964108,8.));
#6495 = DIRECTION('',(0.,0.,1.));
#6496 = DIRECTION('',(1.,0.,-0.));
#6497 = PCURVE('',#4078,#6498);
#6498 = DEFINITIONAL_REPRESENTATION('',(#6499),#6503);
#6499 = LINE('',#6500,#6501);
#6500 = CARTESIAN_POINT('',(0.,9.));
#6501 = VECTOR('',#6502,1.);
#6502 = DIRECTION('',(1.,0.));
#6503 = ( GEOMETRIC_REPRESENTATION_CONTEXT(2)
PARAMETRIC_REPRESENTATION_CONTEXT() REPRESENTATION_CONTEXT('2D SPACE',''
  ) );
#6504 = PCURVE('',#4459,#6505);
#6505 = DEFINITIONAL_REPRESENTATION('',(#6506),#6510);
#6506 = CIRCLE('',#6507,3.12);
#6507 = AXIS2_PLACEMENT_2D('',#6508,#6509);
#6508 = CARTESIAN_POINT('',(-13.6506964108,-13.6506964108));
#6509 = DIRECTION('',(1.,0.));
#6510 = ( GEOMETRIC_REPRESENTATION_CONTEXT(2)
PARAMETRIC_REPRESENTATION_CONTEXT() REPRESENTATION_CONTEXT('2D SPACE',''
  ) );
#6511 = ORIENTED_EDGE('',*,*,#6512,.T.);
#6512 = EDGE_CURVE('',#6489,#6513,#6515,.T.);
#6513 = VERTEX_POINT('',#6514);
#6514 = CARTESIAN_POINT('',(-14.61775453854,-10.68435209876,9.));
#6515 = SURFACE_CURVE('',#6516,(#6520,#6526),.PCURVE_S1.);
#6516 = LINE('',#6517,#6518);
#6517 = CARTESIAN_POINT('',(-14.61775453854,-10.68435209876,-1.));
#6518 = VECTOR('',#6519,1.);
#6519 = DIRECTION('',(0.,0.,1.));
#6520 = PCURVE('',#4078,#6521);
#6521 = DEFINITIONAL_REPRESENTATION('',(#6522),#6525);
#6522 = B_SPLINE_CURVE_WITH_KNOTS('',1,(#6523,#6524),.UNSPECIFIED.,.F.,
  .F.,(2,2),(7.7,10.0000006),.PIECEWISE_BEZIER_KNOTS.);
#6523 = CARTESIAN_POINT('',(1.885941531556,7.7));
#6524 = CARTESIAN_POINT('',(1.885941531556,10.0000006));
#6525 = ( GEOMETRIC_REPRESENTATION_CONTEXT(2)
PARAMETRIC_REPRESENTATION_CONTEXT() REPRESENTATION_CONTEXT('2D SPACE',''
  ) );
#6526 = PCURVE('',#6477,#6527);
#6527 = DEFINITIONAL_REPRESENTATION('',(#6528),#6531);
#6528 = B_SPLINE_CURVE_WITH_KNOTS('',1,(#6529,#6530),.UNSPECIFIED.,.F.,
  .F.,(2,2),(7.7,10.0000006),.PIECEWISE_BEZIER_KNOTS.);
#6529 = CARTESIAN_POINT('',(12.336543128131,0.8));
#6530 = CARTESIAN_POINT('',(12.336543128131,-1.5000006));
#6531 = ( GEOMETRIC_REPRESENTATION_CONTEXT(2)
PARAMETRIC_REPRESENTATION_CONTEXT() REPRESENTATION_CONTEXT('2D SPACE',''
  ) );
#6532 = ORIENTED_EDGE('',*,*,#6533,.F.);
#6533 = EDGE_CURVE('',#6411,#6513,#6534,.T.);
#6534 = SURFACE_CURVE('',#6535,(#6540,#6547),.PCURVE_S1.);
#6535 = CIRCLE('',#6536,3.12);
#6536 = AXIS2_PLACEMENT_3D('',#6537,#6538,#6539);
#6537 = CARTESIAN_POINT('',(-13.6506964108,-13.6506964108,9.));
#6538 = DIRECTION('',(0.,0.,1.));
#6539 = DIRECTION('',(1.,0.,-0.));
#6540 = PCURVE('',#4078,#6541);
#6541 = DEFINITIONAL_REPRESENTATION('',(#6542),#6546);
#6542 = LINE('',#6543,#6544);
#6543 = CARTESIAN_POINT('',(0.,10.));
#6544 = VECTOR('',#6545,1.);
#6545 = DIRECTION('',(1.,0.));
#6546 = ( GEOMETRIC_REPRESENTATION_CONTEXT(2)
PARAMETRIC_REPRESENTATION_CONTEXT() REPRESENTATION_CONTEXT('2D SPACE',''
  ) );
#6547 = PCURVE('',#6450,#6548);
#6548 = DEFINITIONAL_REPRESENTATION('',(#6549),#6553);
#6549 = CIRCLE('',#6550,3.12);
#6550 = AXIS2_PLACEMENT_2D('',#6551,#6552);
#6551 = CARTESIAN_POINT('',(0.,0.));
#6552 = DIRECTION('',(1.,0.));
#6553 = ( GEOMETRIC_REPRESENTATION_CONTEXT(2)
PARAMETRIC_REPRESENTATION_CONTEXT() REPRESENTATION_CONTEXT('2D SPACE',''
  ) );
#6554 = ORIENTED_EDGE('',*,*,#6410,.F.);
#6555 = ORIENTED_EDGE('',*,*,#4061,.T.);
#6556 = ADVANCED_FACE('',(#6557),#4109,.F.);
#6557 = FACE_BOUND('',#6558,.F.);
#6558 = EDGE_LOOP('',(#6559,#6590,#6616,#6640,#6661,#6662,#6663,#6687));
#6559 = ORIENTED_EDGE('',*,*,#6560,.F.);
#6560 = EDGE_CURVE('',#6561,#6563,#6565,.T.);
#6561 = VERTEX_POINT('',#6562);
#6562 = CARTESIAN_POINT('',(2.833968066157,-18.,9.));
#6563 = VERTEX_POINT('',#6564);
#6564 = CARTESIAN_POINT('',(-2.833968066157,-18.,9.));
#6565 = SURFACE_CURVE('',#6566,(#6571,#6578),.PCURVE_S1.);
#6566 = CIRCLE('',#6567,3.12);
#6567 = AXIS2_PLACEMENT_3D('',#6568,#6569,#6570);
#6568 = CARTESIAN_POINT('',(-3.546270968631E-15,-19.305,9.));
#6569 = DIRECTION('',(0.,0.,1.));
#6570 = DIRECTION('',(1.,0.,-0.));
#6571 = PCURVE('',#4109,#6572);
#6572 = DEFINITIONAL_REPRESENTATION('',(#6573),#6577);
#6573 = LINE('',#6574,#6575);
#6574 = CARTESIAN_POINT('',(0.,10.));
#6575 = VECTOR('',#6576,1.);
#6576 = DIRECTION('',(1.,0.));
#6577 = ( GEOMETRIC_REPRESENTATION_CONTEXT(2)
PARAMETRIC_REPRESENTATION_CONTEXT() REPRESENTATION_CONTEXT('2D SPACE',''
  ) );
#6578 = PCURVE('',#6579,#6584);
#6579 = PLANE('',#6580);
#6580 = AXIS2_PLACEMENT_3D('',#6581,#6582,#6583);
#6581 = CARTESIAN_POINT('',(-3.546270968631E-15,-19.305,9.));
#6582 = DIRECTION('',(0.,0.,1.));
#6583 = DIRECTION('',(1.,0.,-0.));
#6584 = DEFINITIONAL_REPRESENTATION('',(#6585),#6589);
#6585 = CIRCLE('',#6586,3.12);
#6586 = AXIS2_PLACEMENT_2D('',#6587,#6588);
#6587 = CARTESIAN_POINT('',(0.,0.));
#6588 = DIRECTION('',(1.,0.));
#6589 = ( GEOMETRIC_REPRESENTATION_CONTEXT(2)
PARAMETRIC_REPRESENTATION_CONTEXT() REPRESENTATION_CONTEXT('2D SPACE',''
  ) );
#6590 = ORIENTED_EDGE('',*,*,#6591,.F.);
#6591 = EDGE_CURVE('',#6592,#6561,#6594,.T.);
#6592 = VERTEX_POINT('',#6593);
#6593 = CARTESIAN_POINT('',(2.833968066157,-18.,8.));
#6594 = SURFACE_CURVE('',#6595,(#6599,#6605),.PCURVE_S1.);
#6595 = LINE('',#6596,#6597);
#6596 = CARTESIAN_POINT('',(2.833968066157,-18.,-1.));
#6597 = VECTOR('',#6598,1.);
#6598 = DIRECTION('',(0.,0.,1.));
#6599 = PCURVE('',#4109,#6600);
#6600 = DEFINITIONAL_REPRESENTATION('',(#6601),#6604);
#6601 = B_SPLINE_CURVE_WITH_KNOTS('',1,(#6602,#6603),.UNSPECIFIED.,.F.,
  .F.,(2,2),(7.7,10.0000006),.PIECEWISE_BEZIER_KNOTS.);
#6602 = CARTESIAN_POINT('',(0.431539026738,7.7));
#6603 = CARTESIAN_POINT('',(0.431539026738,10.0000006));
#6604 = ( GEOMETRIC_REPRESENTATION_CONTEXT(2)
PARAMETRIC_REPRESENTATION_CONTEXT() REPRESENTATION_CONTEXT('2D SPACE',''
  ) );
#6605 = PCURVE('',#6606,#6611);
#6606 = PLANE('',#6607);
#6607 = AXIS2_PLACEMENT_3D('',#6608,#6609,#6610);
#6608 = CARTESIAN_POINT('',(-10.395,-18.,7.5));
#6609 = DIRECTION('',(0.,1.,0.));
#6610 = DIRECTION('',(1.,0.,0.));
#6611 = DEFINITIONAL_REPRESENTATION('',(#6612),#6615);
#6612 = B_SPLINE_CURVE_WITH_KNOTS('',1,(#6613,#6614),.UNSPECIFIED.,.F.,
  .F.,(2,2),(7.7,10.0000006),.PIECEWISE_BEZIER_KNOTS.);
#6613 = CARTESIAN_POINT('',(13.228968066157,0.8));
#6614 = CARTESIAN_POINT('',(13.228968066157,-1.5000006));
#6615 = ( GEOMETRIC_REPRESENTATION_CONTEXT(2)
PARAMETRIC_REPRESENTATION_CONTEXT() REPRESENTATION_CONTEXT('2D SPACE',''
  ) );
#6616 = ORIENTED_EDGE('',*,*,#6617,.F.);
#6617 = EDGE_CURVE('',#6618,#6592,#6620,.T.);
#6618 = VERTEX_POINT('',#6619);
#6619 = CARTESIAN_POINT('',(3.12,-19.305,8.));
#6620 = SURFACE_CURVE('',#6621,(#6626,#6633),.PCURVE_S1.);
#6621 = CIRCLE('',#6622,3.12);
#6622 = AXIS2_PLACEMENT_3D('',#6623,#6624,#6625);
#6623 = CARTESIAN_POINT('',(-3.546270968631E-15,-19.305,8.));
#6624 = DIRECTION('',(0.,0.,1.));
#6625 = DIRECTION('',(1.,0.,-0.));
#6626 = PCURVE('',#4109,#6627);
#6627 = DEFINITIONAL_REPRESENTATION('',(#6628),#6632);
#6628 = LINE('',#6629,#6630);
#6629 = CARTESIAN_POINT('',(0.,9.));
#6630 = VECTOR('',#6631,1.);
#6631 = DIRECTION('',(1.,0.));
#6632 = ( GEOMETRIC_REPRESENTATION_CONTEXT(2)
PARAMETRIC_REPRESENTATION_CONTEXT() REPRESENTATION_CONTEXT('2D SPACE',''
  ) );
#6633 = PCURVE('',#4459,#6634);
#6634 = DEFINITIONAL_REPRESENTATION('',(#6635),#6639);
#6635 = CIRCLE('',#6636,3.12);
#6636 = AXIS2_PLACEMENT_2D('',#6637,#6638);
#6637 = CARTESIAN_POINT('',(-3.546270968631E-15,-19.305));
#6638 = DIRECTION('',(1.,0.));
#6639 = ( GEOMETRIC_REPRESENTATION_CONTEXT(2)
PARAMETRIC_REPRESENTATION_CONTEXT() REPRESENTATION_CONTEXT('2D SPACE',''
  ) );
#6640 = ORIENTED_EDGE('',*,*,#6641,.F.);
#6641 = EDGE_CURVE('',#4093,#6618,#6642,.T.);
#6642 = SEAM_CURVE('',#6643,(#6647,#6654),.PCURVE_S1.);
#6643 = LINE('',#6644,#6645);
#6644 = CARTESIAN_POINT('',(3.12,-19.305,-1.));
#6645 = VECTOR('',#6646,1.);
#6646 = DIRECTION('',(0.,0.,1.));
#6647 = PCURVE('',#4109,#6648);
#6648 = DEFINITIONAL_REPRESENTATION('',(#6649),#6653);
#6649 = LINE('',#6650,#6651);
#6650 = CARTESIAN_POINT('',(6.28318530718,-0.));
#6651 = VECTOR('',#6652,1.);
#6652 = DIRECTION('',(0.,1.));
#6653 = ( GEOMETRIC_REPRESENTATION_CONTEXT(2)
PARAMETRIC_REPRESENTATION_CONTEXT() REPRESENTATION_CONTEXT('2D SPACE',''
  ) );
#6654 = PCURVE('',#4109,#6655);
#6655 = DEFINITIONAL_REPRESENTATION('',(#6656),#6660);
#6656 = LINE('',#6657,#6658);
#6657 = CARTESIAN_POINT('',(0.,-0.));
#6658 = VECTOR('',#6659,1.);
#6659 = DIRECTION('',(0.,1.));
#6660 = ( GEOMETRIC_REPRESENTATION_CONTEXT(2)
PARAMETRIC_REPRESENTATION_CONTEXT() REPRESENTATION_CONTEXT('2D SPACE',''
  ) );
#6661 = ORIENTED_EDGE('',*,*,#4092,.T.);
#6662 = ORIENTED_EDGE('',*,*,#6641,.T.);
#6663 = ORIENTED_EDGE('',*,*,#6664,.F.);
#6664 = EDGE_CURVE('',#6665,#6618,#6667,.T.);
#6665 = VERTEX_POINT('',#6666);
#6666 = CARTESIAN_POINT('',(-2.833968066157,-18.,8.));
#6667 = SURFACE_CURVE('',#6668,(#6673,#6680),.PCURVE_S1.);
#6668 = CIRCLE('',#6669,3.12);
#6669 = AXIS2_PLACEMENT_3D('',#6670,#6671,#6672);
#6670 = CARTESIAN_POINT('',(-3.546270968631E-15,-19.305,8.));
#6671 = DIRECTION('',(0.,0.,1.));
#6672 = DIRECTION('',(1.,0.,-0.));
#6673 = PCURVE('',#4109,#6674);
#6674 = DEFINITIONAL_REPRESENTATION('',(#6675),#6679);
#6675 = LINE('',#6676,#6677);
#6676 = CARTESIAN_POINT('',(0.,9.));
#6677 = VECTOR('',#6678,1.);
#6678 = DIRECTION('',(1.,0.));
#6679 = ( GEOMETRIC_REPRESENTATION_CONTEXT(2)
PARAMETRIC_REPRESENTATION_CONTEXT() REPRESENTATION_CONTEXT('2D SPACE',''
  ) );
#6680 = PCURVE('',#4459,#6681);
#6681 = DEFINITIONAL_REPRESENTATION('',(#6682),#6686);
#6682 = CIRCLE('',#6683,3.12);
#6683 = AXIS2_PLACEMENT_2D('',#6684,#6685);
#6684 = CARTESIAN_POINT('',(-3.546270968631E-15,-19.305));
#6685 = DIRECTION('',(1.,0.));
#6686 = ( GEOMETRIC_REPRESENTATION_CONTEXT(2)
PARAMETRIC_REPRESENTATION_CONTEXT() REPRESENTATION_CONTEXT('2D SPACE',''
  ) );
#6687 = ORIENTED_EDGE('',*,*,#6688,.T.);
#6688 = EDGE_CURVE('',#6665,#6563,#6689,.T.);
#6689 = SURFACE_CURVE('',#6690,(#6694,#6700),.PCURVE_S1.);
#6690 = LINE('',#6691,#6692);
#6691 = CARTESIAN_POINT('',(-2.833968066157,-18.,-1.));
#6692 = VECTOR('',#6693,1.);
#6693 = DIRECTION('',(0.,0.,1.));
#6694 = PCURVE('',#4109,#6695);
#6695 = DEFINITIONAL_REPRESENTATION('',(#6696),#6699);
#6696 = B_SPLINE_CURVE_WITH_KNOTS('',1,(#6697,#6698),.UNSPECIFIED.,.F.,
  .F.,(2,2),(7.7,10.0000006),.PIECEWISE_BEZIER_KNOTS.);
#6697 = CARTESIAN_POINT('',(2.710053626851,7.7));
#6698 = CARTESIAN_POINT('',(2.710053626851,10.0000006));
#6699 = ( GEOMETRIC_REPRESENTATION_CONTEXT(2)
PARAMETRIC_REPRESENTATION_CONTEXT() REPRESENTATION_CONTEXT('2D SPACE',''
  ) );
#6700 = PCURVE('',#6606,#6701);
#6701 = DEFINITIONAL_REPRESENTATION('',(#6702),#6705);
#6702 = B_SPLINE_CURVE_WITH_KNOTS('',1,(#6703,#6704),.UNSPECIFIED.,.F.,
  .F.,(2,2),(7.7,10.0000006),.PIECEWISE_BEZIER_KNOTS.);
#6703 = CARTESIAN_POINT('',(7.561031933843,0.8));
#6704 = CARTESIAN_POINT('',(7.561031933843,-1.5000006));
#6705 = ( GEOMETRIC_REPRESENTATION_CONTEXT(2)
PARAMETRIC_REPRESENTATION_CONTEXT() REPRESENTATION_CONTEXT('2D SPACE',''
  ) );
#6706 = ADVANCED_FACE('',(#6707),#4143,.F.);
#6707 = FACE_BOUND('',#6708,.F.);
#6708 = EDGE_LOOP('',(#6709,#6740,#6766,#6790,#6811,#6812,#6813,#6837));
#6709 = ORIENTED_EDGE('',*,*,#6710,.F.);
#6710 = EDGE_CURVE('',#6711,#6713,#6715,.T.);
#6711 = VERTEX_POINT('',#6712);
#6712 = CARTESIAN_POINT('',(14.617754538546,-10.68435209876,9.));
#6713 = VERTEX_POINT('',#6714);
#6714 = CARTESIAN_POINT('',(11.565741739213,-15.97176599558,9.));
#6715 = SURFACE_CURVE('',#6716,(#6721,#6728),.PCURVE_S1.);
#6716 = CIRCLE('',#6717,3.12);
#6717 = AXIS2_PLACEMENT_3D('',#6718,#6719,#6720);
#6718 = CARTESIAN_POINT('',(13.650696410806,-13.6506964108,9.));
#6719 = DIRECTION('',(0.,0.,1.));
#6720 = DIRECTION('',(1.,0.,-0.));
#6721 = PCURVE('',#4143,#6722);
#6722 = DEFINITIONAL_REPRESENTATION('',(#6723),#6727);
#6723 = LINE('',#6724,#6725);
#6724 = CARTESIAN_POINT('',(0.,10.));
#6725 = VECTOR('',#6726,1.);
#6726 = DIRECTION('',(1.,0.));
#6727 = ( GEOMETRIC_REPRESENTATION_CONTEXT(2)
PARAMETRIC_REPRESENTATION_CONTEXT() REPRESENTATION_CONTEXT('2D SPACE',''
  ) );
#6728 = PCURVE('',#6729,#6734);
#6729 = PLANE('',#6730);
#6730 = AXIS2_PLACEMENT_3D('',#6731,#6732,#6733);
#6731 = CARTESIAN_POINT('',(13.650696410806,-13.6506964108,9.));
#6732 = DIRECTION('',(0.,0.,1.));
#6733 = DIRECTION('',(1.,0.,-0.));
#6734 = DEFINITIONAL_REPRESENTATION('',(#6735),#6739);
#6735 = CIRCLE('',#6736,3.12);
#6736 = AXIS2_PLACEMENT_2D('',#6737,#6738);
#6737 = CARTESIAN_POINT('',(0.,0.));
#6738 = DIRECTION('',(1.,0.));
#6739 = ( GEOMETRIC_REPRESENTATION_CONTEXT(2)
PARAMETRIC_REPRESENTATION_CONTEXT() REPRESENTATION_CONTEXT('2D SPACE',''
  ) );
#6740 = ORIENTED_EDGE('',*,*,#6741,.F.);
#6741 = EDGE_CURVE('',#6742,#6711,#6744,.T.);
#6742 = VERTEX_POINT('',#6743);
#6743 = CARTESIAN_POINT('',(14.617754538546,-10.68435209876,8.));
#6744 = SURFACE_CURVE('',#6745,(#6749,#6755),.PCURVE_S1.);
#6745 = LINE('',#6746,#6747);
#6746 = CARTESIAN_POINT('',(14.617754538546,-10.68435209876,-1.));
#6747 = VECTOR('',#6748,1.);
#6748 = DIRECTION('',(0.,0.,1.));
#6749 = PCURVE('',#4143,#6750);
#6750 = DEFINITIONAL_REPRESENTATION('',(#6751),#6754);
#6751 = B_SPLINE_CURVE_WITH_KNOTS('',1,(#6752,#6753),.UNSPECIFIED.,.F.,
  .F.,(2,2),(7.7,10.0000006),.PIECEWISE_BEZIER_KNOTS.);
#6752 = CARTESIAN_POINT('',(1.255651122034,7.7));
#6753 = CARTESIAN_POINT('',(1.255651122034,10.0000006));
#6754 = ( GEOMETRIC_REPRESENTATION_CONTEXT(2)
PARAMETRIC_REPRESENTATION_CONTEXT() REPRESENTATION_CONTEXT('2D SPACE',''
  ) );
#6755 = PCURVE('',#6756,#6761);
#6756 = PLANE('',#6757);
#6757 = AXIS2_PLACEMENT_3D('',#6758,#6759,#6760);
#6758 = CARTESIAN_POINT('',(10.395,-18.,7.5));
#6759 = DIRECTION('',(-0.866073420066,0.499916824138,0.));
#6760 = DIRECTION('',(0.499916824138,0.866073420066,0.));
#6761 = DEFINITIONAL_REPRESENTATION('',(#6762),#6765);
#6762 = B_SPLINE_CURVE_WITH_KNOTS('',1,(#6763,#6764),.UNSPECIFIED.,.F.,
  .F.,(2,2),(7.7,10.0000006),.PIECEWISE_BEZIER_KNOTS.);
#6763 = CARTESIAN_POINT('',(8.44691423584,0.8));
#6764 = CARTESIAN_POINT('',(8.44691423584,-1.5000006));
#6765 = ( GEOMETRIC_REPRESENTATION_CONTEXT(2)
PARAMETRIC_REPRESENTATION_CONTEXT() REPRESENTATION_CONTEXT('2D SPACE',''
  ) );
#6766 = ORIENTED_EDGE('',*,*,#6767,.F.);
#6767 = EDGE_CURVE('',#6768,#6742,#6770,.T.);
#6768 = VERTEX_POINT('',#6769);
#6769 = CARTESIAN_POINT('',(16.770696410806,-13.6506964108,8.));
#6770 = SURFACE_CURVE('',#6771,(#6776,#6783),.PCURVE_S1.);
#6771 = CIRCLE('',#6772,3.12);
#6772 = AXIS2_PLACEMENT_3D('',#6773,#6774,#6775);
#6773 = CARTESIAN_POINT('',(13.650696410806,-13.6506964108,8.));
#6774 = DIRECTION('',(0.,0.,1.));
#6775 = DIRECTION('',(1.,0.,-0.));
#6776 = PCURVE('',#4143,#6777);
#6777 = DEFINITIONAL_REPRESENTATION('',(#6778),#6782);
#6778 = LINE('',#6779,#6780);
#6779 = CARTESIAN_POINT('',(0.,9.));
#6780 = VECTOR('',#6781,1.);
#6781 = DIRECTION('',(1.,0.));
#6782 = ( GEOMETRIC_REPRESENTATION_CONTEXT(2)
PARAMETRIC_REPRESENTATION_CONTEXT() REPRESENTATION_CONTEXT('2D SPACE',''
  ) );
#6783 = PCURVE('',#4459,#6784);
#6784 = DEFINITIONAL_REPRESENTATION('',(#6785),#6789);
#6785 = CIRCLE('',#6786,3.12);
#6786 = AXIS2_PLACEMENT_2D('',#6787,#6788);
#6787 = CARTESIAN_POINT('',(13.650696410806,-13.6506964108));
#6788 = DIRECTION('',(1.,0.));
#6789 = ( GEOMETRIC_REPRESENTATION_CONTEXT(2)
PARAMETRIC_REPRESENTATION_CONTEXT() REPRESENTATION_CONTEXT('2D SPACE',''
  ) );
#6790 = ORIENTED_EDGE('',*,*,#6791,.F.);
#6791 = EDGE_CURVE('',#4127,#6768,#6792,.T.);
#6792 = SEAM_CURVE('',#6793,(#6797,#6804),.PCURVE_S1.);
#6793 = LINE('',#6794,#6795);
#6794 = CARTESIAN_POINT('',(16.770696410806,-13.6506964108,-1.));
#6795 = VECTOR('',#6796,1.);
#6796 = DIRECTION('',(0.,0.,1.));
#6797 = PCURVE('',#4143,#6798);
#6798 = DEFINITIONAL_REPRESENTATION('',(#6799),#6803);
#6799 = LINE('',#6800,#6801);
#6800 = CARTESIAN_POINT('',(6.28318530718,-0.));
#6801 = VECTOR('',#6802,1.);
#6802 = DIRECTION('',(0.,1.));
#6803 = ( GEOMETRIC_REPRESENTATION_CONTEXT(2)
PARAMETRIC_REPRESENTATION_CONTEXT() REPRESENTATION_CONTEXT('2D SPACE',''
  ) );
#6804 = PCURVE('',#4143,#6805);
#6805 = DEFINITIONAL_REPRESENTATION('',(#6806),#6810);
#6806 = LINE('',#6807,#6808);
#6807 = CARTESIAN_POINT('',(0.,-0.));
#6808 = VECTOR('',#6809,1.);
#6809 = DIRECTION('',(0.,1.));
#6810 = ( GEOMETRIC_REPRESENTATION_CONTEXT(2)
PARAMETRIC_REPRESENTATION_CONTEXT() REPRESENTATION_CONTEXT('2D SPACE',''
  ) );
#6811 = ORIENTED_EDGE('',*,*,#4126,.T.);
#6812 = ORIENTED_EDGE('',*,*,#6791,.T.);
#6813 = ORIENTED_EDGE('',*,*,#6814,.F.);
#6814 = EDGE_CURVE('',#6815,#6768,#6817,.T.);
#6815 = VERTEX_POINT('',#6816);
#6816 = CARTESIAN_POINT('',(11.565741739213,-15.97176599558,8.));
#6817 = SURFACE_CURVE('',#6818,(#6823,#6830),.PCURVE_S1.);
#6818 = CIRCLE('',#6819,3.12);
#6819 = AXIS2_PLACEMENT_3D('',#6820,#6821,#6822);
#6820 = CARTESIAN_POINT('',(13.650696410806,-13.6506964108,8.));
#6821 = DIRECTION('',(0.,0.,1.));
#6822 = DIRECTION('',(1.,0.,-0.));
#6823 = PCURVE('',#4143,#6824);
#6824 = DEFINITIONAL_REPRESENTATION('',(#6825),#6829);
#6825 = LINE('',#6826,#6827);
#6826 = CARTESIAN_POINT('',(0.,9.));
#6827 = VECTOR('',#6828,1.);
#6828 = DIRECTION('',(1.,0.));
#6829 = ( GEOMETRIC_REPRESENTATION_CONTEXT(2)
PARAMETRIC_REPRESENTATION_CONTEXT() REPRESENTATION_CONTEXT('2D SPACE',''
  ) );
#6830 = PCURVE('',#4459,#6831);
#6831 = DEFINITIONAL_REPRESENTATION('',(#6832),#6836);
#6832 = CIRCLE('',#6833,3.12);
#6833 = AXIS2_PLACEMENT_2D('',#6834,#6835);
#6834 = CARTESIAN_POINT('',(13.650696410806,-13.6506964108));
#6835 = DIRECTION('',(1.,0.));
#6836 = ( GEOMETRIC_REPRESENTATION_CONTEXT(2)
PARAMETRIC_REPRESENTATION_CONTEXT() REPRESENTATION_CONTEXT('2D SPACE',''
  ) );
#6837 = ORIENTED_EDGE('',*,*,#6838,.T.);
#6838 = EDGE_CURVE('',#6815,#6713,#6839,.T.);
#6839 = SURFACE_CURVE('',#6840,(#6844,#6850),.PCURVE_S1.);
#6840 = LINE('',#6841,#6842);
#6841 = CARTESIAN_POINT('',(11.565741739213,-15.97176599558,-1.));
#6842 = VECTOR('',#6843,1.);
#6843 = DIRECTION('',(0.,0.,1.));
#6844 = PCURVE('',#4143,#6845);
#6845 = DEFINITIONAL_REPRESENTATION('',(#6846),#6849);
#6846 = B_SPLINE_CURVE_WITH_KNOTS('',1,(#6847,#6848),.UNSPECIFIED.,.F.,
  .F.,(2,2),(7.7,10.0000006),.PIECEWISE_BEZIER_KNOTS.);
#6847 = CARTESIAN_POINT('',(3.980528715049,7.7));
#6848 = CARTESIAN_POINT('',(3.980528715049,10.0000006));
#6849 = ( GEOMETRIC_REPRESENTATION_CONTEXT(2)
PARAMETRIC_REPRESENTATION_CONTEXT() REPRESENTATION_CONTEXT('2D SPACE',''
  ) );
#6850 = PCURVE('',#6756,#6851);
#6851 = DEFINITIONAL_REPRESENTATION('',(#6852),#6855);
#6852 = B_SPLINE_CURVE_WITH_KNOTS('',1,(#6853,#6854),.UNSPECIFIED.,.F.,
  .F.,(2,2),(7.7,10.0000006),.PIECEWISE_BEZIER_KNOTS.);
#6853 = CARTESIAN_POINT('',(2.341873053047,0.8));
#6854 = CARTESIAN_POINT('',(2.341873053047,-1.5000006));
#6855 = ( GEOMETRIC_REPRESENTATION_CONTEXT(2)
PARAMETRIC_REPRESENTATION_CONTEXT() REPRESENTATION_CONTEXT('2D SPACE',''
  ) );
#6856 = ADVANCED_FACE('',(#6857),#4174,.F.);
#6857 = FACE_BOUND('',#6858,.F.);
#6858 = EDGE_LOOP('',(#6859,#6890,#6916,#6940,#6961,#6962,#6963,#6987));
#6859 = ORIENTED_EDGE('',*,*,#6860,.F.);
#6860 = EDGE_CURVE('',#6861,#6863,#6865,.T.);
#6861 = VERTEX_POINT('',#6862);
#6862 = CARTESIAN_POINT('',(18.993088807043,3.104369727933,9.));
#6863 = VERTEX_POINT('',#6864);
#6864 = CARTESIAN_POINT('',(18.993088807043,-3.104369727933,9.));
#6865 = SURFACE_CURVE('',#6866,(#6871,#6878),.PCURVE_S1.);
#6866 = CIRCLE('',#6867,3.12);
#6867 = AXIS2_PLACEMENT_3D('',#6868,#6869,#6870);
#6868 = CARTESIAN_POINT('',(19.305,0.,9.));
#6869 = DIRECTION('',(0.,0.,1.));
#6870 = DIRECTION('',(1.,0.,-0.));
#6871 = PCURVE('',#4174,#6872);
#6872 = DEFINITIONAL_REPRESENTATION('',(#6873),#6877);
#6873 = LINE('',#6874,#6875);
#6874 = CARTESIAN_POINT('',(0.,10.));
#6875 = VECTOR('',#6876,1.);
#6876 = DIRECTION('',(1.,0.));
#6877 = ( GEOMETRIC_REPRESENTATION_CONTEXT(2)
PARAMETRIC_REPRESENTATION_CONTEXT() REPRESENTATION_CONTEXT('2D SPACE',''
  ) );
#6878 = PCURVE('',#6879,#6884);
#6879 = PLANE('',#6880);
#6880 = AXIS2_PLACEMENT_3D('',#6881,#6882,#6883);
#6881 = CARTESIAN_POINT('',(19.305,0.,9.));
#6882 = DIRECTION('',(0.,0.,1.));
#6883 = DIRECTION('',(1.,0.,-0.));
#6884 = DEFINITIONAL_REPRESENTATION('',(#6885),#6889);
#6885 = CIRCLE('',#6886,3.12);
#6886 = AXIS2_PLACEMENT_2D('',#6887,#6888);
#6887 = CARTESIAN_POINT('',(0.,0.));
#6888 = DIRECTION('',(1.,0.));
#6889 = ( GEOMETRIC_REPRESENTATION_CONTEXT(2)
PARAMETRIC_REPRESENTATION_CONTEXT() REPRESENTATION_CONTEXT('2D SPACE',''
  ) );
#6890 = ORIENTED_EDGE('',*,*,#6891,.F.);
#6891 = EDGE_CURVE('',#6892,#6861,#6894,.T.);
#6892 = VERTEX_POINT('',#6893);
#6893 = CARTESIAN_POINT('',(18.993088807043,3.104369727933,8.));
#6894 = SURFACE_CURVE('',#6895,(#6899,#6905),.PCURVE_S1.);
#6895 = LINE('',#6896,#6897);
#6896 = CARTESIAN_POINT('',(18.993088807043,3.104369727933,-1.));
#6897 = VECTOR('',#6898,1.);
#6898 = DIRECTION('',(0.,0.,1.));
#6899 = PCURVE('',#4174,#6900);
#6900 = DEFINITIONAL_REPRESENTATION('',(#6901),#6904);
#6901 = B_SPLINE_CURVE_WITH_KNOTS('',1,(#6902,#6903),.UNSPECIFIED.,.F.,
  .F.,(2,2),(7.7,10.0000006),.PIECEWISE_BEZIER_KNOTS.);
#6902 = CARTESIAN_POINT('',(1.670935140806,7.7));
#6903 = CARTESIAN_POINT('',(1.670935140806,10.0000006));
#6904 = ( GEOMETRIC_REPRESENTATION_CONTEXT(2)
PARAMETRIC_REPRESENTATION_CONTEXT() REPRESENTATION_CONTEXT('2D SPACE',''
  ) );
#6905 = PCURVE('',#6906,#6911);
#6906 = PLANE('',#6907);
#6907 = AXIS2_PLACEMENT_3D('',#6908,#6909,#6910);
#6908 = CARTESIAN_POINT('',(20.785,0.,7.5));
#6909 = DIRECTION('',(-0.866073420066,-0.499916824138,0.));
#6910 = DIRECTION('',(-0.499916824138,0.866073420066,0.));
#6911 = DEFINITIONAL_REPRESENTATION('',(#6912),#6915);
#6912 = B_SPLINE_CURVE_WITH_KNOTS('',1,(#6913,#6914),.UNSPECIFIED.,.F.,
  .F.,(2,2),(7.7,10.0000006),.PIECEWISE_BEZIER_KNOTS.);
#6913 = CARTESIAN_POINT('',(3.584418660139,0.8));
#6914 = CARTESIAN_POINT('',(3.584418660139,-1.5000006));
#6915 = ( GEOMETRIC_REPRESENTATION_CONTEXT(2)
PARAMETRIC_REPRESENTATION_CONTEXT() REPRESENTATION_CONTEXT('2D SPACE',''
  ) );
#6916 = ORIENTED_EDGE('',*,*,#6917,.F.);
#6917 = EDGE_CURVE('',#6918,#6892,#6920,.T.);
#6918 = VERTEX_POINT('',#6919);
#6919 = CARTESIAN_POINT('',(22.425,-7.641796026679E-16,8.));
#6920 = SURFACE_CURVE('',#6921,(#6926,#6933),.PCURVE_S1.);
#6921 = CIRCLE('',#6922,3.12);
#6922 = AXIS2_PLACEMENT_3D('',#6923,#6924,#6925);
#6923 = CARTESIAN_POINT('',(19.305,0.,8.));
#6924 = DIRECTION('',(0.,0.,1.));
#6925 = DIRECTION('',(1.,0.,-0.));
#6926 = PCURVE('',#4174,#6927);
#6927 = DEFINITIONAL_REPRESENTATION('',(#6928),#6932);
#6928 = LINE('',#6929,#6930);
#6929 = CARTESIAN_POINT('',(0.,9.));
#6930 = VECTOR('',#6931,1.);
#6931 = DIRECTION('',(1.,0.));
#6932 = ( GEOMETRIC_REPRESENTATION_CONTEXT(2)
PARAMETRIC_REPRESENTATION_CONTEXT() REPRESENTATION_CONTEXT('2D SPACE',''
  ) );
#6933 = PCURVE('',#4459,#6934);
#6934 = DEFINITIONAL_REPRESENTATION('',(#6935),#6939);
#6935 = CIRCLE('',#6936,3.12);
#6936 = AXIS2_PLACEMENT_2D('',#6937,#6938);
#6937 = CARTESIAN_POINT('',(19.305,0.));
#6938 = DIRECTION('',(1.,0.));
#6939 = ( GEOMETRIC_REPRESENTATION_CONTEXT(2)
PARAMETRIC_REPRESENTATION_CONTEXT() REPRESENTATION_CONTEXT('2D SPACE',''
  ) );
#6940 = ORIENTED_EDGE('',*,*,#6941,.F.);
#6941 = EDGE_CURVE('',#4158,#6918,#6942,.T.);
#6942 = SEAM_CURVE('',#6943,(#6947,#6954),.PCURVE_S1.);
#6943 = LINE('',#6944,#6945);
#6944 = CARTESIAN_POINT('',(22.425,-7.641796026679E-16,-1.));
#6945 = VECTOR('',#6946,1.);
#6946 = DIRECTION('',(0.,0.,1.));
#6947 = PCURVE('',#4174,#6948);
#6948 = DEFINITIONAL_REPRESENTATION('',(#6949),#6953);
#6949 = LINE('',#6950,#6951);
#6950 = CARTESIAN_POINT('',(6.28318530718,-0.));
#6951 = VECTOR('',#6952,1.);
#6952 = DIRECTION('',(0.,1.));
#6953 = ( GEOMETRIC_REPRESENTATION_CONTEXT(2)
PARAMETRIC_REPRESENTATION_CONTEXT() REPRESENTATION_CONTEXT('2D SPACE',''
  ) );
#6954 = PCURVE('',#4174,#6955);
#6955 = DEFINITIONAL_REPRESENTATION('',(#6956),#6960);
#6956 = LINE('',#6957,#6958);
#6957 = CARTESIAN_POINT('',(0.,-0.));
#6958 = VECTOR('',#6959,1.);
#6959 = DIRECTION('',(0.,1.));
#6960 = ( GEOMETRIC_REPRESENTATION_CONTEXT(2)
PARAMETRIC_REPRESENTATION_CONTEXT() REPRESENTATION_CONTEXT('2D SPACE',''
  ) );
#6961 = ORIENTED_EDGE('',*,*,#4157,.T.);
#6962 = ORIENTED_EDGE('',*,*,#6941,.T.);
#6963 = ORIENTED_EDGE('',*,*,#6964,.F.);
#6964 = EDGE_CURVE('',#6965,#6918,#6967,.T.);
#6965 = VERTEX_POINT('',#6966);
#6966 = CARTESIAN_POINT('',(18.993088807043,-3.104369727933,8.));
#6967 = SURFACE_CURVE('',#6968,(#6973,#6980),.PCURVE_S1.);
#6968 = CIRCLE('',#6969,3.12);
#6969 = AXIS2_PLACEMENT_3D('',#6970,#6971,#6972);
#6970 = CARTESIAN_POINT('',(19.305,0.,8.));
#6971 = DIRECTION('',(0.,0.,1.));
#6972 = DIRECTION('',(1.,0.,-0.));
#6973 = PCURVE('',#4174,#6974);
#6974 = DEFINITIONAL_REPRESENTATION('',(#6975),#6979);
#6975 = LINE('',#6976,#6977);
#6976 = CARTESIAN_POINT('',(0.,9.));
#6977 = VECTOR('',#6978,1.);
#6978 = DIRECTION('',(1.,0.));
#6979 = ( GEOMETRIC_REPRESENTATION_CONTEXT(2)
PARAMETRIC_REPRESENTATION_CONTEXT() REPRESENTATION_CONTEXT('2D SPACE',''
  ) );
#6980 = PCURVE('',#4459,#6981);
#6981 = DEFINITIONAL_REPRESENTATION('',(#6982),#6986);
#6982 = CIRCLE('',#6983,3.12);
#6983 = AXIS2_PLACEMENT_2D('',#6984,#6985);
#6984 = CARTESIAN_POINT('',(19.305,0.));
#6985 = DIRECTION('',(1.,0.));
#6986 = ( GEOMETRIC_REPRESENTATION_CONTEXT(2)
PARAMETRIC_REPRESENTATION_CONTEXT() REPRESENTATION_CONTEXT('2D SPACE',''
  ) );
#6987 = ORIENTED_EDGE('',*,*,#6988,.T.);
#6988 = EDGE_CURVE('',#6965,#6863,#6989,.T.);
#6989 = SURFACE_CURVE('',#6990,(#6994,#7000),.PCURVE_S1.);
#6990 = LINE('',#6991,#6992);
#6991 = CARTESIAN_POINT('',(18.993088807043,-3.104369727933,-1.));
#6992 = VECTOR('',#6993,1.);
#6993 = DIRECTION('',(0.,0.,1.));
#6994 = PCURVE('',#4174,#6995);
#6995 = DEFINITIONAL_REPRESENTATION('',(#6996),#6999);
#6996 = B_SPLINE_CURVE_WITH_KNOTS('',1,(#6997,#6998),.UNSPECIFIED.,.F.,
  .F.,(2,2),(7.7,10.0000006),.PIECEWISE_BEZIER_KNOTS.);
#6997 = CARTESIAN_POINT('',(4.612250166373,7.7));
#6998 = CARTESIAN_POINT('',(4.612250166373,10.0000006));
#6999 = ( GEOMETRIC_REPRESENTATION_CONTEXT(2)
PARAMETRIC_REPRESENTATION_CONTEXT() REPRESENTATION_CONTEXT('2D SPACE',''
  ) );
#7000 = PCURVE('',#6756,#7001);
#7001 = DEFINITIONAL_REPRESENTATION('',(#7002),#7005);
#7002 = B_SPLINE_CURVE_WITH_KNOTS('',1,(#7003,#7004),.UNSPECIFIED.,.F.,
  .F.,(2,2),(7.7,10.0000006),.PIECEWISE_BEZIER_KNOTS.);
#7003 = CARTESIAN_POINT('',(17.199038703832,0.8));
#7004 = CARTESIAN_POINT('',(17.199038703832,-1.5000006));
#7005 = ( GEOMETRIC_REPRESENTATION_CONTEXT(2)
PARAMETRIC_REPRESENTATION_CONTEXT() REPRESENTATION_CONTEXT('2D SPACE',''
  ) );
#7006 = ADVANCED_FACE('',(#7007),#4205,.F.);
#7007 = FACE_BOUND('',#7008,.F.);
#7008 = EDGE_LOOP('',(#7009,#7032,#7061,#7082,#7106,#7132,#7154,#7155));
#7009 = ORIENTED_EDGE('',*,*,#7010,.T.);
#7010 = EDGE_CURVE('',#4189,#7011,#7013,.T.);
#7011 = VERTEX_POINT('',#7012);
#7012 = CARTESIAN_POINT('',(-16.185,1.600001043086E-15,9.));
#7013 = SEAM_CURVE('',#7014,(#7018,#7025),.PCURVE_S1.);
#7014 = LINE('',#7015,#7016);
#7015 = CARTESIAN_POINT('',(-16.185,1.600001043086E-15,-1.));
#7016 = VECTOR('',#7017,1.);
#7017 = DIRECTION('',(0.,0.,1.));
#7018 = PCURVE('',#4205,#7019);
#7019 = DEFINITIONAL_REPRESENTATION('',(#7020),#7024);
#7020 = LINE('',#7021,#7022);
#7021 = CARTESIAN_POINT('',(6.28318530718,-0.));
#7022 = VECTOR('',#7023,1.);
#7023 = DIRECTION('',(0.,1.));
#7024 = ( GEOMETRIC_REPRESENTATION_CONTEXT(2)
PARAMETRIC_REPRESENTATION_CONTEXT() REPRESENTATION_CONTEXT('2D SPACE',''
  ) );
#7025 = PCURVE('',#4205,#7026);
#7026 = DEFINITIONAL_REPRESENTATION('',(#7027),#7031);
#7027 = LINE('',#7028,#7029);
#7028 = CARTESIAN_POINT('',(0.,-0.));
#7029 = VECTOR('',#7030,1.);
#7030 = DIRECTION('',(0.,1.));
#7031 = ( GEOMETRIC_REPRESENTATION_CONTEXT(2)
PARAMETRIC_REPRESENTATION_CONTEXT() REPRESENTATION_CONTEXT('2D SPACE',''
  ) );
#7032 = ORIENTED_EDGE('',*,*,#7033,.F.);
#7033 = EDGE_CURVE('',#7034,#7011,#7036,.T.);
#7034 = VERTEX_POINT('',#7035);
#7035 = CARTESIAN_POINT('',(-18.99308880704,-3.104369727933,9.));
#7036 = SURFACE_CURVE('',#7037,(#7042,#7049),.PCURVE_S1.);
#7037 = CIRCLE('',#7038,3.12);
#7038 = AXIS2_PLACEMENT_3D('',#7039,#7040,#7041);
#7039 = CARTESIAN_POINT('',(-19.305,2.364180645754E-15,9.));
#7040 = DIRECTION('',(0.,0.,1.));
#7041 = DIRECTION('',(1.,0.,-0.));
#7042 = PCURVE('',#4205,#7043);
#7043 = DEFINITIONAL_REPRESENTATION('',(#7044),#7048);
#7044 = LINE('',#7045,#7046);
#7045 = CARTESIAN_POINT('',(0.,10.));
#7046 = VECTOR('',#7047,1.);
#7047 = DIRECTION('',(1.,0.));
#7048 = ( GEOMETRIC_REPRESENTATION_CONTEXT(2)
PARAMETRIC_REPRESENTATION_CONTEXT() REPRESENTATION_CONTEXT('2D SPACE',''
  ) );
#7049 = PCURVE('',#7050,#7055);
#7050 = PLANE('',#7051);
#7051 = AXIS2_PLACEMENT_3D('',#7052,#7053,#7054);
#7052 = CARTESIAN_POINT('',(-19.305,2.364180645754E-15,9.));
#7053 = DIRECTION('',(0.,0.,1.));
#7054 = DIRECTION('',(1.,0.,-0.));
#7055 = DEFINITIONAL_REPRESENTATION('',(#7056),#7060);
#7056 = CIRCLE('',#7057,3.12);
#7057 = AXIS2_PLACEMENT_2D('',#7058,#7059);
#7058 = CARTESIAN_POINT('',(0.,0.));
#7059 = DIRECTION('',(1.,0.));
#7060 = ( GEOMETRIC_REPRESENTATION_CONTEXT(2)
PARAMETRIC_REPRESENTATION_CONTEXT() REPRESENTATION_CONTEXT('2D SPACE',''
  ) );
#7061 = ORIENTED_EDGE('',*,*,#7062,.F.);
#7062 = EDGE_CURVE('',#7063,#7034,#7065,.T.);
#7063 = VERTEX_POINT('',#7064);
#7064 = CARTESIAN_POINT('',(-18.99308880704,-3.104369727933,8.));
#7065 = SURFACE_CURVE('',#7066,(#7070,#7076),.PCURVE_S1.);
#7066 = LINE('',#7067,#7068);
#7067 = CARTESIAN_POINT('',(-18.99308880704,-3.104369727933,-1.));
#7068 = VECTOR('',#7069,1.);
#7069 = DIRECTION('',(0.,0.,1.));
#7070 = PCURVE('',#4205,#7071);
#7071 = DEFINITIONAL_REPRESENTATION('',(#7072),#7075);
#7072 = B_SPLINE_CURVE_WITH_KNOTS('',1,(#7073,#7074),.UNSPECIFIED.,.F.,
  .F.,(2,2),(7.7,10.0000006),.PIECEWISE_BEZIER_KNOTS.);
#7073 = CARTESIAN_POINT('',(4.812527794396,7.7));
#7074 = CARTESIAN_POINT('',(4.812527794396,10.0000006));
#7075 = ( GEOMETRIC_REPRESENTATION_CONTEXT(2)
PARAMETRIC_REPRESENTATION_CONTEXT() REPRESENTATION_CONTEXT('2D SPACE',''
  ) );
#7076 = PCURVE('',#6477,#7077);
#7077 = DEFINITIONAL_REPRESENTATION('',(#7078),#7081);
#7078 = B_SPLINE_CURVE_WITH_KNOTS('',1,(#7079,#7080),.UNSPECIFIED.,.F.,
  .F.,(2,2),(7.7,10.0000006),.PIECEWISE_BEZIER_KNOTS.);
#7079 = CARTESIAN_POINT('',(3.584418660139,0.8));
#7080 = CARTESIAN_POINT('',(3.584418660139,-1.5000006));
#7081 = ( GEOMETRIC_REPRESENTATION_CONTEXT(2)
PARAMETRIC_REPRESENTATION_CONTEXT() REPRESENTATION_CONTEXT('2D SPACE',''
  ) );
#7082 = ORIENTED_EDGE('',*,*,#7083,.F.);
#7083 = EDGE_CURVE('',#7084,#7063,#7086,.T.);
#7084 = VERTEX_POINT('',#7085);
#7085 = CARTESIAN_POINT('',(-18.99308880704,3.104369727933,8.));
#7086 = SURFACE_CURVE('',#7087,(#7092,#7099),.PCURVE_S1.);
#7087 = CIRCLE('',#7088,3.12);
#7088 = AXIS2_PLACEMENT_3D('',#7089,#7090,#7091);
#7089 = CARTESIAN_POINT('',(-19.305,2.364180645754E-15,8.));
#7090 = DIRECTION('',(0.,0.,1.));
#7091 = DIRECTION('',(1.,0.,-0.));
#7092 = PCURVE('',#4205,#7093);
#7093 = DEFINITIONAL_REPRESENTATION('',(#7094),#7098);
#7094 = LINE('',#7095,#7096);
#7095 = CARTESIAN_POINT('',(0.,9.));
#7096 = VECTOR('',#7097,1.);
#7097 = DIRECTION('',(1.,0.));
#7098 = ( GEOMETRIC_REPRESENTATION_CONTEXT(2)
PARAMETRIC_REPRESENTATION_CONTEXT() REPRESENTATION_CONTEXT('2D SPACE',''
  ) );
#7099 = PCURVE('',#4459,#7100);
#7100 = DEFINITIONAL_REPRESENTATION('',(#7101),#7105);
#7101 = CIRCLE('',#7102,3.12);
#7102 = AXIS2_PLACEMENT_2D('',#7103,#7104);
#7103 = CARTESIAN_POINT('',(-19.305,2.364180645754E-15));
#7104 = DIRECTION('',(1.,0.));
#7105 = ( GEOMETRIC_REPRESENTATION_CONTEXT(2)
PARAMETRIC_REPRESENTATION_CONTEXT() REPRESENTATION_CONTEXT('2D SPACE',''
  ) );
#7106 = ORIENTED_EDGE('',*,*,#7107,.T.);
#7107 = EDGE_CURVE('',#7084,#7108,#7110,.T.);
#7108 = VERTEX_POINT('',#7109);
#7109 = CARTESIAN_POINT('',(-18.99308880704,3.104369727933,9.));
#7110 = SURFACE_CURVE('',#7111,(#7115,#7121),.PCURVE_S1.);
#7111 = LINE('',#7112,#7113);
#7112 = CARTESIAN_POINT('',(-18.99308880704,3.104369727933,-1.));
#7113 = VECTOR('',#7114,1.);
#7114 = DIRECTION('',(0.,0.,1.));
#7115 = PCURVE('',#4205,#7116);
#7116 = DEFINITIONAL_REPRESENTATION('',(#7117),#7120);
#7117 = B_SPLINE_CURVE_WITH_KNOTS('',1,(#7118,#7119),.UNSPECIFIED.,.F.,
  .F.,(2,2),(7.7,10.0000006),.PIECEWISE_BEZIER_KNOTS.);
#7118 = CARTESIAN_POINT('',(1.470657512783,7.7));
#7119 = CARTESIAN_POINT('',(1.470657512783,10.0000006));
#7120 = ( GEOMETRIC_REPRESENTATION_CONTEXT(2)
PARAMETRIC_REPRESENTATION_CONTEXT() REPRESENTATION_CONTEXT('2D SPACE',''
  ) );
#7121 = PCURVE('',#7122,#7127);
#7122 = PLANE('',#7123);
#7123 = AXIS2_PLACEMENT_3D('',#7124,#7125,#7126);
#7124 = CARTESIAN_POINT('',(-10.395,18.,7.5));
#7125 = DIRECTION('',(0.866073420066,-0.499916824138,0.));
#7126 = DIRECTION('',(-0.499916824138,-0.866073420066,0.));
#7127 = DEFINITIONAL_REPRESENTATION('',(#7128),#7131);
#7128 = B_SPLINE_CURVE_WITH_KNOTS('',1,(#7129,#7130),.UNSPECIFIED.,.F.,
  .F.,(2,2),(7.7,10.0000006),.PIECEWISE_BEZIER_KNOTS.);
#7129 = CARTESIAN_POINT('',(17.199038703832,0.8));
#7130 = CARTESIAN_POINT('',(17.199038703832,-1.5000006));
#7131 = ( GEOMETRIC_REPRESENTATION_CONTEXT(2)
PARAMETRIC_REPRESENTATION_CONTEXT() REPRESENTATION_CONTEXT('2D SPACE',''
  ) );
#7132 = ORIENTED_EDGE('',*,*,#7133,.F.);
#7133 = EDGE_CURVE('',#7011,#7108,#7134,.T.);
#7134 = SURFACE_CURVE('',#7135,(#7140,#7147),.PCURVE_S1.);
#7135 = CIRCLE('',#7136,3.12);
#7136 = AXIS2_PLACEMENT_3D('',#7137,#7138,#7139);
#7137 = CARTESIAN_POINT('',(-19.305,2.364180645754E-15,9.));
#7138 = DIRECTION('',(0.,0.,1.));
#7139 = DIRECTION('',(1.,0.,-0.));
#7140 = PCURVE('',#4205,#7141);
#7141 = DEFINITIONAL_REPRESENTATION('',(#7142),#7146);
#7142 = LINE('',#7143,#7144);
#7143 = CARTESIAN_POINT('',(0.,10.));
#7144 = VECTOR('',#7145,1.);
#7145 = DIRECTION('',(1.,0.));
#7146 = ( GEOMETRIC_REPRESENTATION_CONTEXT(2)
PARAMETRIC_REPRESENTATION_CONTEXT() REPRESENTATION_CONTEXT('2D SPACE',''
  ) );
#7147 = PCURVE('',#7050,#7148);
#7148 = DEFINITIONAL_REPRESENTATION('',(#7149),#7153);
#7149 = CIRCLE('',#7150,3.12);
#7150 = AXIS2_PLACEMENT_2D('',#7151,#7152);
#7151 = CARTESIAN_POINT('',(0.,0.));
#7152 = DIRECTION('',(1.,0.));
#7153 = ( GEOMETRIC_REPRESENTATION_CONTEXT(2)
PARAMETRIC_REPRESENTATION_CONTEXT() REPRESENTATION_CONTEXT('2D SPACE',''
  ) );
#7154 = ORIENTED_EDGE('',*,*,#7010,.F.);
#7155 = ORIENTED_EDGE('',*,*,#4188,.T.);
#7156 = ADVANCED_FACE('',(#7157),#4236,.F.);
#7157 = FACE_BOUND('',#7158,.F.);
#7158 = EDGE_LOOP('',(#7159,#7182,#7211,#7232,#7256,#7277,#7299,#7300));
#7159 = ORIENTED_EDGE('',*,*,#7160,.T.);
#7160 = EDGE_CURVE('',#4220,#7161,#7163,.T.);
#7161 = VERTEX_POINT('',#7162);
#7162 = CARTESIAN_POINT('',(-10.5306964108,13.650696410806,9.));
#7163 = SEAM_CURVE('',#7164,(#7168,#7175),.PCURVE_S1.);
#7164 = LINE('',#7165,#7166);
#7165 = CARTESIAN_POINT('',(-10.5306964108,13.650696410806,-1.));
#7166 = VECTOR('',#7167,1.);
#7167 = DIRECTION('',(0.,0.,1.));
#7168 = PCURVE('',#4236,#7169);
#7169 = DEFINITIONAL_REPRESENTATION('',(#7170),#7174);
#7170 = LINE('',#7171,#7172);
#7171 = CARTESIAN_POINT('',(6.28318530718,-0.));
#7172 = VECTOR('',#7173,1.);
#7173 = DIRECTION('',(0.,1.));
#7174 = ( GEOMETRIC_REPRESENTATION_CONTEXT(2)
PARAMETRIC_REPRESENTATION_CONTEXT() REPRESENTATION_CONTEXT('2D SPACE',''
  ) );
#7175 = PCURVE('',#4236,#7176);
#7176 = DEFINITIONAL_REPRESENTATION('',(#7177),#7181);
#7177 = LINE('',#7178,#7179);
#7178 = CARTESIAN_POINT('',(0.,-0.));
#7179 = VECTOR('',#7180,1.);
#7180 = DIRECTION('',(0.,1.));
#7181 = ( GEOMETRIC_REPRESENTATION_CONTEXT(2)
PARAMETRIC_REPRESENTATION_CONTEXT() REPRESENTATION_CONTEXT('2D SPACE',''
  ) );
#7182 = ORIENTED_EDGE('',*,*,#7183,.F.);
#7183 = EDGE_CURVE('',#7184,#7161,#7186,.T.);
#7184 = VERTEX_POINT('',#7185);
#7185 = CARTESIAN_POINT('',(-14.61775453854,10.684352098766,9.));
#7186 = SURFACE_CURVE('',#7187,(#7192,#7199),.PCURVE_S1.);
#7187 = CIRCLE('',#7188,3.12);
#7188 = AXIS2_PLACEMENT_3D('',#7189,#7190,#7191);
#7189 = CARTESIAN_POINT('',(-13.6506964108,13.650696410806,9.));
#7190 = DIRECTION('',(0.,0.,1.));
#7191 = DIRECTION('',(1.,0.,-0.));
#7192 = PCURVE('',#4236,#7193);
#7193 = DEFINITIONAL_REPRESENTATION('',(#7194),#7198);
#7194 = LINE('',#7195,#7196);
#7195 = CARTESIAN_POINT('',(0.,10.));
#7196 = VECTOR('',#7197,1.);
#7197 = DIRECTION('',(1.,0.));
#7198 = ( GEOMETRIC_REPRESENTATION_CONTEXT(2)
PARAMETRIC_REPRESENTATION_CONTEXT() REPRESENTATION_CONTEXT('2D SPACE',''
  ) );
#7199 = PCURVE('',#7200,#7205);
#7200 = PLANE('',#7201);
#7201 = AXIS2_PLACEMENT_3D('',#7202,#7203,#7204);
#7202 = CARTESIAN_POINT('',(-13.6506964108,13.650696410806,9.));
#7203 = DIRECTION('',(0.,0.,1.));
#7204 = DIRECTION('',(1.,0.,-0.));
#7205 = DEFINITIONAL_REPRESENTATION('',(#7206),#7210);
#7206 = CIRCLE('',#7207,3.12);
#7207 = AXIS2_PLACEMENT_2D('',#7208,#7209);
#7208 = CARTESIAN_POINT('',(0.,0.));
#7209 = DIRECTION('',(1.,0.));
#7210 = ( GEOMETRIC_REPRESENTATION_CONTEXT(2)
PARAMETRIC_REPRESENTATION_CONTEXT() REPRESENTATION_CONTEXT('2D SPACE',''
  ) );
#7211 = ORIENTED_EDGE('',*,*,#7212,.F.);
#7212 = EDGE_CURVE('',#7213,#7184,#7215,.T.);
#7213 = VERTEX_POINT('',#7214);
#7214 = CARTESIAN_POINT('',(-14.61775453854,10.684352098766,8.));
#7215 = SURFACE_CURVE('',#7216,(#7220,#7226),.PCURVE_S1.);
#7216 = LINE('',#7217,#7218);
#7217 = CARTESIAN_POINT('',(-14.61775453854,10.684352098766,-1.));
#7218 = VECTOR('',#7219,1.);
#7219 = DIRECTION('',(0.,0.,1.));
#7220 = PCURVE('',#4236,#7221);
#7221 = DEFINITIONAL_REPRESENTATION('',(#7222),#7225);
#7222 = B_SPLINE_CURVE_WITH_KNOTS('',1,(#7223,#7224),.UNSPECIFIED.,.F.,
  .F.,(2,2),(7.7,10.0000006),.PIECEWISE_BEZIER_KNOTS.);
#7223 = CARTESIAN_POINT('',(4.397243775624,7.7));
#7224 = CARTESIAN_POINT('',(4.397243775624,10.0000006));
#7225 = ( GEOMETRIC_REPRESENTATION_CONTEXT(2)
PARAMETRIC_REPRESENTATION_CONTEXT() REPRESENTATION_CONTEXT('2D SPACE',''
  ) );
#7226 = PCURVE('',#7122,#7227);
#7227 = DEFINITIONAL_REPRESENTATION('',(#7228),#7231);
#7228 = B_SPLINE_CURVE_WITH_KNOTS('',1,(#7229,#7230),.UNSPECIFIED.,.F.,
  .F.,(2,2),(7.7,10.0000006),.PIECEWISE_BEZIER_KNOTS.);
#7229 = CARTESIAN_POINT('',(8.44691423584,0.8));
#7230 = CARTESIAN_POINT('',(8.44691423584,-1.5000006));
#7231 = ( GEOMETRIC_REPRESENTATION_CONTEXT(2)
PARAMETRIC_REPRESENTATION_CONTEXT() REPRESENTATION_CONTEXT('2D SPACE',''
  ) );
#7232 = ORIENTED_EDGE('',*,*,#7233,.F.);
#7233 = EDGE_CURVE('',#7234,#7213,#7236,.T.);
#7234 = VERTEX_POINT('',#7235);
#7235 = CARTESIAN_POINT('',(-11.56574173921,15.971765995589,8.));
#7236 = SURFACE_CURVE('',#7237,(#7242,#7249),.PCURVE_S1.);
#7237 = CIRCLE('',#7238,3.12);
#7238 = AXIS2_PLACEMENT_3D('',#7239,#7240,#7241);
#7239 = CARTESIAN_POINT('',(-13.6506964108,13.650696410806,8.));
#7240 = DIRECTION('',(0.,0.,1.));
#7241 = DIRECTION('',(1.,0.,-0.));
#7242 = PCURVE('',#4236,#7243);
#7243 = DEFINITIONAL_REPRESENTATION('',(#7244),#7248);
#7244 = LINE('',#7245,#7246);
#7245 = CARTESIAN_POINT('',(0.,9.));
#7246 = VECTOR('',#7247,1.);
#7247 = DIRECTION('',(1.,0.));
#7248 = ( GEOMETRIC_REPRESENTATION_CONTEXT(2)
PARAMETRIC_REPRESENTATION_CONTEXT() REPRESENTATION_CONTEXT('2D SPACE',''
  ) );
#7249 = PCURVE('',#4459,#7250);
#7250 = DEFINITIONAL_REPRESENTATION('',(#7251),#7255);
#7251 = CIRCLE('',#7252,3.12);
#7252 = AXIS2_PLACEMENT_2D('',#7253,#7254);
#7253 = CARTESIAN_POINT('',(-13.6506964108,13.650696410806));
#7254 = DIRECTION('',(1.,0.));
#7255 = ( GEOMETRIC_REPRESENTATION_CONTEXT(2)
PARAMETRIC_REPRESENTATION_CONTEXT() REPRESENTATION_CONTEXT('2D SPACE',''
  ) );
#7256 = ORIENTED_EDGE('',*,*,#7257,.T.);
#7257 = EDGE_CURVE('',#7234,#7258,#7260,.T.);
#7258 = VERTEX_POINT('',#7259);
#7259 = CARTESIAN_POINT('',(-11.56574173921,15.971765995589,9.));
#7260 = SURFACE_CURVE('',#7261,(#7265,#7271),.PCURVE_S1.);
#7261 = LINE('',#7262,#7263);
#7262 = CARTESIAN_POINT('',(-11.56574173921,15.971765995589,-1.));
#7263 = VECTOR('',#7264,1.);
#7264 = DIRECTION('',(0.,0.,1.));
#7265 = PCURVE('',#4236,#7266);
#7266 = DEFINITIONAL_REPRESENTATION('',(#7267),#7270);
#7267 = B_SPLINE_CURVE_WITH_KNOTS('',1,(#7268,#7269),.UNSPECIFIED.,.F.,
  .F.,(2,2),(7.7,10.0000006),.PIECEWISE_BEZIER_KNOTS.);
#7268 = CARTESIAN_POINT('',(0.83893606146,7.7));
#7269 = CARTESIAN_POINT('',(0.83893606146,10.0000006));
#7270 = ( GEOMETRIC_REPRESENTATION_CONTEXT(2)
PARAMETRIC_REPRESENTATION_CONTEXT() REPRESENTATION_CONTEXT('2D SPACE',''
  ) );
#7271 = PCURVE('',#7122,#7272);
#7272 = DEFINITIONAL_REPRESENTATION('',(#7273),#7276);
#7273 = B_SPLINE_CURVE_WITH_KNOTS('',1,(#7274,#7275),.UNSPECIFIED.,.F.,
  .F.,(2,2),(7.7,10.0000006),.PIECEWISE_BEZIER_KNOTS.);
#7274 = CARTESIAN_POINT('',(2.341873053047,0.8));
#7275 = CARTESIAN_POINT('',(2.341873053047,-1.5000006));
#7276 = ( GEOMETRIC_REPRESENTATION_CONTEXT(2)
PARAMETRIC_REPRESENTATION_CONTEXT() REPRESENTATION_CONTEXT('2D SPACE',''
  ) );
#7277 = ORIENTED_EDGE('',*,*,#7278,.F.);
#7278 = EDGE_CURVE('',#7161,#7258,#7279,.T.);
#7279 = SURFACE_CURVE('',#7280,(#7285,#7292),.PCURVE_S1.);
#7280 = CIRCLE('',#7281,3.12);
#7281 = AXIS2_PLACEMENT_3D('',#7282,#7283,#7284);
#7282 = CARTESIAN_POINT('',(-13.6506964108,13.650696410806,9.));
#7283 = DIRECTION('',(0.,0.,1.));
#7284 = DIRECTION('',(1.,0.,-0.));
#7285 = PCURVE('',#4236,#7286);
#7286 = DEFINITIONAL_REPRESENTATION('',(#7287),#7291);
#7287 = LINE('',#7288,#7289);
#7288 = CARTESIAN_POINT('',(0.,10.));
#7289 = VECTOR('',#7290,1.);
#7290 = DIRECTION('',(1.,0.));
#7291 = ( GEOMETRIC_REPRESENTATION_CONTEXT(2)
PARAMETRIC_REPRESENTATION_CONTEXT() REPRESENTATION_CONTEXT('2D SPACE',''
  ) );
#7292 = PCURVE('',#7200,#7293);
#7293 = DEFINITIONAL_REPRESENTATION('',(#7294),#7298);
#7294 = CIRCLE('',#7295,3.12);
#7295 = AXIS2_PLACEMENT_2D('',#7296,#7297);
#7296 = CARTESIAN_POINT('',(0.,0.));
#7297 = DIRECTION('',(1.,0.));
#7298 = ( GEOMETRIC_REPRESENTATION_CONTEXT(2)
PARAMETRIC_REPRESENTATION_CONTEXT() REPRESENTATION_CONTEXT('2D SPACE',''
  ) );
#7299 = ORIENTED_EDGE('',*,*,#7160,.F.);
#7300 = ORIENTED_EDGE('',*,*,#4219,.T.);
#7301 = ADVANCED_FACE('',(#7302),#4267,.F.);
#7302 = FACE_BOUND('',#7303,.F.);
#7303 = EDGE_LOOP('',(#7304,#7335,#7361,#7385,#7406,#7407,#7408,#7432));
#7304 = ORIENTED_EDGE('',*,*,#7305,.F.);
#7305 = EDGE_CURVE('',#7306,#7308,#7310,.T.);
#7306 = VERTEX_POINT('',#7307);
#7307 = CARTESIAN_POINT('',(-2.833968066157,18.,9.));
#7308 = VERTEX_POINT('',#7309);
#7309 = CARTESIAN_POINT('',(2.833968066157,18.,9.));
#7310 = SURFACE_CURVE('',#7311,(#7316,#7323),.PCURVE_S1.);
#7311 = CIRCLE('',#7312,3.12);
#7312 = AXIS2_PLACEMENT_3D('',#7313,#7314,#7315);
#7313 = CARTESIAN_POINT('',(1.182090322877E-15,19.305,9.));
#7314 = DIRECTION('',(0.,0.,1.));
#7315 = DIRECTION('',(1.,0.,-0.));
#7316 = PCURVE('',#4267,#7317);
#7317 = DEFINITIONAL_REPRESENTATION('',(#7318),#7322);
#7318 = LINE('',#7319,#7320);
#7319 = CARTESIAN_POINT('',(0.,10.));
#7320 = VECTOR('',#7321,1.);
#7321 = DIRECTION('',(1.,0.));
#7322 = ( GEOMETRIC_REPRESENTATION_CONTEXT(2)
PARAMETRIC_REPRESENTATION_CONTEXT() REPRESENTATION_CONTEXT('2D SPACE',''
  ) );
#7323 = PCURVE('',#7324,#7329);
#7324 = PLANE('',#7325);
#7325 = AXIS2_PLACEMENT_3D('',#7326,#7327,#7328);
#7326 = CARTESIAN_POINT('',(1.182090322877E-15,19.305,9.));
#7327 = DIRECTION('',(0.,0.,1.));
#7328 = DIRECTION('',(1.,0.,-0.));
#7329 = DEFINITIONAL_REPRESENTATION('',(#7330),#7334);
#7330 = CIRCLE('',#7331,3.12);
#7331 = AXIS2_PLACEMENT_2D('',#7332,#7333);
#7332 = CARTESIAN_POINT('',(0.,0.));
#7333 = DIRECTION('',(1.,0.));
#7334 = ( GEOMETRIC_REPRESENTATION_CONTEXT(2)
PARAMETRIC_REPRESENTATION_CONTEXT() REPRESENTATION_CONTEXT('2D SPACE',''
  ) );
#7335 = ORIENTED_EDGE('',*,*,#7336,.F.);
#7336 = EDGE_CURVE('',#7337,#7306,#7339,.T.);
#7337 = VERTEX_POINT('',#7338);
#7338 = CARTESIAN_POINT('',(-2.833968066157,18.,8.));
#7339 = SURFACE_CURVE('',#7340,(#7344,#7350),.PCURVE_S1.);
#7340 = LINE('',#7341,#7342);
#7341 = CARTESIAN_POINT('',(-2.833968066157,18.,-1.));
#7342 = VECTOR('',#7343,1.);
#7343 = DIRECTION('',(0.,0.,1.));
#7344 = PCURVE('',#4267,#7345);
#7345 = DEFINITIONAL_REPRESENTATION('',(#7346),#7349);
#7346 = B_SPLINE_CURVE_WITH_KNOTS('',1,(#7347,#7348),.UNSPECIFIED.,.F.,
  .F.,(2,2),(7.7,10.0000006),.PIECEWISE_BEZIER_KNOTS.);
#7347 = CARTESIAN_POINT('',(3.573131680328,7.7));
#7348 = CARTESIAN_POINT('',(3.573131680328,10.0000006));
#7349 = ( GEOMETRIC_REPRESENTATION_CONTEXT(2)
PARAMETRIC_REPRESENTATION_CONTEXT() REPRESENTATION_CONTEXT('2D SPACE',''
  ) );
#7350 = PCURVE('',#7351,#7356);
#7351 = PLANE('',#7352);
#7352 = AXIS2_PLACEMENT_3D('',#7353,#7354,#7355);
#7353 = CARTESIAN_POINT('',(10.395,18.,7.5));
#7354 = DIRECTION('',(0.,-1.,0.));
#7355 = DIRECTION('',(-1.,0.,0.));
#7356 = DEFINITIONAL_REPRESENTATION('',(#7357),#7360);
#7357 = B_SPLINE_CURVE_WITH_KNOTS('',1,(#7358,#7359),.UNSPECIFIED.,.F.,
  .F.,(2,2),(7.7,10.0000006),.PIECEWISE_BEZIER_KNOTS.);
#7358 = CARTESIAN_POINT('',(13.228968066157,0.8));
#7359 = CARTESIAN_POINT('',(13.228968066157,-1.5000006));
#7360 = ( GEOMETRIC_REPRESENTATION_CONTEXT(2)
PARAMETRIC_REPRESENTATION_CONTEXT() REPRESENTATION_CONTEXT('2D SPACE',''
  ) );
#7361 = ORIENTED_EDGE('',*,*,#7362,.F.);
#7362 = EDGE_CURVE('',#7363,#7337,#7365,.T.);
#7363 = VERTEX_POINT('',#7364);
#7364 = CARTESIAN_POINT('',(3.12,19.305,8.));
#7365 = SURFACE_CURVE('',#7366,(#7371,#7378),.PCURVE_S1.);
#7366 = CIRCLE('',#7367,3.12);
#7367 = AXIS2_PLACEMENT_3D('',#7368,#7369,#7370);
#7368 = CARTESIAN_POINT('',(1.182090322877E-15,19.305,8.));
#7369 = DIRECTION('',(0.,0.,1.));
#7370 = DIRECTION('',(1.,0.,-0.));
#7371 = PCURVE('',#4267,#7372);
#7372 = DEFINITIONAL_REPRESENTATION('',(#7373),#7377);
#7373 = LINE('',#7374,#7375);
#7374 = CARTESIAN_POINT('',(0.,9.));
#7375 = VECTOR('',#7376,1.);
#7376 = DIRECTION('',(1.,0.));
#7377 = ( GEOMETRIC_REPRESENTATION_CONTEXT(2)
PARAMETRIC_REPRESENTATION_CONTEXT() REPRESENTATION_CONTEXT('2D SPACE',''
  ) );
#7378 = PCURVE('',#4459,#7379);
#7379 = DEFINITIONAL_REPRESENTATION('',(#7380),#7384);
#7380 = CIRCLE('',#7381,3.12);
#7381 = AXIS2_PLACEMENT_2D('',#7382,#7383);
#7382 = CARTESIAN_POINT('',(1.182090322877E-15,19.305));
#7383 = DIRECTION('',(1.,0.));
#7384 = ( GEOMETRIC_REPRESENTATION_CONTEXT(2)
PARAMETRIC_REPRESENTATION_CONTEXT() REPRESENTATION_CONTEXT('2D SPACE',''
  ) );
#7385 = ORIENTED_EDGE('',*,*,#7386,.F.);
#7386 = EDGE_CURVE('',#4251,#7363,#7387,.T.);
#7387 = SEAM_CURVE('',#7388,(#7392,#7399),.PCURVE_S1.);
#7388 = LINE('',#7389,#7390);
#7389 = CARTESIAN_POINT('',(3.12,19.305,-1.));
#7390 = VECTOR('',#7391,1.);
#7391 = DIRECTION('',(0.,0.,1.));
#7392 = PCURVE('',#4267,#7393);
#7393 = DEFINITIONAL_REPRESENTATION('',(#7394),#7398);
#7394 = LINE('',#7395,#7396);
#7395 = CARTESIAN_POINT('',(6.28318530718,-0.));
#7396 = VECTOR('',#7397,1.);
#7397 = DIRECTION('',(0.,1.));
#7398 = ( GEOMETRIC_REPRESENTATION_CONTEXT(2)
PARAMETRIC_REPRESENTATION_CONTEXT() REPRESENTATION_CONTEXT('2D SPACE',''
  ) );
#7399 = PCURVE('',#4267,#7400);
#7400 = DEFINITIONAL_REPRESENTATION('',(#7401),#7405);
#7401 = LINE('',#7402,#7403);
#7402 = CARTESIAN_POINT('',(0.,-0.));
#7403 = VECTOR('',#7404,1.);
#7404 = DIRECTION('',(0.,1.));
#7405 = ( GEOMETRIC_REPRESENTATION_CONTEXT(2)
PARAMETRIC_REPRESENTATION_CONTEXT() REPRESENTATION_CONTEXT('2D SPACE',''
  ) );
#7406 = ORIENTED_EDGE('',*,*,#4250,.T.);
#7407 = ORIENTED_EDGE('',*,*,#7386,.T.);
#7408 = ORIENTED_EDGE('',*,*,#7409,.F.);
#7409 = EDGE_CURVE('',#7410,#7363,#7412,.T.);
#7410 = VERTEX_POINT('',#7411);
#7411 = CARTESIAN_POINT('',(2.833968066157,18.,8.));
#7412 = SURFACE_CURVE('',#7413,(#7418,#7425),.PCURVE_S1.);
#7413 = CIRCLE('',#7414,3.12);
#7414 = AXIS2_PLACEMENT_3D('',#7415,#7416,#7417);
#7415 = CARTESIAN_POINT('',(1.182090322877E-15,19.305,8.));
#7416 = DIRECTION('',(0.,0.,1.));
#7417 = DIRECTION('',(1.,0.,-0.));
#7418 = PCURVE('',#4267,#7419);
#7419 = DEFINITIONAL_REPRESENTATION('',(#7420),#7424);
#7420 = LINE('',#7421,#7422);
#7421 = CARTESIAN_POINT('',(0.,9.));
#7422 = VECTOR('',#7423,1.);
#7423 = DIRECTION('',(1.,0.));
#7424 = ( GEOMETRIC_REPRESENTATION_CONTEXT(2)
PARAMETRIC_REPRESENTATION_CONTEXT() REPRESENTATION_CONTEXT('2D SPACE',''
  ) );
#7425 = PCURVE('',#4459,#7426);
#7426 = DEFINITIONAL_REPRESENTATION('',(#7427),#7431);
#7427 = CIRCLE('',#7428,3.12);
#7428 = AXIS2_PLACEMENT_2D('',#7429,#7430);
#7429 = CARTESIAN_POINT('',(1.182090322877E-15,19.305));
#7430 = DIRECTION('',(1.,0.));
#7431 = ( GEOMETRIC_REPRESENTATION_CONTEXT(2)
PARAMETRIC_REPRESENTATION_CONTEXT() REPRESENTATION_CONTEXT('2D SPACE',''
  ) );
#7432 = ORIENTED_EDGE('',*,*,#7433,.T.);
#7433 = EDGE_CURVE('',#7410,#7308,#7434,.T.);
#7434 = SURFACE_CURVE('',#7435,(#7439,#7445),.PCURVE_S1.);
#7435 = LINE('',#7436,#7437);
#7436 = CARTESIAN_POINT('',(2.833968066157,18.,-1.));
#7437 = VECTOR('',#7438,1.);
#7438 = DIRECTION('',(0.,0.,1.));
#7439 = PCURVE('',#4267,#7440);
#7440 = DEFINITIONAL_REPRESENTATION('',(#7441),#7444);
#7441 = B_SPLINE_CURVE_WITH_KNOTS('',1,(#7442,#7443),.UNSPECIFIED.,.F.,
  .F.,(2,2),(7.7,10.0000006),.PIECEWISE_BEZIER_KNOTS.);
#7442 = CARTESIAN_POINT('',(5.851646280441,7.7));
#7443 = CARTESIAN_POINT('',(5.851646280441,10.0000006));
#7444 = ( GEOMETRIC_REPRESENTATION_CONTEXT(2)
PARAMETRIC_REPRESENTATION_CONTEXT() REPRESENTATION_CONTEXT('2D SPACE',''
  ) );
#7445 = PCURVE('',#7351,#7446);
#7446 = DEFINITIONAL_REPRESENTATION('',(#7447),#7450);
#7447 = B_SPLINE_CURVE_WITH_KNOTS('',1,(#7448,#7449),.UNSPECIFIED.,.F.,
  .F.,(2,2),(7.7,10.0000006),.PIECEWISE_BEZIER_KNOTS.);
#7448 = CARTESIAN_POINT('',(7.561031933843,0.8));
#7449 = CARTESIAN_POINT('',(7.561031933843,-1.5000006));
#7450 = ( GEOMETRIC_REPRESENTATION_CONTEXT(2)
PARAMETRIC_REPRESENTATION_CONTEXT() REPRESENTATION_CONTEXT('2D SPACE',''
  ) );
#7451 = ADVANCED_FACE('',(#7452),#4298,.F.);
#7452 = FACE_BOUND('',#7453,.F.);
#7453 = EDGE_LOOP('',(#7454,#7485,#7506,#7530,#7551,#7552,#7553,#7577));
#7454 = ORIENTED_EDGE('',*,*,#7455,.F.);
#7455 = EDGE_CURVE('',#7456,#7458,#7460,.T.);
#7456 = VERTEX_POINT('',#7457);
#7457 = CARTESIAN_POINT('',(11.565741739213,15.971765995589,9.));
#7458 = VERTEX_POINT('',#7459);
#7459 = CARTESIAN_POINT('',(14.617754538546,10.684352098766,9.));
#7460 = SURFACE_CURVE('',#7461,(#7466,#7473),.PCURVE_S1.);
#7461 = CIRCLE('',#7462,3.12);
#7462 = AXIS2_PLACEMENT_3D('',#7463,#7464,#7465);
#7463 = CARTESIAN_POINT('',(13.650696410806,13.650696410806,9.));
#7464 = DIRECTION('',(0.,0.,1.));
#7465 = DIRECTION('',(1.,0.,-0.));
#7466 = PCURVE('',#4298,#7467);
#7467 = DEFINITIONAL_REPRESENTATION('',(#7468),#7472);
#7468 = LINE('',#7469,#7470);
#7469 = CARTESIAN_POINT('',(0.,10.));
#7470 = VECTOR('',#7471,1.);
#7471 = DIRECTION('',(1.,0.));
#7472 = ( GEOMETRIC_REPRESENTATION_CONTEXT(2)
PARAMETRIC_REPRESENTATION_CONTEXT() REPRESENTATION_CONTEXT('2D SPACE',''
  ) );
#7473 = PCURVE('',#7474,#7479);
#7474 = PLANE('',#7475);
#7475 = AXIS2_PLACEMENT_3D('',#7476,#7477,#7478);
#7476 = CARTESIAN_POINT('',(13.650696410806,13.650696410806,9.));
#7477 = DIRECTION('',(0.,0.,1.));
#7478 = DIRECTION('',(1.,0.,-0.));
#7479 = DEFINITIONAL_REPRESENTATION('',(#7480),#7484);
#7480 = CIRCLE('',#7481,3.12);
#7481 = AXIS2_PLACEMENT_2D('',#7482,#7483);
#7482 = CARTESIAN_POINT('',(0.,0.));
#7483 = DIRECTION('',(1.,0.));
#7484 = ( GEOMETRIC_REPRESENTATION_CONTEXT(2)
PARAMETRIC_REPRESENTATION_CONTEXT() REPRESENTATION_CONTEXT('2D SPACE',''
  ) );
#7485 = ORIENTED_EDGE('',*,*,#7486,.F.);
#7486 = EDGE_CURVE('',#7487,#7456,#7489,.T.);
#7487 = VERTEX_POINT('',#7488);
#7488 = CARTESIAN_POINT('',(11.565741739213,15.971765995589,8.));
#7489 = SURFACE_CURVE('',#7490,(#7494,#7500),.PCURVE_S1.);
#7490 = LINE('',#7491,#7492);
#7491 = CARTESIAN_POINT('',(11.565741739213,15.971765995589,-1.));
#7492 = VECTOR('',#7493,1.);
#7493 = DIRECTION('',(0.,0.,1.));
#7494 = PCURVE('',#4298,#7495);
#7495 = DEFINITIONAL_REPRESENTATION('',(#7496),#7499);
#7496 = B_SPLINE_CURVE_WITH_KNOTS('',1,(#7497,#7498),.UNSPECIFIED.,.F.,
  .F.,(2,2),(7.7,10.0000006),.PIECEWISE_BEZIER_KNOTS.);
#7497 = CARTESIAN_POINT('',(2.30265659213,7.7));
#7498 = CARTESIAN_POINT('',(2.30265659213,10.0000006));
#7499 = ( GEOMETRIC_REPRESENTATION_CONTEXT(2)
PARAMETRIC_REPRESENTATION_CONTEXT() REPRESENTATION_CONTEXT('2D SPACE',''
  ) );
#7500 = PCURVE('',#6906,#7501);
#7501 = DEFINITIONAL_REPRESENTATION('',(#7502),#7505);
#7502 = B_SPLINE_CURVE_WITH_KNOTS('',1,(#7503,#7504),.UNSPECIFIED.,.F.,
  .F.,(2,2),(7.7,10.0000006),.PIECEWISE_BEZIER_KNOTS.);
#7503 = CARTESIAN_POINT('',(18.441584310924,0.8));
#7504 = CARTESIAN_POINT('',(18.441584310924,-1.5000006));
#7505 = ( GEOMETRIC_REPRESENTATION_CONTEXT(2)
PARAMETRIC_REPRESENTATION_CONTEXT() REPRESENTATION_CONTEXT('2D SPACE',''
  ) );
#7506 = ORIENTED_EDGE('',*,*,#7507,.F.);
#7507 = EDGE_CURVE('',#7508,#7487,#7510,.T.);
#7508 = VERTEX_POINT('',#7509);
#7509 = CARTESIAN_POINT('',(16.770696410806,13.650696410806,8.));
#7510 = SURFACE_CURVE('',#7511,(#7516,#7523),.PCURVE_S1.);
#7511 = CIRCLE('',#7512,3.12);
#7512 = AXIS2_PLACEMENT_3D('',#7513,#7514,#7515);
#7513 = CARTESIAN_POINT('',(13.650696410806,13.650696410806,8.));
#7514 = DIRECTION('',(0.,0.,1.));
#7515 = DIRECTION('',(1.,0.,-0.));
#7516 = PCURVE('',#4298,#7517);
#7517 = DEFINITIONAL_REPRESENTATION('',(#7518),#7522);
#7518 = LINE('',#7519,#7520);
#7519 = CARTESIAN_POINT('',(0.,9.));
#7520 = VECTOR('',#7521,1.);
#7521 = DIRECTION('',(1.,0.));
#7522 = ( GEOMETRIC_REPRESENTATION_CONTEXT(2)
PARAMETRIC_REPRESENTATION_CONTEXT() REPRESENTATION_CONTEXT('2D SPACE',''
  ) );
#7523 = PCURVE('',#4459,#7524);
#7524 = DEFINITIONAL_REPRESENTATION('',(#7525),#7529);
#7525 = CIRCLE('',#7526,3.12);
#7526 = AXIS2_PLACEMENT_2D('',#7527,#7528);
#7527 = CARTESIAN_POINT('',(13.650696410806,13.650696410806));
#7528 = DIRECTION('',(1.,0.));
#7529 = ( GEOMETRIC_REPRESENTATION_CONTEXT(2)
PARAMETRIC_REPRESENTATION_CONTEXT() REPRESENTATION_CONTEXT('2D SPACE',''
  ) );
#7530 = ORIENTED_EDGE('',*,*,#7531,.F.);
#7531 = EDGE_CURVE('',#4282,#7508,#7532,.T.);
#7532 = SEAM_CURVE('',#7533,(#7537,#7544),.PCURVE_S1.);
#7533 = LINE('',#7534,#7535);
#7534 = CARTESIAN_POINT('',(16.770696410806,13.650696410806,-1.));
#7535 = VECTOR('',#7536,1.);
#7536 = DIRECTION('',(0.,0.,1.));
#7537 = PCURVE('',#4298,#7538);
#7538 = DEFINITIONAL_REPRESENTATION('',(#7539),#7543);
#7539 = LINE('',#7540,#7541);
#7540 = CARTESIAN_POINT('',(6.28318530718,-0.));
#7541 = VECTOR('',#7542,1.);
#7542 = DIRECTION('',(0.,1.));
#7543 = ( GEOMETRIC_REPRESENTATION_CONTEXT(2)
PARAMETRIC_REPRESENTATION_CONTEXT() REPRESENTATION_CONTEXT('2D SPACE',''
  ) );
#7544 = PCURVE('',#4298,#7545);
#7545 = DEFINITIONAL_REPRESENTATION('',(#7546),#7550);
#7546 = LINE('',#7547,#7548);
#7547 = CARTESIAN_POINT('',(0.,-0.));
#7548 = VECTOR('',#7549,1.);
#7549 = DIRECTION('',(0.,1.));
#7550 = ( GEOMETRIC_REPRESENTATION_CONTEXT(2)
PARAMETRIC_REPRESENTATION_CONTEXT() REPRESENTATION_CONTEXT('2D SPACE',''
  ) );
#7551 = ORIENTED_EDGE('',*,*,#4281,.T.);
#7552 = ORIENTED_EDGE('',*,*,#7531,.T.);
#7553 = ORIENTED_EDGE('',*,*,#7554,.F.);
#7554 = EDGE_CURVE('',#7555,#7508,#7557,.T.);
#7555 = VERTEX_POINT('',#7556);
#7556 = CARTESIAN_POINT('',(14.617754538546,10.684352098766,8.));
#7557 = SURFACE_CURVE('',#7558,(#7563,#7570),.PCURVE_S1.);
#7558 = CIRCLE('',#7559,3.12);
#7559 = AXIS2_PLACEMENT_3D('',#7560,#7561,#7562);
#7560 = CARTESIAN_POINT('',(13.650696410806,13.650696410806,8.));
#7561 = DIRECTION('',(0.,0.,1.));
#7562 = DIRECTION('',(1.,0.,-0.));
#7563 = PCURVE('',#4298,#7564);
#7564 = DEFINITIONAL_REPRESENTATION('',(#7565),#7569);
#7565 = LINE('',#7566,#7567);
#7566 = CARTESIAN_POINT('',(0.,9.));
#7567 = VECTOR('',#7568,1.);
#7568 = DIRECTION('',(1.,0.));
#7569 = ( GEOMETRIC_REPRESENTATION_CONTEXT(2)
PARAMETRIC_REPRESENTATION_CONTEXT() REPRESENTATION_CONTEXT('2D SPACE',''
  ) );
#7570 = PCURVE('',#4459,#7571);
#7571 = DEFINITIONAL_REPRESENTATION('',(#7572),#7576);
#7572 = CIRCLE('',#7573,3.12);
#7573 = AXIS2_PLACEMENT_2D('',#7574,#7575);
#7574 = CARTESIAN_POINT('',(13.650696410806,13.650696410806));
#7575 = DIRECTION('',(1.,0.));
#7576 = ( GEOMETRIC_REPRESENTATION_CONTEXT(2)
PARAMETRIC_REPRESENTATION_CONTEXT() REPRESENTATION_CONTEXT('2D SPACE',''
  ) );
#7577 = ORIENTED_EDGE('',*,*,#7578,.T.);
#7578 = EDGE_CURVE('',#7555,#7458,#7579,.T.);
#7579 = SURFACE_CURVE('',#7580,(#7584,#7590),.PCURVE_S1.);
#7580 = LINE('',#7581,#7582);
#7581 = CARTESIAN_POINT('',(14.617754538546,10.684352098766,-1.));
#7582 = VECTOR('',#7583,1.);
#7583 = DIRECTION('',(0.,0.,1.));
#7584 = PCURVE('',#4298,#7585);
#7585 = DEFINITIONAL_REPRESENTATION('',(#7586),#7589);
#7586 = B_SPLINE_CURVE_WITH_KNOTS('',1,(#7587,#7588),.UNSPECIFIED.,.F.,
  .F.,(2,2),(7.7,10.0000006),.PIECEWISE_BEZIER_KNOTS.);
#7587 = CARTESIAN_POINT('',(5.027534185145,7.7));
#7588 = CARTESIAN_POINT('',(5.027534185145,10.0000006));
#7589 = ( GEOMETRIC_REPRESENTATION_CONTEXT(2)
PARAMETRIC_REPRESENTATION_CONTEXT() REPRESENTATION_CONTEXT('2D SPACE',''
  ) );
#7590 = PCURVE('',#6906,#7591);
#7591 = DEFINITIONAL_REPRESENTATION('',(#7592),#7595);
#7592 = B_SPLINE_CURVE_WITH_KNOTS('',1,(#7593,#7594),.UNSPECIFIED.,.F.,
  .F.,(2,2),(7.7,10.0000006),.PIECEWISE_BEZIER_KNOTS.);
#7593 = CARTESIAN_POINT('',(12.336543128131,0.8));
#7594 = CARTESIAN_POINT('',(12.336543128131,-1.5000006));
#7595 = ( GEOMETRIC_REPRESENTATION_CONTEXT(2)
PARAMETRIC_REPRESENTATION_CONTEXT() REPRESENTATION_CONTEXT('2D SPACE',''
  ) );
#7596 = ADVANCED_FACE('',(#7597,#7737),#4368,.T.);
#7597 = FACE_BOUND('',#7598,.T.);
#7598 = EDGE_LOOP('',(#7599,#7624,#7647,#7670,#7693,#7716));
#7599 = ORIENTED_EDGE('',*,*,#7600,.T.);
#7600 = EDGE_CURVE('',#7601,#7603,#7605,.T.);
#7601 = VERTEX_POINT('',#7602);
#7602 = CARTESIAN_POINT('',(-20.785,0.,21.));
#7603 = VERTEX_POINT('',#7604);
#7604 = CARTESIAN_POINT('',(-10.395,-18.,21.));
#7605 = SURFACE_CURVE('',#7606,(#7610,#7617),.PCURVE_S1.);
#7606 = LINE('',#7607,#7608);
#7607 = CARTESIAN_POINT('',(-20.785,0.,21.));
#7608 = VECTOR('',#7609,1.);
#7609 = DIRECTION('',(0.499916824138,-0.866073420066,0.));
#7610 = PCURVE('',#4368,#7611);
#7611 = DEFINITIONAL_REPRESENTATION('',(#7612),#7616);
#7612 = LINE('',#7613,#7614);
#7613 = CARTESIAN_POINT('',(-20.785,-2.278954110735E-16));
#7614 = VECTOR('',#7615,1.);
#7615 = DIRECTION('',(0.499916824138,-0.866073420066));
#7616 = ( GEOMETRIC_REPRESENTATION_CONTEXT(2)
PARAMETRIC_REPRESENTATION_CONTEXT() REPRESENTATION_CONTEXT('2D SPACE',''
  ) );
#7617 = PCURVE('',#6477,#7618);
#7618 = DEFINITIONAL_REPRESENTATION('',(#7619),#7623);
#7619 = LINE('',#7620,#7621);
#7620 = CARTESIAN_POINT('',(0.,-13.5));
#7621 = VECTOR('',#7622,1.);
#7622 = DIRECTION('',(1.,0.));
#7623 = ( GEOMETRIC_REPRESENTATION_CONTEXT(2)
PARAMETRIC_REPRESENTATION_CONTEXT() REPRESENTATION_CONTEXT('2D SPACE',''
  ) );
#7624 = ORIENTED_EDGE('',*,*,#7625,.T.);
#7625 = EDGE_CURVE('',#7603,#7626,#7628,.T.);
#7626 = VERTEX_POINT('',#7627);
#7627 = CARTESIAN_POINT('',(10.395,-18.,21.));
#7628 = SURFACE_CURVE('',#7629,(#7633,#7640),.PCURVE_S1.);
#7629 = LINE('',#7630,#7631);
#7630 = CARTESIAN_POINT('',(-10.395,-18.,21.));
#7631 = VECTOR('',#7632,1.);
#7632 = DIRECTION('',(1.,0.,0.));
#7633 = PCURVE('',#4368,#7634);
#7634 = DEFINITIONAL_REPRESENTATION('',(#7635),#7639);
#7635 = LINE('',#7636,#7637);
#7636 = CARTESIAN_POINT('',(-10.395,-18.));
#7637 = VECTOR('',#7638,1.);
#7638 = DIRECTION('',(1.,0.));
#7639 = ( GEOMETRIC_REPRESENTATION_CONTEXT(2)
PARAMETRIC_REPRESENTATION_CONTEXT() REPRESENTATION_CONTEXT('2D SPACE',''
  ) );
#7640 = PCURVE('',#6606,#7641);
#7641 = DEFINITIONAL_REPRESENTATION('',(#7642),#7646);
#7642 = LINE('',#7643,#7644);
#7643 = CARTESIAN_POINT('',(0.,-13.5));
#7644 = VECTOR('',#7645,1.);
#7645 = DIRECTION('',(1.,0.));
#7646 = ( GEOMETRIC_REPRESENTATION_CONTEXT(2)
PARAMETRIC_REPRESENTATION_CONTEXT() REPRESENTATION_CONTEXT('2D SPACE',''
  ) );
#7647 = ORIENTED_EDGE('',*,*,#7648,.T.);
#7648 = EDGE_CURVE('',#7626,#7649,#7651,.T.);
#7649 = VERTEX_POINT('',#7650);
#7650 = CARTESIAN_POINT('',(20.785,0.,21.));
#7651 = SURFACE_CURVE('',#7652,(#7656,#7663),.PCURVE_S1.);
#7652 = LINE('',#7653,#7654);
#7653 = CARTESIAN_POINT('',(10.395,-18.,21.));
#7654 = VECTOR('',#7655,1.);
#7655 = DIRECTION('',(0.499916824138,0.866073420066,0.));
#7656 = PCURVE('',#4368,#7657);
#7657 = DEFINITIONAL_REPRESENTATION('',(#7658),#7662);
#7658 = LINE('',#7659,#7660);
#7659 = CARTESIAN_POINT('',(10.395,-18.));
#7660 = VECTOR('',#7661,1.);
#7661 = DIRECTION('',(0.499916824138,0.866073420066));
#7662 = ( GEOMETRIC_REPRESENTATION_CONTEXT(2)
PARAMETRIC_REPRESENTATION_CONTEXT() REPRESENTATION_CONTEXT('2D SPACE',''
  ) );
#7663 = PCURVE('',#6756,#7664);
#7664 = DEFINITIONAL_REPRESENTATION('',(#7665),#7669);
#7665 = LINE('',#7666,#7667);
#7666 = CARTESIAN_POINT('',(0.,-13.5));
#7667 = VECTOR('',#7668,1.);
#7668 = DIRECTION('',(1.,0.));
#7669 = ( GEOMETRIC_REPRESENTATION_CONTEXT(2)
PARAMETRIC_REPRESENTATION_CONTEXT() REPRESENTATION_CONTEXT('2D SPACE',''
  ) );
#7670 = ORIENTED_EDGE('',*,*,#7671,.T.);
#7671 = EDGE_CURVE('',#7649,#7672,#7674,.T.);
#7672 = VERTEX_POINT('',#7673);
#7673 = CARTESIAN_POINT('',(10.395,18.,21.));
#7674 = SURFACE_CURVE('',#7675,(#7679,#7686),.PCURVE_S1.);
#7675 = LINE('',#7676,#7677);
#7676 = CARTESIAN_POINT('',(20.785,0.,21.));
#7677 = VECTOR('',#7678,1.);
#7678 = DIRECTION('',(-0.499916824138,0.866073420066,0.));
#7679 = PCURVE('',#4368,#7680);
#7680 = DEFINITIONAL_REPRESENTATION('',(#7681),#7685);
#7681 = LINE('',#7682,#7683);
#7682 = CARTESIAN_POINT('',(20.785,-2.278954110735E-16));
#7683 = VECTOR('',#7684,1.);
#7684 = DIRECTION('',(-0.499916824138,0.866073420066));
#7685 = ( GEOMETRIC_REPRESENTATION_CONTEXT(2)
PARAMETRIC_REPRESENTATION_CONTEXT() REPRESENTATION_CONTEXT('2D SPACE',''
  ) );
#7686 = PCURVE('',#6906,#7687);
#7687 = DEFINITIONAL_REPRESENTATION('',(#7688),#7692);
#7688 = LINE('',#7689,#7690);
#7689 = CARTESIAN_POINT('',(0.,-13.5));
#7690 = VECTOR('',#7691,1.);
#7691 = DIRECTION('',(1.,0.));
#7692 = ( GEOMETRIC_REPRESENTATION_CONTEXT(2)
PARAMETRIC_REPRESENTATION_CONTEXT() REPRESENTATION_CONTEXT('2D SPACE',''
  ) );
#7693 = ORIENTED_EDGE('',*,*,#7694,.T.);
#7694 = EDGE_CURVE('',#7672,#7695,#7697,.T.);
#7695 = VERTEX_POINT('',#7696);
#7696 = CARTESIAN_POINT('',(-10.395,18.,21.));
#7697 = SURFACE_CURVE('',#7698,(#7702,#7709),.PCURVE_S1.);
#7698 = LINE('',#7699,#7700);
#7699 = CARTESIAN_POINT('',(10.395,18.,21.));
#7700 = VECTOR('',#7701,1.);
#7701 = DIRECTION('',(-1.,0.,0.));
#7702 = PCURVE('',#4368,#7703);
#7703 = DEFINITIONAL_REPRESENTATION('',(#7704),#7708);
#7704 = LINE('',#7705,#7706);
#7705 = CARTESIAN_POINT('',(10.395,18.));
#7706 = VECTOR('',#7707,1.);
#7707 = DIRECTION('',(-1.,0.));
#7708 = ( GEOMETRIC_REPRESENTATION_CONTEXT(2)
PARAMETRIC_REPRESENTATION_CONTEXT() REPRESENTATION_CONTEXT('2D SPACE',''
  ) );
#7709 = PCURVE('',#7351,#7710);
#7710 = DEFINITIONAL_REPRESENTATION('',(#7711),#7715);
#7711 = LINE('',#7712,#7713);
#7712 = CARTESIAN_POINT('',(0.,-13.5));
#7713 = VECTOR('',#7714,1.);
#7714 = DIRECTION('',(1.,0.));
#7715 = ( GEOMETRIC_REPRESENTATION_CONTEXT(2)
PARAMETRIC_REPRESENTATION_CONTEXT() REPRESENTATION_CONTEXT('2D SPACE',''
  ) );
#7716 = ORIENTED_EDGE('',*,*,#7717,.T.);
#7717 = EDGE_CURVE('',#7695,#7601,#7718,.T.);
#7718 = SURFACE_CURVE('',#7719,(#7723,#7730),.PCURVE_S1.);
#7719 = LINE('',#7720,#7721);
#7720 = CARTESIAN_POINT('',(-10.395,18.,21.));
#7721 = VECTOR('',#7722,1.);
#7722 = DIRECTION('',(-0.499916824138,-0.866073420066,0.));
#7723 = PCURVE('',#4368,#7724);
#7724 = DEFINITIONAL_REPRESENTATION('',(#7725),#7729);
#7725 = LINE('',#7726,#7727);
#7726 = CARTESIAN_POINT('',(-10.395,18.));
#7727 = VECTOR('',#7728,1.);
#7728 = DIRECTION('',(-0.499916824138,-0.866073420066));
#7729 = ( GEOMETRIC_REPRESENTATION_CONTEXT(2)
PARAMETRIC_REPRESENTATION_CONTEXT() REPRESENTATION_CONTEXT('2D SPACE',''
  ) );
#7730 = PCURVE('',#7122,#7731);
#7731 = DEFINITIONAL_REPRESENTATION('',(#7732),#7736);
#7732 = LINE('',#7733,#7734);
#7733 = CARTESIAN_POINT('',(0.,-13.5));
#7734 = VECTOR('',#7735,1.);
#7735 = DIRECTION('',(1.,0.));
#7736 = ( GEOMETRIC_REPRESENTATION_CONTEXT(2)
PARAMETRIC_REPRESENTATION_CONTEXT() REPRESENTATION_CONTEXT('2D SPACE',''
  ) );
#7737 = FACE_BOUND('',#7738,.T.);
#7738 = EDGE_LOOP('',(#7739));
#7739 = ORIENTED_EDGE('',*,*,#4353,.F.);
#7740 = ADVANCED_FACE('',(#7741),#4400,.F.);
#7741 = FACE_BOUND('',#7742,.F.);
#7742 = EDGE_LOOP('',(#7743,#7766,#7767,#7768,#7791));
#7743 = ORIENTED_EDGE('',*,*,#7744,.F.);
#7744 = EDGE_CURVE('',#2236,#7745,#7747,.T.);
#7745 = VERTEX_POINT('',#7746);
#7746 = CARTESIAN_POINT('',(38.,3.1875,0.));
#7747 = SURFACE_CURVE('',#7748,(#7752,#7759),.PCURVE_S1.);
#7748 = LINE('',#7749,#7750);
#7749 = CARTESIAN_POINT('',(28.25,3.1875,0.));
#7750 = VECTOR('',#7751,1.);
#7751 = DIRECTION('',(1.,0.,0.));
#7752 = PCURVE('',#4400,#7753);
#7753 = DEFINITIONAL_REPRESENTATION('',(#7754),#7758);
#7754 = LINE('',#7755,#7756);
#7755 = CARTESIAN_POINT('',(0.,6.375));
#7756 = VECTOR('',#7757,1.);
#7757 = DIRECTION('',(1.,0.));
#7758 = ( GEOMETRIC_REPRESENTATION_CONTEXT(2)
PARAMETRIC_REPRESENTATION_CONTEXT() REPRESENTATION_CONTEXT('2D SPACE',''
  ) );
#7759 = PCURVE('',#4484,#7760);
#7760 = DEFINITIONAL_REPRESENTATION('',(#7761),#7765);
#7761 = LINE('',#7762,#7763);
#7762 = CARTESIAN_POINT('',(0.,0.));
#7763 = VECTOR('',#7764,1.);
#7764 = DIRECTION('',(0.,1.));
#7765 = ( GEOMETRIC_REPRESENTATION_CONTEXT(2)
PARAMETRIC_REPRESENTATION_CONTEXT() REPRESENTATION_CONTEXT('2D SPACE',''
  ) );
#7766 = ORIENTED_EDGE('',*,*,#4412,.F.);
#7767 = ORIENTED_EDGE('',*,*,#4383,.F.);
#7768 = ORIENTED_EDGE('',*,*,#7769,.T.);
#7769 = EDGE_CURVE('',#4010,#7770,#7772,.T.);
#7770 = VERTEX_POINT('',#7771);
#7771 = CARTESIAN_POINT('',(38.,-3.1875,0.));
#7772 = SURFACE_CURVE('',#7773,(#7777,#7784),.PCURVE_S1.);
#7773 = LINE('',#7774,#7775);
#7774 = CARTESIAN_POINT('',(28.25,-3.1875,0.));
#7775 = VECTOR('',#7776,1.);
#7776 = DIRECTION('',(1.,0.,0.));
#7777 = PCURVE('',#4400,#7778);
#7778 = DEFINITIONAL_REPRESENTATION('',(#7779),#7783);
#7779 = LINE('',#7780,#7781);
#7780 = CARTESIAN_POINT('',(0.,0.));
#7781 = VECTOR('',#7782,1.);
#7782 = DIRECTION('',(1.,0.));
#7783 = ( GEOMETRIC_REPRESENTATION_CONTEXT(2)
PARAMETRIC_REPRESENTATION_CONTEXT() REPRESENTATION_CONTEXT('2D SPACE',''
  ) );
#7784 = PCURVE('',#4587,#7785);
#7785 = DEFINITIONAL_REPRESENTATION('',(#7786),#7790);
#7786 = LINE('',#7787,#7788);
#7787 = CARTESIAN_POINT('',(0.,0.));
#7788 = VECTOR('',#7789,1.);
#7789 = DIRECTION('',(0.,1.));
#7790 = ( GEOMETRIC_REPRESENTATION_CONTEXT(2)
PARAMETRIC_REPRESENTATION_CONTEXT() REPRESENTATION_CONTEXT('2D SPACE',''
  ) );
#7791 = ORIENTED_EDGE('',*,*,#7792,.T.);
#7792 = EDGE_CURVE('',#7770,#7745,#7793,.T.);
#7793 = SURFACE_CURVE('',#7794,(#7798,#7805),.PCURVE_S1.);
#7794 = LINE('',#7795,#7796);
#7795 = CARTESIAN_POINT('',(38.,-3.1875,0.));
#7796 = VECTOR('',#7797,1.);
#7797 = DIRECTION('',(0.,1.,0.));
#7798 = PCURVE('',#4400,#7799);
#7799 = DEFINITIONAL_REPRESENTATION('',(#7800),#7804);
#7800 = LINE('',#7801,#7802);
#7801 = CARTESIAN_POINT('',(9.75,0.));
#7802 = VECTOR('',#7803,1.);
#7803 = DIRECTION('',(0.,1.));
#7804 = ( GEOMETRIC_REPRESENTATION_CONTEXT(2)
PARAMETRIC_REPRESENTATION_CONTEXT() REPRESENTATION_CONTEXT('2D SPACE',''
  ) );
#7805 = PCURVE('',#7806,#7811);
#7806 = PLANE('',#7807);
#7807 = AXIS2_PLACEMENT_3D('',#7808,#7809,#7810);
#7808 = CARTESIAN_POINT('',(38.,-3.1875,0.));
#7809 = DIRECTION('',(1.,0.,0.));
#7810 = DIRECTION('',(0.,0.,1.));
#7811 = DEFINITIONAL_REPRESENTATION('',(#7812),#7816);
#7812 = LINE('',#7813,#7814);
#7813 = CARTESIAN_POINT('',(0.,0.));
#7814 = VECTOR('',#7815,1.);
#7815 = DIRECTION('',(0.,-1.));
#7816 = ( GEOMETRIC_REPRESENTATION_CONTEXT(2)
PARAMETRIC_REPRESENTATION_CONTEXT() REPRESENTATION_CONTEXT('2D SPACE',''
  ) );
#7817 = ADVANCED_FACE('',(#7818,#9134),#4459,.T.);
#7818 = FACE_BOUND('',#7819,.T.);
#7819 = EDGE_LOOP('',(#7820,#7850,#7871,#7872,#7900,#7923,#7944,#7945,
    #7973,#7996,#8017,#8018,#8046,#8069,#8090,#8091,#8119,#8142,#8163,
    #8164,#8192,#8215,#8236,#8237,#8265,#8288,#8309,#8310,#8338,#8361,
    #8382,#8383,#8411,#8434,#8455,#8456,#8484,#8507,#8528,#8529,#8557,
    #8580,#8601,#8602,#8630,#8653,#8674,#8675,#8703,#8726,#8747,#8748,
    #8776,#8799,#8820,#8821,#8849,#8872,#8893,#8894,#8922,#8945,#8966,
    #8967,#8995,#9018,#9039,#9040,#9068,#9091,#9112,#9113));
#7820 = ORIENTED_EDGE('',*,*,#7821,.T.);
#7821 = EDGE_CURVE('',#7822,#7824,#7826,.T.);
#7822 = VERTEX_POINT('',#7823);
#7823 = CARTESIAN_POINT('',(28.25,-3.1875,8.));
#7824 = VERTEX_POINT('',#7825);
#7825 = CARTESIAN_POINT('',(28.25,3.1875,8.));
#7826 = SURFACE_CURVE('',#7827,(#7831,#7838),.PCURVE_S1.);
#7827 = LINE('',#7828,#7829);
#7828 = CARTESIAN_POINT('',(28.25,-3.1875,8.));
#7829 = VECTOR('',#7830,1.);
#7830 = DIRECTION('',(0.,1.,0.));
#7831 = PCURVE('',#4459,#7832);
#7832 = DEFINITIONAL_REPRESENTATION('',(#7833),#7837);
#7833 = LINE('',#7834,#7835);
#7834 = CARTESIAN_POINT('',(28.25,-3.1875));
#7835 = VECTOR('',#7836,1.);
#7836 = DIRECTION('',(0.,1.));
#7837 = ( GEOMETRIC_REPRESENTATION_CONTEXT(2)
PARAMETRIC_REPRESENTATION_CONTEXT() REPRESENTATION_CONTEXT('2D SPACE',''
  ) );
#7838 = PCURVE('',#7839,#7844);
#7839 = PLANE('',#7840);
#7840 = AXIS2_PLACEMENT_3D('',#7841,#7842,#7843);
#7841 = CARTESIAN_POINT('',(0.,0.,8.));
#7842 = DIRECTION('',(0.,0.,1.));
#7843 = DIRECTION('',(1.,0.,-0.));
#7844 = DEFINITIONAL_REPRESENTATION('',(#7845),#7849);
#7845 = LINE('',#7846,#7847);
#7846 = CARTESIAN_POINT('',(28.25,-3.1875));
#7847 = VECTOR('',#7848,1.);
#7848 = DIRECTION('',(0.,1.));
#7849 = ( GEOMETRIC_REPRESENTATION_CONTEXT(2)
PARAMETRIC_REPRESENTATION_CONTEXT() REPRESENTATION_CONTEXT('2D SPACE',''
  ) );
#7850 = ORIENTED_EDGE('',*,*,#7851,.T.);
#7851 = EDGE_CURVE('',#7824,#4441,#7852,.T.);
#7852 = SURFACE_CURVE('',#7853,(#7857,#7864),.PCURVE_S1.);
#7853 = LINE('',#7854,#7855);
#7854 = CARTESIAN_POINT('',(28.25,3.1875,8.));
#7855 = VECTOR('',#7856,1.);
#7856 = DIRECTION('',(1.,0.,0.));
#7857 = PCURVE('',#4459,#7858);
#7858 = DEFINITIONAL_REPRESENTATION('',(#7859),#7863);
#7859 = LINE('',#7860,#7861);
#7860 = CARTESIAN_POINT('',(28.25,3.1875));
#7861 = VECTOR('',#7862,1.);
#7862 = DIRECTION('',(1.,0.));
#7863 = ( GEOMETRIC_REPRESENTATION_CONTEXT(2)
PARAMETRIC_REPRESENTATION_CONTEXT() REPRESENTATION_CONTEXT('2D SPACE',''
  ) );
#7864 = PCURVE('',#7839,#7865);
#7865 = DEFINITIONAL_REPRESENTATION('',(#7866),#7870);
#7866 = LINE('',#7867,#7868);
#7867 = CARTESIAN_POINT('',(28.25,3.1875));
#7868 = VECTOR('',#7869,1.);
#7869 = DIRECTION('',(1.,0.));
#7870 = ( GEOMETRIC_REPRESENTATION_CONTEXT(2)
PARAMETRIC_REPRESENTATION_CONTEXT() REPRESENTATION_CONTEXT('2D SPACE',''
  ) );
#7871 = ORIENTED_EDGE('',*,*,#4440,.T.);
#7872 = ORIENTED_EDGE('',*,*,#7873,.F.);
#7873 = EDGE_CURVE('',#7874,#4443,#7876,.T.);
#7874 = VERTEX_POINT('',#7875);
#7875 = CARTESIAN_POINT('',(27.636505744052,6.666798820195,8.));
#7876 = SURFACE_CURVE('',#7877,(#7881,#7888),.PCURVE_S1.);
#7877 = LINE('',#7878,#7879);
#7878 = CARTESIAN_POINT('',(27.636505744052,6.666798820195,8.));
#7879 = VECTOR('',#7880,1.);
#7880 = DIRECTION('',(0.939692620786,0.342020143326,0.));
#7881 = PCURVE('',#4459,#7882);
#7882 = DEFINITIONAL_REPRESENTATION('',(#7883),#7887);
#7883 = LINE('',#7884,#7885);
#7884 = CARTESIAN_POINT('',(27.636505744052,6.666798820195));
#7885 = VECTOR('',#7886,1.);
#7886 = DIRECTION('',(0.939692620786,0.342020143326));
#7887 = ( GEOMETRIC_REPRESENTATION_CONTEXT(2)
PARAMETRIC_REPRESENTATION_CONTEXT() REPRESENTATION_CONTEXT('2D SPACE',''
  ) );
#7888 = PCURVE('',#7889,#7894);
#7889 = PLANE('',#7890);
#7890 = AXIS2_PLACEMENT_3D('',#7891,#7892,#7893);
#7891 = CARTESIAN_POINT('',(0.,0.,8.));
#7892 = DIRECTION('',(0.,0.,1.));
#7893 = DIRECTION('',(1.,0.,-0.));
#7894 = DEFINITIONAL_REPRESENTATION('',(#7895),#7899);
#7895 = LINE('',#7896,#7897);
#7896 = CARTESIAN_POINT('',(27.636505744052,6.666798820195));
#7897 = VECTOR('',#7898,1.);
#7898 = DIRECTION('',(0.939692620786,0.342020143326));
#7899 = ( GEOMETRIC_REPRESENTATION_CONTEXT(2)
PARAMETRIC_REPRESENTATION_CONTEXT() REPRESENTATION_CONTEXT('2D SPACE',''
  ) );
#7900 = ORIENTED_EDGE('',*,*,#7901,.T.);
#7901 = EDGE_CURVE('',#7874,#7902,#7904,.T.);
#7902 = VERTEX_POINT('',#7903);
#7903 = CARTESIAN_POINT('',(25.456127330351,12.657339277705,8.));
#7904 = SURFACE_CURVE('',#7905,(#7909,#7916),.PCURVE_S1.);
#7905 = LINE('',#7906,#7907);
#7906 = CARTESIAN_POINT('',(27.636505744052,6.666798820195,8.));
#7907 = VECTOR('',#7908,1.);
#7908 = DIRECTION('',(-0.342020143326,0.939692620786,0.));
#7909 = PCURVE('',#4459,#7910);
#7910 = DEFINITIONAL_REPRESENTATION('',(#7911),#7915);
#7911 = LINE('',#7912,#7913);
#7912 = CARTESIAN_POINT('',(27.636505744052,6.666798820195));
#7913 = VECTOR('',#7914,1.);
#7914 = DIRECTION('',(-0.342020143326,0.939692620786));
#7915 = ( GEOMETRIC_REPRESENTATION_CONTEXT(2)
PARAMETRIC_REPRESENTATION_CONTEXT() REPRESENTATION_CONTEXT('2D SPACE',''
  ) );
#7916 = PCURVE('',#7889,#7917);
#7917 = DEFINITIONAL_REPRESENTATION('',(#7918),#7922);
#7918 = LINE('',#7919,#7920);
#7919 = CARTESIAN_POINT('',(27.636505744052,6.666798820195));
#7920 = VECTOR('',#7921,1.);
#7921 = DIRECTION('',(-0.342020143326,0.939692620786));
#7922 = ( GEOMETRIC_REPRESENTATION_CONTEXT(2)
PARAMETRIC_REPRESENTATION_CONTEXT() REPRESENTATION_CONTEXT('2D SPACE',''
  ) );
#7923 = ORIENTED_EDGE('',*,*,#7924,.T.);
#7924 = EDGE_CURVE('',#7902,#4668,#7925,.T.);
#7925 = SURFACE_CURVE('',#7926,(#7930,#7937),.PCURVE_S1.);
#7926 = LINE('',#7927,#7928);
#7927 = CARTESIAN_POINT('',(25.456127330351,12.657339277705,8.));
#7928 = VECTOR('',#7929,1.);
#7929 = DIRECTION('',(0.939692620786,0.342020143326,0.));
#7930 = PCURVE('',#4459,#7931);
#7931 = DEFINITIONAL_REPRESENTATION('',(#7932),#7936);
#7932 = LINE('',#7933,#7934);
#7933 = CARTESIAN_POINT('',(25.456127330351,12.657339277705));
#7934 = VECTOR('',#7935,1.);
#7935 = DIRECTION('',(0.939692620786,0.342020143326));
#7936 = ( GEOMETRIC_REPRESENTATION_CONTEXT(2)
PARAMETRIC_REPRESENTATION_CONTEXT() REPRESENTATION_CONTEXT('2D SPACE',''
  ) );
#7937 = PCURVE('',#7889,#7938);
#7938 = DEFINITIONAL_REPRESENTATION('',(#7939),#7943);
#7939 = LINE('',#7940,#7941);
#7940 = CARTESIAN_POINT('',(25.456127330351,12.657339277705));
#7941 = VECTOR('',#7942,1.);
#7942 = DIRECTION('',(0.939692620786,0.342020143326));
#7943 = ( GEOMETRIC_REPRESENTATION_CONTEXT(2)
PARAMETRIC_REPRESENTATION_CONTEXT() REPRESENTATION_CONTEXT('2D SPACE',''
  ) );
#7944 = ORIENTED_EDGE('',*,*,#4667,.T.);
#7945 = ORIENTED_EDGE('',*,*,#7946,.F.);
#7946 = EDGE_CURVE('',#7947,#4670,#7949,.T.);
#7947 = VERTEX_POINT('',#7948);
#7948 = CARTESIAN_POINT('',(23.689641023987,15.716983311203,8.));
#7949 = SURFACE_CURVE('',#7950,(#7954,#7961),.PCURVE_S1.);
#7950 = LINE('',#7951,#7952);
#7951 = CARTESIAN_POINT('',(23.689641023987,15.716983311203,8.));
#7952 = VECTOR('',#7953,1.);
#7953 = DIRECTION('',(0.766044443119,0.642787609687,0.));
#7954 = PCURVE('',#4459,#7955);
#7955 = DEFINITIONAL_REPRESENTATION('',(#7956),#7960);
#7956 = LINE('',#7957,#7958);
#7957 = CARTESIAN_POINT('',(23.689641023987,15.716983311203));
#7958 = VECTOR('',#7959,1.);
#7959 = DIRECTION('',(0.766044443119,0.642787609687));
#7960 = ( GEOMETRIC_REPRESENTATION_CONTEXT(2)
PARAMETRIC_REPRESENTATION_CONTEXT() REPRESENTATION_CONTEXT('2D SPACE',''
  ) );
#7961 = PCURVE('',#7962,#7967);
#7962 = PLANE('',#7963);
#7963 = AXIS2_PLACEMENT_3D('',#7964,#7965,#7966);
#7964 = CARTESIAN_POINT('',(0.,0.,8.));
#7965 = DIRECTION('',(0.,0.,1.));
#7966 = DIRECTION('',(1.,0.,-0.));
#7967 = DEFINITIONAL_REPRESENTATION('',(#7968),#7972);
#7968 = LINE('',#7969,#7970);
#7969 = CARTESIAN_POINT('',(23.689641023987,15.716983311203));
#7970 = VECTOR('',#7971,1.);
#7971 = DIRECTION('',(0.766044443119,0.642787609687));
#7972 = ( GEOMETRIC_REPRESENTATION_CONTEXT(2)
PARAMETRIC_REPRESENTATION_CONTEXT() REPRESENTATION_CONTEXT('2D SPACE',''
  ) );
#7973 = ORIENTED_EDGE('',*,*,#7974,.T.);
#7974 = EDGE_CURVE('',#7947,#7975,#7977,.T.);
#7975 = VERTEX_POINT('',#7976);
#7976 = CARTESIAN_POINT('',(19.591870012235,20.600516636086,8.));
#7977 = SURFACE_CURVE('',#7978,(#7982,#7989),.PCURVE_S1.);
#7978 = LINE('',#7979,#7980);
#7979 = CARTESIAN_POINT('',(23.689641023987,15.716983311203,8.));
#7980 = VECTOR('',#7981,1.);
#7981 = DIRECTION('',(-0.642787609687,0.766044443119,0.));
#7982 = PCURVE('',#4459,#7983);
#7983 = DEFINITIONAL_REPRESENTATION('',(#7984),#7988);
#7984 = LINE('',#7985,#7986);
#7985 = CARTESIAN_POINT('',(23.689641023987,15.716983311203));
#7986 = VECTOR('',#7987,1.);
#7987 = DIRECTION('',(-0.642787609687,0.766044443119));
#7988 = ( GEOMETRIC_REPRESENTATION_CONTEXT(2)
PARAMETRIC_REPRESENTATION_CONTEXT() REPRESENTATION_CONTEXT('2D SPACE',''
  ) );
#7989 = PCURVE('',#7962,#7990);
#7990 = DEFINITIONAL_REPRESENTATION('',(#7991),#7995);
#7991 = LINE('',#7992,#7993);
#7992 = CARTESIAN_POINT('',(23.689641023987,15.716983311203));
#7993 = VECTOR('',#7994,1.);
#7994 = DIRECTION('',(-0.642787609687,0.766044443119));
#7995 = ( GEOMETRIC_REPRESENTATION_CONTEXT(2)
PARAMETRIC_REPRESENTATION_CONTEXT() REPRESENTATION_CONTEXT('2D SPACE',''
  ) );
#7996 = ORIENTED_EDGE('',*,*,#7997,.T.);
#7997 = EDGE_CURVE('',#7975,#4890,#7998,.T.);
#7998 = SURFACE_CURVE('',#7999,(#8003,#8010),.PCURVE_S1.);
#7999 = LINE('',#8000,#8001);
#8000 = CARTESIAN_POINT('',(19.591870012235,20.600516636086,8.));
#8001 = VECTOR('',#8002,1.);
#8002 = DIRECTION('',(0.766044443119,0.642787609687,0.));
#8003 = PCURVE('',#4459,#8004);
#8004 = DEFINITIONAL_REPRESENTATION('',(#8005),#8009);
#8005 = LINE('',#8006,#8007);
#8006 = CARTESIAN_POINT('',(19.591870012235,20.600516636086));
#8007 = VECTOR('',#8008,1.);
#8008 = DIRECTION('',(0.766044443119,0.642787609687));
#8009 = ( GEOMETRIC_REPRESENTATION_CONTEXT(2)
PARAMETRIC_REPRESENTATION_CONTEXT() REPRESENTATION_CONTEXT('2D SPACE',''
  ) );
#8010 = PCURVE('',#7962,#8011);
#8011 = DEFINITIONAL_REPRESENTATION('',(#8012),#8016);
#8012 = LINE('',#8013,#8014);
#8013 = CARTESIAN_POINT('',(19.591870012235,20.600516636086));
#8014 = VECTOR('',#8015,1.);
#8015 = DIRECTION('',(0.766044443119,0.642787609687));
#8016 = ( GEOMETRIC_REPRESENTATION_CONTEXT(2)
PARAMETRIC_REPRESENTATION_CONTEXT() REPRESENTATION_CONTEXT('2D SPACE',''
  ) );
#8017 = ORIENTED_EDGE('',*,*,#4889,.T.);
#8018 = ORIENTED_EDGE('',*,*,#8019,.F.);
#8019 = EDGE_CURVE('',#8020,#4892,#8022,.T.);
#8020 = VERTEX_POINT('',#8021);
#8021 = CARTESIAN_POINT('',(16.885455974563,22.87146765691,8.));
#8022 = SURFACE_CURVE('',#8023,(#8027,#8034),.PCURVE_S1.);
#8023 = LINE('',#8024,#8025);
#8024 = CARTESIAN_POINT('',(16.885455974563,22.87146765691,8.));
#8025 = VECTOR('',#8026,1.);
#8026 = DIRECTION('',(0.5,0.866025403784,0.));
#8027 = PCURVE('',#4459,#8028);
#8028 = DEFINITIONAL_REPRESENTATION('',(#8029),#8033);
#8029 = LINE('',#8030,#8031);
#8030 = CARTESIAN_POINT('',(16.885455974563,22.87146765691));
#8031 = VECTOR('',#8032,1.);
#8032 = DIRECTION('',(0.5,0.866025403784));
#8033 = ( GEOMETRIC_REPRESENTATION_CONTEXT(2)
PARAMETRIC_REPRESENTATION_CONTEXT() REPRESENTATION_CONTEXT('2D SPACE',''
  ) );
#8034 = PCURVE('',#8035,#8040);
#8035 = PLANE('',#8036);
#8036 = AXIS2_PLACEMENT_3D('',#8037,#8038,#8039);
#8037 = CARTESIAN_POINT('',(0.,0.,8.));
#8038 = DIRECTION('',(0.,0.,1.));
#8039 = DIRECTION('',(1.,0.,-0.));
#8040 = DEFINITIONAL_REPRESENTATION('',(#8041),#8045);
#8041 = LINE('',#8042,#8043);
#8042 = CARTESIAN_POINT('',(16.885455974563,22.87146765691));
#8043 = VECTOR('',#8044,1.);
#8044 = DIRECTION('',(0.5,0.866025403784));
#8045 = ( GEOMETRIC_REPRESENTATION_CONTEXT(2)
PARAMETRIC_REPRESENTATION_CONTEXT() REPRESENTATION_CONTEXT('2D SPACE',''
  ) );
#8046 = ORIENTED_EDGE('',*,*,#8047,.T.);
#8047 = EDGE_CURVE('',#8020,#8048,#8050,.T.);
#8048 = VERTEX_POINT('',#8049);
#8049 = CARTESIAN_POINT('',(11.364544025437,26.05896765691,8.));
#8050 = SURFACE_CURVE('',#8051,(#8055,#8062),.PCURVE_S1.);
#8051 = LINE('',#8052,#8053);
#8052 = CARTESIAN_POINT('',(16.885455974563,22.87146765691,8.));
#8053 = VECTOR('',#8054,1.);
#8054 = DIRECTION('',(-0.866025403784,0.5,0.));
#8055 = PCURVE('',#4459,#8056);
#8056 = DEFINITIONAL_REPRESENTATION('',(#8057),#8061);
#8057 = LINE('',#8058,#8059);
#8058 = CARTESIAN_POINT('',(16.885455974563,22.87146765691));
#8059 = VECTOR('',#8060,1.);
#8060 = DIRECTION('',(-0.866025403784,0.5));
#8061 = ( GEOMETRIC_REPRESENTATION_CONTEXT(2)
PARAMETRIC_REPRESENTATION_CONTEXT() REPRESENTATION_CONTEXT('2D SPACE',''
  ) );
#8062 = PCURVE('',#8035,#8063);
#8063 = DEFINITIONAL_REPRESENTATION('',(#8064),#8068);
#8064 = LINE('',#8065,#8066);
#8065 = CARTESIAN_POINT('',(16.885455974563,22.87146765691));
#8066 = VECTOR('',#8067,1.);
#8067 = DIRECTION('',(-0.866025403784,0.5));
#8068 = ( GEOMETRIC_REPRESENTATION_CONTEXT(2)
PARAMETRIC_REPRESENTATION_CONTEXT() REPRESENTATION_CONTEXT('2D SPACE',''
  ) );
#8069 = ORIENTED_EDGE('',*,*,#8070,.T.);
#8070 = EDGE_CURVE('',#8048,#5112,#8071,.T.);
#8071 = SURFACE_CURVE('',#8072,(#8076,#8083),.PCURVE_S1.);
#8072 = LINE('',#8073,#8074);
#8073 = CARTESIAN_POINT('',(11.364544025437,26.05896765691,8.));
#8074 = VECTOR('',#8075,1.);
#8075 = DIRECTION('',(0.5,0.866025403784,0.));
#8076 = PCURVE('',#4459,#8077);
#8077 = DEFINITIONAL_REPRESENTATION('',(#8078),#8082);
#8078 = LINE('',#8079,#8080);
#8079 = CARTESIAN_POINT('',(11.364544025437,26.05896765691));
#8080 = VECTOR('',#8081,1.);
#8081 = DIRECTION('',(0.5,0.866025403784));
#8082 = ( GEOMETRIC_REPRESENTATION_CONTEXT(2)
PARAMETRIC_REPRESENTATION_CONTEXT() REPRESENTATION_CONTEXT('2D SPACE',''
  ) );
#8083 = PCURVE('',#8035,#8084);
#8084 = DEFINITIONAL_REPRESENTATION('',(#8085),#8089);
#8085 = LINE('',#8086,#8087);
#8086 = CARTESIAN_POINT('',(11.364544025437,26.05896765691));
#8087 = VECTOR('',#8088,1.);
#8088 = DIRECTION('',(0.5,0.866025403784));
#8089 = ( GEOMETRIC_REPRESENTATION_CONTEXT(2)
PARAMETRIC_REPRESENTATION_CONTEXT() REPRESENTATION_CONTEXT('2D SPACE',''
  ) );
#8090 = ORIENTED_EDGE('',*,*,#5111,.T.);
#8091 = ORIENTED_EDGE('',*,*,#8092,.F.);
#8092 = EDGE_CURVE('',#8093,#5114,#8095,.T.);
#8093 = VERTEX_POINT('',#8094);
#8094 = CARTESIAN_POINT('',(8.044635731817,27.267315456282,8.));
#8095 = SURFACE_CURVE('',#8096,(#8100,#8107),.PCURVE_S1.);
#8096 = LINE('',#8097,#8098);
#8097 = CARTESIAN_POINT('',(8.044635731817,27.267315456282,8.));
#8098 = VECTOR('',#8099,1.);
#8099 = DIRECTION('',(0.173648177667,0.984807753012,0.));
#8100 = PCURVE('',#4459,#8101);
#8101 = DEFINITIONAL_REPRESENTATION('',(#8102),#8106);
#8102 = LINE('',#8103,#8104);
#8103 = CARTESIAN_POINT('',(8.044635731817,27.267315456282));
#8104 = VECTOR('',#8105,1.);
#8105 = DIRECTION('',(0.173648177667,0.984807753012));
#8106 = ( GEOMETRIC_REPRESENTATION_CONTEXT(2)
PARAMETRIC_REPRESENTATION_CONTEXT() REPRESENTATION_CONTEXT('2D SPACE',''
  ) );
#8107 = PCURVE('',#8108,#8113);
#8108 = PLANE('',#8109);
#8109 = AXIS2_PLACEMENT_3D('',#8110,#8111,#8112);
#8110 = CARTESIAN_POINT('',(0.,0.,8.));
#8111 = DIRECTION('',(0.,0.,1.));
#8112 = DIRECTION('',(1.,0.,-0.));
#8113 = DEFINITIONAL_REPRESENTATION('',(#8114),#8118);
#8114 = LINE('',#8115,#8116);
#8115 = CARTESIAN_POINT('',(8.044635731817,27.267315456282));
#8116 = VECTOR('',#8117,1.);
#8117 = DIRECTION('',(0.173648177667,0.984807753012));
#8118 = ( GEOMETRIC_REPRESENTATION_CONTEXT(2)
PARAMETRIC_REPRESENTATION_CONTEXT() REPRESENTATION_CONTEXT('2D SPACE',''
  ) );
#8119 = ORIENTED_EDGE('',*,*,#8120,.T.);
#8120 = EDGE_CURVE('',#8093,#8121,#8123,.T.);
#8121 = VERTEX_POINT('',#8122);
#8122 = CARTESIAN_POINT('',(1.766486306364,28.374322588908,8.));
#8123 = SURFACE_CURVE('',#8124,(#8128,#8135),.PCURVE_S1.);
#8124 = LINE('',#8125,#8126);
#8125 = CARTESIAN_POINT('',(8.044635731817,27.267315456282,8.));
#8126 = VECTOR('',#8127,1.);
#8127 = DIRECTION('',(-0.984807753012,0.173648177667,0.));
#8128 = PCURVE('',#4459,#8129);
#8129 = DEFINITIONAL_REPRESENTATION('',(#8130),#8134);
#8130 = LINE('',#8131,#8132);
#8131 = CARTESIAN_POINT('',(8.044635731817,27.267315456282));
#8132 = VECTOR('',#8133,1.);
#8133 = DIRECTION('',(-0.984807753012,0.173648177667));
#8134 = ( GEOMETRIC_REPRESENTATION_CONTEXT(2)
PARAMETRIC_REPRESENTATION_CONTEXT() REPRESENTATION_CONTEXT('2D SPACE',''
  ) );
#8135 = PCURVE('',#8108,#8136);
#8136 = DEFINITIONAL_REPRESENTATION('',(#8137),#8141);
#8137 = LINE('',#8138,#8139);
#8138 = CARTESIAN_POINT('',(8.044635731817,27.267315456282));
#8139 = VECTOR('',#8140,1.);
#8140 = DIRECTION('',(-0.984807753012,0.173648177667));
#8141 = ( GEOMETRIC_REPRESENTATION_CONTEXT(2)
PARAMETRIC_REPRESENTATION_CONTEXT() REPRESENTATION_CONTEXT('2D SPACE',''
  ) );
#8142 = ORIENTED_EDGE('',*,*,#8143,.T.);
#8143 = EDGE_CURVE('',#8121,#5334,#8144,.T.);
#8144 = SURFACE_CURVE('',#8145,(#8149,#8156),.PCURVE_S1.);
#8145 = LINE('',#8146,#8147);
#8146 = CARTESIAN_POINT('',(1.766486306364,28.374322588908,8.));
#8147 = VECTOR('',#8148,1.);
#8148 = DIRECTION('',(0.173648177667,0.984807753012,0.));
#8149 = PCURVE('',#4459,#8150);
#8150 = DEFINITIONAL_REPRESENTATION('',(#8151),#8155);
#8151 = LINE('',#8152,#8153);
#8152 = CARTESIAN_POINT('',(1.766486306364,28.374322588908));
#8153 = VECTOR('',#8154,1.);
#8154 = DIRECTION('',(0.173648177667,0.984807753012));
#8155 = ( GEOMETRIC_REPRESENTATION_CONTEXT(2)
PARAMETRIC_REPRESENTATION_CONTEXT() REPRESENTATION_CONTEXT('2D SPACE',''
  ) );
#8156 = PCURVE('',#8108,#8157);
#8157 = DEFINITIONAL_REPRESENTATION('',(#8158),#8162);
#8158 = LINE('',#8159,#8160);
#8159 = CARTESIAN_POINT('',(1.766486306364,28.374322588908));
#8160 = VECTOR('',#8161,1.);
#8161 = DIRECTION('',(0.173648177667,0.984807753012));
#8162 = ( GEOMETRIC_REPRESENTATION_CONTEXT(2)
PARAMETRIC_REPRESENTATION_CONTEXT() REPRESENTATION_CONTEXT('2D SPACE',''
  ) );
#8163 = ORIENTED_EDGE('',*,*,#5333,.T.);
#8164 = ORIENTED_EDGE('',*,*,#8165,.F.);
#8165 = EDGE_CURVE('',#8166,#5336,#8168,.T.);
#8166 = VERTEX_POINT('',#8167);
#8167 = CARTESIAN_POINT('',(-1.766486306364,28.374322588908,8.));
#8168 = SURFACE_CURVE('',#8169,(#8173,#8180),.PCURVE_S1.);
#8169 = LINE('',#8170,#8171);
#8170 = CARTESIAN_POINT('',(-1.766486306364,28.374322588908,8.));
#8171 = VECTOR('',#8172,1.);
#8172 = DIRECTION('',(-0.173648177667,0.984807753012,0.));
#8173 = PCURVE('',#4459,#8174);
#8174 = DEFINITIONAL_REPRESENTATION('',(#8175),#8179);
#8175 = LINE('',#8176,#8177);
#8176 = CARTESIAN_POINT('',(-1.766486306364,28.374322588908));
#8177 = VECTOR('',#8178,1.);
#8178 = DIRECTION('',(-0.173648177667,0.984807753012));
#8179 = ( GEOMETRIC_REPRESENTATION_CONTEXT(2)
PARAMETRIC_REPRESENTATION_CONTEXT() REPRESENTATION_CONTEXT('2D SPACE',''
  ) );
#8180 = PCURVE('',#8181,#8186);
#8181 = PLANE('',#8182);
#8182 = AXIS2_PLACEMENT_3D('',#8183,#8184,#8185);
#8183 = CARTESIAN_POINT('',(0.,0.,8.));
#8184 = DIRECTION('',(0.,0.,1.));
#8185 = DIRECTION('',(1.,0.,-0.));
#8186 = DEFINITIONAL_REPRESENTATION('',(#8187),#8191);
#8187 = LINE('',#8188,#8189);
#8188 = CARTESIAN_POINT('',(-1.766486306364,28.374322588908));
#8189 = VECTOR('',#8190,1.);
#8190 = DIRECTION('',(-0.173648177667,0.984807753012));
#8191 = ( GEOMETRIC_REPRESENTATION_CONTEXT(2)
PARAMETRIC_REPRESENTATION_CONTEXT() REPRESENTATION_CONTEXT('2D SPACE',''
  ) );
#8192 = ORIENTED_EDGE('',*,*,#8193,.T.);
#8193 = EDGE_CURVE('',#8166,#8194,#8196,.T.);
#8194 = VERTEX_POINT('',#8195);
#8195 = CARTESIAN_POINT('',(-8.044635731817,27.267315456282,8.));
#8196 = SURFACE_CURVE('',#8197,(#8201,#8208),.PCURVE_S1.);
#8197 = LINE('',#8198,#8199);
#8198 = CARTESIAN_POINT('',(-1.766486306364,28.374322588908,8.));
#8199 = VECTOR('',#8200,1.);
#8200 = DIRECTION('',(-0.984807753012,-0.173648177667,0.));
#8201 = PCURVE('',#4459,#8202);
#8202 = DEFINITIONAL_REPRESENTATION('',(#8203),#8207);
#8203 = LINE('',#8204,#8205);
#8204 = CARTESIAN_POINT('',(-1.766486306364,28.374322588908));
#8205 = VECTOR('',#8206,1.);
#8206 = DIRECTION('',(-0.984807753012,-0.173648177667));
#8207 = ( GEOMETRIC_REPRESENTATION_CONTEXT(2)
PARAMETRIC_REPRESENTATION_CONTEXT() REPRESENTATION_CONTEXT('2D SPACE',''
  ) );
#8208 = PCURVE('',#8181,#8209);
#8209 = DEFINITIONAL_REPRESENTATION('',(#8210),#8214);
#8210 = LINE('',#8211,#8212);
#8211 = CARTESIAN_POINT('',(-1.766486306364,28.374322588908));
#8212 = VECTOR('',#8213,1.);
#8213 = DIRECTION('',(-0.984807753012,-0.173648177667));
#8214 = ( GEOMETRIC_REPRESENTATION_CONTEXT(2)
PARAMETRIC_REPRESENTATION_CONTEXT() REPRESENTATION_CONTEXT('2D SPACE',''
  ) );
#8215 = ORIENTED_EDGE('',*,*,#8216,.T.);
#8216 = EDGE_CURVE('',#8194,#5556,#8217,.T.);
#8217 = SURFACE_CURVE('',#8218,(#8222,#8229),.PCURVE_S1.);
#8218 = LINE('',#8219,#8220);
#8219 = CARTESIAN_POINT('',(-8.044635731817,27.267315456282,8.));
#8220 = VECTOR('',#8221,1.);
#8221 = DIRECTION('',(-0.173648177667,0.984807753012,0.));
#8222 = PCURVE('',#4459,#8223);
#8223 = DEFINITIONAL_REPRESENTATION('',(#8224),#8228);
#8224 = LINE('',#8225,#8226);
#8225 = CARTESIAN_POINT('',(-8.044635731817,27.267315456282));
#8226 = VECTOR('',#8227,1.);
#8227 = DIRECTION('',(-0.173648177667,0.984807753012));
#8228 = ( GEOMETRIC_REPRESENTATION_CONTEXT(2)
PARAMETRIC_REPRESENTATION_CONTEXT() REPRESENTATION_CONTEXT('2D SPACE',''
  ) );
#8229 = PCURVE('',#8181,#8230);
#8230 = DEFINITIONAL_REPRESENTATION('',(#8231),#8235);
#8231 = LINE('',#8232,#8233);
#8232 = CARTESIAN_POINT('',(-8.044635731817,27.267315456282));
#8233 = VECTOR('',#8234,1.);
#8234 = DIRECTION('',(-0.173648177667,0.984807753012));
#8235 = ( GEOMETRIC_REPRESENTATION_CONTEXT(2)
PARAMETRIC_REPRESENTATION_CONTEXT() REPRESENTATION_CONTEXT('2D SPACE',''
  ) );
#8236 = ORIENTED_EDGE('',*,*,#5555,.T.);
#8237 = ORIENTED_EDGE('',*,*,#8238,.F.);
#8238 = EDGE_CURVE('',#8239,#5558,#8241,.T.);
#8239 = VERTEX_POINT('',#8240);
#8240 = CARTESIAN_POINT('',(-11.36454402543,26.05896765691,8.));
#8241 = SURFACE_CURVE('',#8242,(#8246,#8253),.PCURVE_S1.);
#8242 = LINE('',#8243,#8244);
#8243 = CARTESIAN_POINT('',(-11.36454402543,26.05896765691,8.));
#8244 = VECTOR('',#8245,1.);
#8245 = DIRECTION('',(-0.5,0.866025403784,0.));
#8246 = PCURVE('',#4459,#8247);
#8247 = DEFINITIONAL_REPRESENTATION('',(#8248),#8252);
#8248 = LINE('',#8249,#8250);
#8249 = CARTESIAN_POINT('',(-11.36454402543,26.05896765691));
#8250 = VECTOR('',#8251,1.);
#8251 = DIRECTION('',(-0.5,0.866025403784));
#8252 = ( GEOMETRIC_REPRESENTATION_CONTEXT(2)
PARAMETRIC_REPRESENTATION_CONTEXT() REPRESENTATION_CONTEXT('2D SPACE',''
  ) );
#8253 = PCURVE('',#8254,#8259);
#8254 = PLANE('',#8255);
#8255 = AXIS2_PLACEMENT_3D('',#8256,#8257,#8258);
#8256 = CARTESIAN_POINT('',(0.,0.,8.));
#8257 = DIRECTION('',(0.,0.,1.));
#8258 = DIRECTION('',(1.,0.,-0.));
#8259 = DEFINITIONAL_REPRESENTATION('',(#8260),#8264);
#8260 = LINE('',#8261,#8262);
#8261 = CARTESIAN_POINT('',(-11.36454402543,26.05896765691));
#8262 = VECTOR('',#8263,1.);
#8263 = DIRECTION('',(-0.5,0.866025403784));
#8264 = ( GEOMETRIC_REPRESENTATION_CONTEXT(2)
PARAMETRIC_REPRESENTATION_CONTEXT() REPRESENTATION_CONTEXT('2D SPACE',''
  ) );
#8265 = ORIENTED_EDGE('',*,*,#8266,.T.);
#8266 = EDGE_CURVE('',#8239,#8267,#8269,.T.);
#8267 = VERTEX_POINT('',#8268);
#8268 = CARTESIAN_POINT('',(-16.88545597456,22.87146765691,8.));
#8269 = SURFACE_CURVE('',#8270,(#8274,#8281),.PCURVE_S1.);
#8270 = LINE('',#8271,#8272);
#8271 = CARTESIAN_POINT('',(-11.36454402543,26.05896765691,8.));
#8272 = VECTOR('',#8273,1.);
#8273 = DIRECTION('',(-0.866025403784,-0.5,0.));
#8274 = PCURVE('',#4459,#8275);
#8275 = DEFINITIONAL_REPRESENTATION('',(#8276),#8280);
#8276 = LINE('',#8277,#8278);
#8277 = CARTESIAN_POINT('',(-11.36454402543,26.05896765691));
#8278 = VECTOR('',#8279,1.);
#8279 = DIRECTION('',(-0.866025403784,-0.5));
#8280 = ( GEOMETRIC_REPRESENTATION_CONTEXT(2)
PARAMETRIC_REPRESENTATION_CONTEXT() REPRESENTATION_CONTEXT('2D SPACE',''
  ) );
#8281 = PCURVE('',#8254,#8282);
#8282 = DEFINITIONAL_REPRESENTATION('',(#8283),#8287);
#8283 = LINE('',#8284,#8285);
#8284 = CARTESIAN_POINT('',(-11.36454402543,26.05896765691));
#8285 = VECTOR('',#8286,1.);
#8286 = DIRECTION('',(-0.866025403784,-0.5));
#8287 = ( GEOMETRIC_REPRESENTATION_CONTEXT(2)
PARAMETRIC_REPRESENTATION_CONTEXT() REPRESENTATION_CONTEXT('2D SPACE',''
  ) );
#8288 = ORIENTED_EDGE('',*,*,#8289,.T.);
#8289 = EDGE_CURVE('',#8267,#5778,#8290,.T.);
#8290 = SURFACE_CURVE('',#8291,(#8295,#8302),.PCURVE_S1.);
#8291 = LINE('',#8292,#8293);
#8292 = CARTESIAN_POINT('',(-16.88545597456,22.87146765691,8.));
#8293 = VECTOR('',#8294,1.);
#8294 = DIRECTION('',(-0.5,0.866025403784,0.));
#8295 = PCURVE('',#4459,#8296);
#8296 = DEFINITIONAL_REPRESENTATION('',(#8297),#8301);
#8297 = LINE('',#8298,#8299);
#8298 = CARTESIAN_POINT('',(-16.88545597456,22.87146765691));
#8299 = VECTOR('',#8300,1.);
#8300 = DIRECTION('',(-0.5,0.866025403784));
#8301 = ( GEOMETRIC_REPRESENTATION_CONTEXT(2)
PARAMETRIC_REPRESENTATION_CONTEXT() REPRESENTATION_CONTEXT('2D SPACE',''
  ) );
#8302 = PCURVE('',#8254,#8303);
#8303 = DEFINITIONAL_REPRESENTATION('',(#8304),#8308);
#8304 = LINE('',#8305,#8306);
#8305 = CARTESIAN_POINT('',(-16.88545597456,22.87146765691));
#8306 = VECTOR('',#8307,1.);
#8307 = DIRECTION('',(-0.5,0.866025403784));
#8308 = ( GEOMETRIC_REPRESENTATION_CONTEXT(2)
PARAMETRIC_REPRESENTATION_CONTEXT() REPRESENTATION_CONTEXT('2D SPACE',''
  ) );
#8309 = ORIENTED_EDGE('',*,*,#5777,.T.);
#8310 = ORIENTED_EDGE('',*,*,#8311,.F.);
#8311 = EDGE_CURVE('',#8312,#5780,#8314,.T.);
#8312 = VERTEX_POINT('',#8313);
#8313 = CARTESIAN_POINT('',(-19.59187001223,20.600516636086,8.));
#8314 = SURFACE_CURVE('',#8315,(#8319,#8326),.PCURVE_S1.);
#8315 = LINE('',#8316,#8317);
#8316 = CARTESIAN_POINT('',(-19.59187001223,20.600516636086,8.));
#8317 = VECTOR('',#8318,1.);
#8318 = DIRECTION('',(-0.766044443119,0.642787609687,0.));
#8319 = PCURVE('',#4459,#8320);
#8320 = DEFINITIONAL_REPRESENTATION('',(#8321),#8325);
#8321 = LINE('',#8322,#8323);
#8322 = CARTESIAN_POINT('',(-19.59187001223,20.600516636086));
#8323 = VECTOR('',#8324,1.);
#8324 = DIRECTION('',(-0.766044443119,0.642787609687));
#8325 = ( GEOMETRIC_REPRESENTATION_CONTEXT(2)
PARAMETRIC_REPRESENTATION_CONTEXT() REPRESENTATION_CONTEXT('2D SPACE',''
  ) );
#8326 = PCURVE('',#8327,#8332);
#8327 = PLANE('',#8328);
#8328 = AXIS2_PLACEMENT_3D('',#8329,#8330,#8331);
#8329 = CARTESIAN_POINT('',(0.,0.,8.));
#8330 = DIRECTION('',(0.,0.,1.));
#8331 = DIRECTION('',(1.,0.,-0.));
#8332 = DEFINITIONAL_REPRESENTATION('',(#8333),#8337);
#8333 = LINE('',#8334,#8335);
#8334 = CARTESIAN_POINT('',(-19.59187001223,20.600516636086));
#8335 = VECTOR('',#8336,1.);
#8336 = DIRECTION('',(-0.766044443119,0.642787609687));
#8337 = ( GEOMETRIC_REPRESENTATION_CONTEXT(2)
PARAMETRIC_REPRESENTATION_CONTEXT() REPRESENTATION_CONTEXT('2D SPACE',''
  ) );
#8338 = ORIENTED_EDGE('',*,*,#8339,.T.);
#8339 = EDGE_CURVE('',#8312,#8340,#8342,.T.);
#8340 = VERTEX_POINT('',#8341);
#8341 = CARTESIAN_POINT('',(-23.68964102398,15.716983311203,8.));
#8342 = SURFACE_CURVE('',#8343,(#8347,#8354),.PCURVE_S1.);
#8343 = LINE('',#8344,#8345);
#8344 = CARTESIAN_POINT('',(-19.59187001223,20.600516636086,8.));
#8345 = VECTOR('',#8346,1.);
#8346 = DIRECTION('',(-0.642787609687,-0.766044443119,0.));
#8347 = PCURVE('',#4459,#8348);
#8348 = DEFINITIONAL_REPRESENTATION('',(#8349),#8353);
#8349 = LINE('',#8350,#8351);
#8350 = CARTESIAN_POINT('',(-19.59187001223,20.600516636086));
#8351 = VECTOR('',#8352,1.);
#8352 = DIRECTION('',(-0.642787609687,-0.766044443119));
#8353 = ( GEOMETRIC_REPRESENTATION_CONTEXT(2)
PARAMETRIC_REPRESENTATION_CONTEXT() REPRESENTATION_CONTEXT('2D SPACE',''
  ) );
#8354 = PCURVE('',#8327,#8355);
#8355 = DEFINITIONAL_REPRESENTATION('',(#8356),#8360);
#8356 = LINE('',#8357,#8358);
#8357 = CARTESIAN_POINT('',(-19.59187001223,20.600516636086));
#8358 = VECTOR('',#8359,1.);
#8359 = DIRECTION('',(-0.642787609687,-0.766044443119));
#8360 = ( GEOMETRIC_REPRESENTATION_CONTEXT(2)
PARAMETRIC_REPRESENTATION_CONTEXT() REPRESENTATION_CONTEXT('2D SPACE',''
  ) );
#8361 = ORIENTED_EDGE('',*,*,#8362,.T.);
#8362 = EDGE_CURVE('',#8340,#6000,#8363,.T.);
#8363 = SURFACE_CURVE('',#8364,(#8368,#8375),.PCURVE_S1.);
#8364 = LINE('',#8365,#8366);
#8365 = CARTESIAN_POINT('',(-23.68964102398,15.716983311203,8.));
#8366 = VECTOR('',#8367,1.);
#8367 = DIRECTION('',(-0.766044443119,0.642787609687,0.));
#8368 = PCURVE('',#4459,#8369);
#8369 = DEFINITIONAL_REPRESENTATION('',(#8370),#8374);
#8370 = LINE('',#8371,#8372);
#8371 = CARTESIAN_POINT('',(-23.68964102398,15.716983311203));
#8372 = VECTOR('',#8373,1.);
#8373 = DIRECTION('',(-0.766044443119,0.642787609687));
#8374 = ( GEOMETRIC_REPRESENTATION_CONTEXT(2)
PARAMETRIC_REPRESENTATION_CONTEXT() REPRESENTATION_CONTEXT('2D SPACE',''
  ) );
#8375 = PCURVE('',#8327,#8376);
#8376 = DEFINITIONAL_REPRESENTATION('',(#8377),#8381);
#8377 = LINE('',#8378,#8379);
#8378 = CARTESIAN_POINT('',(-23.68964102398,15.716983311203));
#8379 = VECTOR('',#8380,1.);
#8380 = DIRECTION('',(-0.766044443119,0.642787609687));
#8381 = ( GEOMETRIC_REPRESENTATION_CONTEXT(2)
PARAMETRIC_REPRESENTATION_CONTEXT() REPRESENTATION_CONTEXT('2D SPACE',''
  ) );
#8382 = ORIENTED_EDGE('',*,*,#5999,.T.);
#8383 = ORIENTED_EDGE('',*,*,#8384,.F.);
#8384 = EDGE_CURVE('',#8385,#6002,#8387,.T.);
#8385 = VERTEX_POINT('',#8386);
#8386 = CARTESIAN_POINT('',(-25.45612733035,12.657339277705,8.));
#8387 = SURFACE_CURVE('',#8388,(#8392,#8399),.PCURVE_S1.);
#8388 = LINE('',#8389,#8390);
#8389 = CARTESIAN_POINT('',(-25.45612733035,12.657339277705,8.));
#8390 = VECTOR('',#8391,1.);
#8391 = DIRECTION('',(-0.939692620786,0.342020143326,0.));
#8392 = PCURVE('',#4459,#8393);
#8393 = DEFINITIONAL_REPRESENTATION('',(#8394),#8398);
#8394 = LINE('',#8395,#8396);
#8395 = CARTESIAN_POINT('',(-25.45612733035,12.657339277705));
#8396 = VECTOR('',#8397,1.);
#8397 = DIRECTION('',(-0.939692620786,0.342020143326));
#8398 = ( GEOMETRIC_REPRESENTATION_CONTEXT(2)
PARAMETRIC_REPRESENTATION_CONTEXT() REPRESENTATION_CONTEXT('2D SPACE',''
  ) );
#8399 = PCURVE('',#8400,#8405);
#8400 = PLANE('',#8401);
#8401 = AXIS2_PLACEMENT_3D('',#8402,#8403,#8404);
#8402 = CARTESIAN_POINT('',(0.,0.,8.));
#8403 = DIRECTION('',(0.,0.,1.));
#8404 = DIRECTION('',(1.,0.,-0.));
#8405 = DEFINITIONAL_REPRESENTATION('',(#8406),#8410);
#8406 = LINE('',#8407,#8408);
#8407 = CARTESIAN_POINT('',(-25.45612733035,12.657339277705));
#8408 = VECTOR('',#8409,1.);
#8409 = DIRECTION('',(-0.939692620786,0.342020143326));
#8410 = ( GEOMETRIC_REPRESENTATION_CONTEXT(2)
PARAMETRIC_REPRESENTATION_CONTEXT() REPRESENTATION_CONTEXT('2D SPACE',''
  ) );
#8411 = ORIENTED_EDGE('',*,*,#8412,.T.);
#8412 = EDGE_CURVE('',#8385,#8413,#8415,.T.);
#8413 = VERTEX_POINT('',#8414);
#8414 = CARTESIAN_POINT('',(-27.63650574405,6.666798820195,8.));
#8415 = SURFACE_CURVE('',#8416,(#8420,#8427),.PCURVE_S1.);
#8416 = LINE('',#8417,#8418);
#8417 = CARTESIAN_POINT('',(-25.45612733035,12.657339277705,8.));
#8418 = VECTOR('',#8419,1.);
#8419 = DIRECTION('',(-0.342020143326,-0.939692620786,0.));
#8420 = PCURVE('',#4459,#8421);
#8421 = DEFINITIONAL_REPRESENTATION('',(#8422),#8426);
#8422 = LINE('',#8423,#8424);
#8423 = CARTESIAN_POINT('',(-25.45612733035,12.657339277705));
#8424 = VECTOR('',#8425,1.);
#8425 = DIRECTION('',(-0.342020143326,-0.939692620786));
#8426 = ( GEOMETRIC_REPRESENTATION_CONTEXT(2)
PARAMETRIC_REPRESENTATION_CONTEXT() REPRESENTATION_CONTEXT('2D SPACE',''
  ) );
#8427 = PCURVE('',#8400,#8428);
#8428 = DEFINITIONAL_REPRESENTATION('',(#8429),#8433);
#8429 = LINE('',#8430,#8431);
#8430 = CARTESIAN_POINT('',(-25.45612733035,12.657339277705));
#8431 = VECTOR('',#8432,1.);
#8432 = DIRECTION('',(-0.342020143326,-0.939692620786));
#8433 = ( GEOMETRIC_REPRESENTATION_CONTEXT(2)
PARAMETRIC_REPRESENTATION_CONTEXT() REPRESENTATION_CONTEXT('2D SPACE',''
  ) );
#8434 = ORIENTED_EDGE('',*,*,#8435,.T.);
#8435 = EDGE_CURVE('',#8413,#6222,#8436,.T.);
#8436 = SURFACE_CURVE('',#8437,(#8441,#8448),.PCURVE_S1.);
#8437 = LINE('',#8438,#8439);
#8438 = CARTESIAN_POINT('',(-27.63650574405,6.666798820195,8.));
#8439 = VECTOR('',#8440,1.);
#8440 = DIRECTION('',(-0.939692620786,0.342020143326,0.));
#8441 = PCURVE('',#4459,#8442);
#8442 = DEFINITIONAL_REPRESENTATION('',(#8443),#8447);
#8443 = LINE('',#8444,#8445);
#8444 = CARTESIAN_POINT('',(-27.63650574405,6.666798820195));
#8445 = VECTOR('',#8446,1.);
#8446 = DIRECTION('',(-0.939692620786,0.342020143326));
#8447 = ( GEOMETRIC_REPRESENTATION_CONTEXT(2)
PARAMETRIC_REPRESENTATION_CONTEXT() REPRESENTATION_CONTEXT('2D SPACE',''
  ) );
#8448 = PCURVE('',#8400,#8449);
#8449 = DEFINITIONAL_REPRESENTATION('',(#8450),#8454);
#8450 = LINE('',#8451,#8452);
#8451 = CARTESIAN_POINT('',(-27.63650574405,6.666798820195));
#8452 = VECTOR('',#8453,1.);
#8453 = DIRECTION('',(-0.939692620786,0.342020143326));
#8454 = ( GEOMETRIC_REPRESENTATION_CONTEXT(2)
PARAMETRIC_REPRESENTATION_CONTEXT() REPRESENTATION_CONTEXT('2D SPACE',''
  ) );
#8455 = ORIENTED_EDGE('',*,*,#6221,.T.);
#8456 = ORIENTED_EDGE('',*,*,#8457,.F.);
#8457 = EDGE_CURVE('',#8458,#6224,#8460,.T.);
#8458 = VERTEX_POINT('',#8459);
#8459 = CARTESIAN_POINT('',(-28.25,3.1875,8.));
#8460 = SURFACE_CURVE('',#8461,(#8465,#8472),.PCURVE_S1.);
#8461 = LINE('',#8462,#8463);
#8462 = CARTESIAN_POINT('',(-28.25,3.1875,8.));
#8463 = VECTOR('',#8464,1.);
#8464 = DIRECTION('',(-1.,1.224646799147E-16,0.));
#8465 = PCURVE('',#4459,#8466);
#8466 = DEFINITIONAL_REPRESENTATION('',(#8467),#8471);
#8467 = LINE('',#8468,#8469);
#8468 = CARTESIAN_POINT('',(-28.25,3.1875));
#8469 = VECTOR('',#8470,1.);
#8470 = DIRECTION('',(-1.,1.224646799147E-16));
#8471 = ( GEOMETRIC_REPRESENTATION_CONTEXT(2)
PARAMETRIC_REPRESENTATION_CONTEXT() REPRESENTATION_CONTEXT('2D SPACE',''
  ) );
#8472 = PCURVE('',#8473,#8478);
#8473 = PLANE('',#8474);
#8474 = AXIS2_PLACEMENT_3D('',#8475,#8476,#8477);
#8475 = CARTESIAN_POINT('',(0.,0.,8.));
#8476 = DIRECTION('',(0.,0.,1.));
#8477 = DIRECTION('',(1.,0.,-0.));
#8478 = DEFINITIONAL_REPRESENTATION('',(#8479),#8483);
#8479 = LINE('',#8480,#8481);
#8480 = CARTESIAN_POINT('',(-28.25,3.1875));
#8481 = VECTOR('',#8482,1.);
#8482 = DIRECTION('',(-1.,1.224646799147E-16));
#8483 = ( GEOMETRIC_REPRESENTATION_CONTEXT(2)
PARAMETRIC_REPRESENTATION_CONTEXT() REPRESENTATION_CONTEXT('2D SPACE',''
  ) );
#8484 = ORIENTED_EDGE('',*,*,#8485,.T.);
#8485 = EDGE_CURVE('',#8458,#8486,#8488,.T.);
#8486 = VERTEX_POINT('',#8487);
#8487 = CARTESIAN_POINT('',(-28.25,-3.1875,8.));
#8488 = SURFACE_CURVE('',#8489,(#8493,#8500),.PCURVE_S1.);
#8489 = LINE('',#8490,#8491);
#8490 = CARTESIAN_POINT('',(-28.25,3.1875,8.));
#8491 = VECTOR('',#8492,1.);
#8492 = DIRECTION('',(-1.224646799147E-16,-1.,0.));
#8493 = PCURVE('',#4459,#8494);
#8494 = DEFINITIONAL_REPRESENTATION('',(#8495),#8499);
#8495 = LINE('',#8496,#8497);
#8496 = CARTESIAN_POINT('',(-28.25,3.1875));
#8497 = VECTOR('',#8498,1.);
#8498 = DIRECTION('',(-1.224646799147E-16,-1.));
#8499 = ( GEOMETRIC_REPRESENTATION_CONTEXT(2)
PARAMETRIC_REPRESENTATION_CONTEXT() REPRESENTATION_CONTEXT('2D SPACE',''
  ) );
#8500 = PCURVE('',#8473,#8501);
#8501 = DEFINITIONAL_REPRESENTATION('',(#8502),#8506);
#8502 = LINE('',#8503,#8504);
#8503 = CARTESIAN_POINT('',(-28.25,3.1875));
#8504 = VECTOR('',#8505,1.);
#8505 = DIRECTION('',(-1.224646799147E-16,-1.));
#8506 = ( GEOMETRIC_REPRESENTATION_CONTEXT(2)
PARAMETRIC_REPRESENTATION_CONTEXT() REPRESENTATION_CONTEXT('2D SPACE',''
  ) );
#8507 = ORIENTED_EDGE('',*,*,#8508,.T.);
#8508 = EDGE_CURVE('',#8486,#6300,#8509,.T.);
#8509 = SURFACE_CURVE('',#8510,(#8514,#8521),.PCURVE_S1.);
#8510 = LINE('',#8511,#8512);
#8511 = CARTESIAN_POINT('',(-28.25,-3.1875,8.));
#8512 = VECTOR('',#8513,1.);
#8513 = DIRECTION('',(-1.,1.224646799147E-16,0.));
#8514 = PCURVE('',#4459,#8515);
#8515 = DEFINITIONAL_REPRESENTATION('',(#8516),#8520);
#8516 = LINE('',#8517,#8518);
#8517 = CARTESIAN_POINT('',(-28.25,-3.1875));
#8518 = VECTOR('',#8519,1.);
#8519 = DIRECTION('',(-1.,1.224646799147E-16));
#8520 = ( GEOMETRIC_REPRESENTATION_CONTEXT(2)
PARAMETRIC_REPRESENTATION_CONTEXT() REPRESENTATION_CONTEXT('2D SPACE',''
  ) );
#8521 = PCURVE('',#8473,#8522);
#8522 = DEFINITIONAL_REPRESENTATION('',(#8523),#8527);
#8523 = LINE('',#8524,#8525);
#8524 = CARTESIAN_POINT('',(-28.25,-3.1875));
#8525 = VECTOR('',#8526,1.);
#8526 = DIRECTION('',(-1.,1.224646799147E-16));
#8527 = ( GEOMETRIC_REPRESENTATION_CONTEXT(2)
PARAMETRIC_REPRESENTATION_CONTEXT() REPRESENTATION_CONTEXT('2D SPACE',''
  ) );
#8528 = ORIENTED_EDGE('',*,*,#6299,.T.);
#8529 = ORIENTED_EDGE('',*,*,#8530,.F.);
#8530 = EDGE_CURVE('',#8531,#6302,#8533,.T.);
#8531 = VERTEX_POINT('',#8532);
#8532 = CARTESIAN_POINT('',(-27.63650574405,-6.666798820195,8.));
#8533 = SURFACE_CURVE('',#8534,(#8538,#8545),.PCURVE_S1.);
#8534 = LINE('',#8535,#8536);
#8535 = CARTESIAN_POINT('',(-27.63650574405,-6.666798820195,8.));
#8536 = VECTOR('',#8537,1.);
#8537 = DIRECTION('',(-0.939692620786,-0.342020143326,0.));
#8538 = PCURVE('',#4459,#8539);
#8539 = DEFINITIONAL_REPRESENTATION('',(#8540),#8544);
#8540 = LINE('',#8541,#8542);
#8541 = CARTESIAN_POINT('',(-27.63650574405,-6.666798820195));
#8542 = VECTOR('',#8543,1.);
#8543 = DIRECTION('',(-0.939692620786,-0.342020143326));
#8544 = ( GEOMETRIC_REPRESENTATION_CONTEXT(2)
PARAMETRIC_REPRESENTATION_CONTEXT() REPRESENTATION_CONTEXT('2D SPACE',''
  ) );
#8545 = PCURVE('',#8546,#8551);
#8546 = PLANE('',#8547);
#8547 = AXIS2_PLACEMENT_3D('',#8548,#8549,#8550);
#8548 = CARTESIAN_POINT('',(0.,0.,8.));
#8549 = DIRECTION('',(0.,0.,1.));
#8550 = DIRECTION('',(1.,0.,-0.));
#8551 = DEFINITIONAL_REPRESENTATION('',(#8552),#8556);
#8552 = LINE('',#8553,#8554);
#8553 = CARTESIAN_POINT('',(-27.63650574405,-6.666798820195));
#8554 = VECTOR('',#8555,1.);
#8555 = DIRECTION('',(-0.939692620786,-0.342020143326));
#8556 = ( GEOMETRIC_REPRESENTATION_CONTEXT(2)
PARAMETRIC_REPRESENTATION_CONTEXT() REPRESENTATION_CONTEXT('2D SPACE',''
  ) );
#8557 = ORIENTED_EDGE('',*,*,#8558,.T.);
#8558 = EDGE_CURVE('',#8531,#8559,#8561,.T.);
#8559 = VERTEX_POINT('',#8560);
#8560 = CARTESIAN_POINT('',(-25.45612733035,-12.6573392777,8.));
#8561 = SURFACE_CURVE('',#8562,(#8566,#8573),.PCURVE_S1.);
#8562 = LINE('',#8563,#8564);
#8563 = CARTESIAN_POINT('',(-27.63650574405,-6.666798820195,8.));
#8564 = VECTOR('',#8565,1.);
#8565 = DIRECTION('',(0.342020143326,-0.939692620786,0.));
#8566 = PCURVE('',#4459,#8567);
#8567 = DEFINITIONAL_REPRESENTATION('',(#8568),#8572);
#8568 = LINE('',#8569,#8570);
#8569 = CARTESIAN_POINT('',(-27.63650574405,-6.666798820195));
#8570 = VECTOR('',#8571,1.);
#8571 = DIRECTION('',(0.342020143326,-0.939692620786));
#8572 = ( GEOMETRIC_REPRESENTATION_CONTEXT(2)
PARAMETRIC_REPRESENTATION_CONTEXT() REPRESENTATION_CONTEXT('2D SPACE',''
  ) );
#8573 = PCURVE('',#8546,#8574);
#8574 = DEFINITIONAL_REPRESENTATION('',(#8575),#8579);
#8575 = LINE('',#8576,#8577);
#8576 = CARTESIAN_POINT('',(-27.63650574405,-6.666798820195));
#8577 = VECTOR('',#8578,1.);
#8578 = DIRECTION('',(0.342020143326,-0.939692620786));
#8579 = ( GEOMETRIC_REPRESENTATION_CONTEXT(2)
PARAMETRIC_REPRESENTATION_CONTEXT() REPRESENTATION_CONTEXT('2D SPACE',''
  ) );
#8580 = ORIENTED_EDGE('',*,*,#8581,.T.);
#8581 = EDGE_CURVE('',#8559,#6078,#8582,.T.);
#8582 = SURFACE_CURVE('',#8583,(#8587,#8594),.PCURVE_S1.);
#8583 = LINE('',#8584,#8585);
#8584 = CARTESIAN_POINT('',(-25.45612733035,-12.6573392777,8.));
#8585 = VECTOR('',#8586,1.);
#8586 = DIRECTION('',(-0.939692620786,-0.342020143326,0.));
#8587 = PCURVE('',#4459,#8588);
#8588 = DEFINITIONAL_REPRESENTATION('',(#8589),#8593);
#8589 = LINE('',#8590,#8591);
#8590 = CARTESIAN_POINT('',(-25.45612733035,-12.6573392777));
#8591 = VECTOR('',#8592,1.);
#8592 = DIRECTION('',(-0.939692620786,-0.342020143326));
#8593 = ( GEOMETRIC_REPRESENTATION_CONTEXT(2)
PARAMETRIC_REPRESENTATION_CONTEXT() REPRESENTATION_CONTEXT('2D SPACE',''
  ) );
#8594 = PCURVE('',#8546,#8595);
#8595 = DEFINITIONAL_REPRESENTATION('',(#8596),#8600);
#8596 = LINE('',#8597,#8598);
#8597 = CARTESIAN_POINT('',(-25.45612733035,-12.6573392777));
#8598 = VECTOR('',#8599,1.);
#8599 = DIRECTION('',(-0.939692620786,-0.342020143326));
#8600 = ( GEOMETRIC_REPRESENTATION_CONTEXT(2)
PARAMETRIC_REPRESENTATION_CONTEXT() REPRESENTATION_CONTEXT('2D SPACE',''
  ) );
#8601 = ORIENTED_EDGE('',*,*,#6077,.T.);
#8602 = ORIENTED_EDGE('',*,*,#8603,.F.);
#8603 = EDGE_CURVE('',#8604,#6080,#8606,.T.);
#8604 = VERTEX_POINT('',#8605);
#8605 = CARTESIAN_POINT('',(-23.68964102398,-15.7169833112,8.));
#8606 = SURFACE_CURVE('',#8607,(#8611,#8618),.PCURVE_S1.);
#8607 = LINE('',#8608,#8609);
#8608 = CARTESIAN_POINT('',(-23.68964102398,-15.7169833112,8.));
#8609 = VECTOR('',#8610,1.);
#8610 = DIRECTION('',(-0.766044443119,-0.642787609687,0.));
#8611 = PCURVE('',#4459,#8612);
#8612 = DEFINITIONAL_REPRESENTATION('',(#8613),#8617);
#8613 = LINE('',#8614,#8615);
#8614 = CARTESIAN_POINT('',(-23.68964102398,-15.7169833112));
#8615 = VECTOR('',#8616,1.);
#8616 = DIRECTION('',(-0.766044443119,-0.642787609687));
#8617 = ( GEOMETRIC_REPRESENTATION_CONTEXT(2)
PARAMETRIC_REPRESENTATION_CONTEXT() REPRESENTATION_CONTEXT('2D SPACE',''
  ) );
#8618 = PCURVE('',#8619,#8624);
#8619 = PLANE('',#8620);
#8620 = AXIS2_PLACEMENT_3D('',#8621,#8622,#8623);
#8621 = CARTESIAN_POINT('',(0.,0.,8.));
#8622 = DIRECTION('',(0.,0.,1.));
#8623 = DIRECTION('',(1.,0.,-0.));
#8624 = DEFINITIONAL_REPRESENTATION('',(#8625),#8629);
#8625 = LINE('',#8626,#8627);
#8626 = CARTESIAN_POINT('',(-23.68964102398,-15.7169833112));
#8627 = VECTOR('',#8628,1.);
#8628 = DIRECTION('',(-0.766044443119,-0.642787609687));
#8629 = ( GEOMETRIC_REPRESENTATION_CONTEXT(2)
PARAMETRIC_REPRESENTATION_CONTEXT() REPRESENTATION_CONTEXT('2D SPACE',''
  ) );
#8630 = ORIENTED_EDGE('',*,*,#8631,.T.);
#8631 = EDGE_CURVE('',#8604,#8632,#8634,.T.);
#8632 = VERTEX_POINT('',#8633);
#8633 = CARTESIAN_POINT('',(-19.59187001223,-20.60051663608,8.));
#8634 = SURFACE_CURVE('',#8635,(#8639,#8646),.PCURVE_S1.);
#8635 = LINE('',#8636,#8637);
#8636 = CARTESIAN_POINT('',(-23.68964102398,-15.7169833112,8.));
#8637 = VECTOR('',#8638,1.);
#8638 = DIRECTION('',(0.642787609687,-0.766044443119,0.));
#8639 = PCURVE('',#4459,#8640);
#8640 = DEFINITIONAL_REPRESENTATION('',(#8641),#8645);
#8641 = LINE('',#8642,#8643);
#8642 = CARTESIAN_POINT('',(-23.68964102398,-15.7169833112));
#8643 = VECTOR('',#8644,1.);
#8644 = DIRECTION('',(0.642787609687,-0.766044443119));
#8645 = ( GEOMETRIC_REPRESENTATION_CONTEXT(2)
PARAMETRIC_REPRESENTATION_CONTEXT() REPRESENTATION_CONTEXT('2D SPACE',''
  ) );
#8646 = PCURVE('',#8619,#8647);
#8647 = DEFINITIONAL_REPRESENTATION('',(#8648),#8652);
#8648 = LINE('',#8649,#8650);
#8649 = CARTESIAN_POINT('',(-23.68964102398,-15.7169833112));
#8650 = VECTOR('',#8651,1.);
#8651 = DIRECTION('',(0.642787609687,-0.766044443119));
#8652 = ( GEOMETRIC_REPRESENTATION_CONTEXT(2)
PARAMETRIC_REPRESENTATION_CONTEXT() REPRESENTATION_CONTEXT('2D SPACE',''
  ) );
#8653 = ORIENTED_EDGE('',*,*,#8654,.T.);
#8654 = EDGE_CURVE('',#8632,#5856,#8655,.T.);
#8655 = SURFACE_CURVE('',#8656,(#8660,#8667),.PCURVE_S1.);
#8656 = LINE('',#8657,#8658);
#8657 = CARTESIAN_POINT('',(-19.59187001223,-20.60051663608,8.));
#8658 = VECTOR('',#8659,1.);
#8659 = DIRECTION('',(-0.766044443119,-0.642787609687,0.));
#8660 = PCURVE('',#4459,#8661);
#8661 = DEFINITIONAL_REPRESENTATION('',(#8662),#8666);
#8662 = LINE('',#8663,#8664);
#8663 = CARTESIAN_POINT('',(-19.59187001223,-20.60051663608));
#8664 = VECTOR('',#8665,1.);
#8665 = DIRECTION('',(-0.766044443119,-0.642787609687));
#8666 = ( GEOMETRIC_REPRESENTATION_CONTEXT(2)
PARAMETRIC_REPRESENTATION_CONTEXT() REPRESENTATION_CONTEXT('2D SPACE',''
  ) );
#8667 = PCURVE('',#8619,#8668);
#8668 = DEFINITIONAL_REPRESENTATION('',(#8669),#8673);
#8669 = LINE('',#8670,#8671);
#8670 = CARTESIAN_POINT('',(-19.59187001223,-20.60051663608));
#8671 = VECTOR('',#8672,1.);
#8672 = DIRECTION('',(-0.766044443119,-0.642787609687));
#8673 = ( GEOMETRIC_REPRESENTATION_CONTEXT(2)
PARAMETRIC_REPRESENTATION_CONTEXT() REPRESENTATION_CONTEXT('2D SPACE',''
  ) );
#8674 = ORIENTED_EDGE('',*,*,#5855,.T.);
#8675 = ORIENTED_EDGE('',*,*,#8676,.F.);
#8676 = EDGE_CURVE('',#8677,#5858,#8679,.T.);
#8677 = VERTEX_POINT('',#8678);
#8678 = CARTESIAN_POINT('',(-16.88545597456,-22.87146765691,8.));
#8679 = SURFACE_CURVE('',#8680,(#8684,#8691),.PCURVE_S1.);
#8680 = LINE('',#8681,#8682);
#8681 = CARTESIAN_POINT('',(-16.88545597456,-22.87146765691,8.));
#8682 = VECTOR('',#8683,1.);
#8683 = DIRECTION('',(-0.5,-0.866025403784,0.));
#8684 = PCURVE('',#4459,#8685);
#8685 = DEFINITIONAL_REPRESENTATION('',(#8686),#8690);
#8686 = LINE('',#8687,#8688);
#8687 = CARTESIAN_POINT('',(-16.88545597456,-22.87146765691));
#8688 = VECTOR('',#8689,1.);
#8689 = DIRECTION('',(-0.5,-0.866025403784));
#8690 = ( GEOMETRIC_REPRESENTATION_CONTEXT(2)
PARAMETRIC_REPRESENTATION_CONTEXT() REPRESENTATION_CONTEXT('2D SPACE',''
  ) );
#8691 = PCURVE('',#8692,#8697);
#8692 = PLANE('',#8693);
#8693 = AXIS2_PLACEMENT_3D('',#8694,#8695,#8696);
#8694 = CARTESIAN_POINT('',(0.,0.,8.));
#8695 = DIRECTION('',(0.,0.,1.));
#8696 = DIRECTION('',(1.,0.,-0.));
#8697 = DEFINITIONAL_REPRESENTATION('',(#8698),#8702);
#8698 = LINE('',#8699,#8700);
#8699 = CARTESIAN_POINT('',(-16.88545597456,-22.87146765691));
#8700 = VECTOR('',#8701,1.);
#8701 = DIRECTION('',(-0.5,-0.866025403784));
#8702 = ( GEOMETRIC_REPRESENTATION_CONTEXT(2)
PARAMETRIC_REPRESENTATION_CONTEXT() REPRESENTATION_CONTEXT('2D SPACE',''
  ) );
#8703 = ORIENTED_EDGE('',*,*,#8704,.T.);
#8704 = EDGE_CURVE('',#8677,#8705,#8707,.T.);
#8705 = VERTEX_POINT('',#8706);
#8706 = CARTESIAN_POINT('',(-11.36454402543,-26.05896765691,8.));
#8707 = SURFACE_CURVE('',#8708,(#8712,#8719),.PCURVE_S1.);
#8708 = LINE('',#8709,#8710);
#8709 = CARTESIAN_POINT('',(-16.88545597456,-22.87146765691,8.));
#8710 = VECTOR('',#8711,1.);
#8711 = DIRECTION('',(0.866025403784,-0.5,0.));
#8712 = PCURVE('',#4459,#8713);
#8713 = DEFINITIONAL_REPRESENTATION('',(#8714),#8718);
#8714 = LINE('',#8715,#8716);
#8715 = CARTESIAN_POINT('',(-16.88545597456,-22.87146765691));
#8716 = VECTOR('',#8717,1.);
#8717 = DIRECTION('',(0.866025403784,-0.5));
#8718 = ( GEOMETRIC_REPRESENTATION_CONTEXT(2)
PARAMETRIC_REPRESENTATION_CONTEXT() REPRESENTATION_CONTEXT('2D SPACE',''
  ) );
#8719 = PCURVE('',#8692,#8720);
#8720 = DEFINITIONAL_REPRESENTATION('',(#8721),#8725);
#8721 = LINE('',#8722,#8723);
#8722 = CARTESIAN_POINT('',(-16.88545597456,-22.87146765691));
#8723 = VECTOR('',#8724,1.);
#8724 = DIRECTION('',(0.866025403784,-0.5));
#8725 = ( GEOMETRIC_REPRESENTATION_CONTEXT(2)
PARAMETRIC_REPRESENTATION_CONTEXT() REPRESENTATION_CONTEXT('2D SPACE',''
  ) );
#8726 = ORIENTED_EDGE('',*,*,#8727,.T.);
#8727 = EDGE_CURVE('',#8705,#5634,#8728,.T.);
#8728 = SURFACE_CURVE('',#8729,(#8733,#8740),.PCURVE_S1.);
#8729 = LINE('',#8730,#8731);
#8730 = CARTESIAN_POINT('',(-11.36454402543,-26.05896765691,8.));
#8731 = VECTOR('',#8732,1.);
#8732 = DIRECTION('',(-0.5,-0.866025403784,0.));
#8733 = PCURVE('',#4459,#8734);
#8734 = DEFINITIONAL_REPRESENTATION('',(#8735),#8739);
#8735 = LINE('',#8736,#8737);
#8736 = CARTESIAN_POINT('',(-11.36454402543,-26.05896765691));
#8737 = VECTOR('',#8738,1.);
#8738 = DIRECTION('',(-0.5,-0.866025403784));
#8739 = ( GEOMETRIC_REPRESENTATION_CONTEXT(2)
PARAMETRIC_REPRESENTATION_CONTEXT() REPRESENTATION_CONTEXT('2D SPACE',''
  ) );
#8740 = PCURVE('',#8692,#8741);
#8741 = DEFINITIONAL_REPRESENTATION('',(#8742),#8746);
#8742 = LINE('',#8743,#8744);
#8743 = CARTESIAN_POINT('',(-11.36454402543,-26.05896765691));
#8744 = VECTOR('',#8745,1.);
#8745 = DIRECTION('',(-0.5,-0.866025403784));
#8746 = ( GEOMETRIC_REPRESENTATION_CONTEXT(2)
PARAMETRIC_REPRESENTATION_CONTEXT() REPRESENTATION_CONTEXT('2D SPACE',''
  ) );
#8747 = ORIENTED_EDGE('',*,*,#5633,.T.);
#8748 = ORIENTED_EDGE('',*,*,#8749,.F.);
#8749 = EDGE_CURVE('',#8750,#5636,#8752,.T.);
#8750 = VERTEX_POINT('',#8751);
#8751 = CARTESIAN_POINT('',(-8.044635731817,-27.26731545628,8.));
#8752 = SURFACE_CURVE('',#8753,(#8757,#8764),.PCURVE_S1.);
#8753 = LINE('',#8754,#8755);
#8754 = CARTESIAN_POINT('',(-8.044635731817,-27.26731545628,8.));
#8755 = VECTOR('',#8756,1.);
#8756 = DIRECTION('',(-0.173648177667,-0.984807753012,0.));
#8757 = PCURVE('',#4459,#8758);
#8758 = DEFINITIONAL_REPRESENTATION('',(#8759),#8763);
#8759 = LINE('',#8760,#8761);
#8760 = CARTESIAN_POINT('',(-8.044635731817,-27.26731545628));
#8761 = VECTOR('',#8762,1.);
#8762 = DIRECTION('',(-0.173648177667,-0.984807753012));
#8763 = ( GEOMETRIC_REPRESENTATION_CONTEXT(2)
PARAMETRIC_REPRESENTATION_CONTEXT() REPRESENTATION_CONTEXT('2D SPACE',''
  ) );
#8764 = PCURVE('',#8765,#8770);
#8765 = PLANE('',#8766);
#8766 = AXIS2_PLACEMENT_3D('',#8767,#8768,#8769);
#8767 = CARTESIAN_POINT('',(0.,0.,8.));
#8768 = DIRECTION('',(0.,0.,1.));
#8769 = DIRECTION('',(1.,0.,-0.));
#8770 = DEFINITIONAL_REPRESENTATION('',(#8771),#8775);
#8771 = LINE('',#8772,#8773);
#8772 = CARTESIAN_POINT('',(-8.044635731817,-27.26731545628));
#8773 = VECTOR('',#8774,1.);
#8774 = DIRECTION('',(-0.173648177667,-0.984807753012));
#8775 = ( GEOMETRIC_REPRESENTATION_CONTEXT(2)
PARAMETRIC_REPRESENTATION_CONTEXT() REPRESENTATION_CONTEXT('2D SPACE',''
  ) );
#8776 = ORIENTED_EDGE('',*,*,#8777,.T.);
#8777 = EDGE_CURVE('',#8750,#8778,#8780,.T.);
#8778 = VERTEX_POINT('',#8779);
#8779 = CARTESIAN_POINT('',(-1.766486306364,-28.3743225889,8.));
#8780 = SURFACE_CURVE('',#8781,(#8785,#8792),.PCURVE_S1.);
#8781 = LINE('',#8782,#8783);
#8782 = CARTESIAN_POINT('',(-8.044635731817,-27.26731545628,8.));
#8783 = VECTOR('',#8784,1.);
#8784 = DIRECTION('',(0.984807753012,-0.173648177667,0.));
#8785 = PCURVE('',#4459,#8786);
#8786 = DEFINITIONAL_REPRESENTATION('',(#8787),#8791);
#8787 = LINE('',#8788,#8789);
#8788 = CARTESIAN_POINT('',(-8.044635731817,-27.26731545628));
#8789 = VECTOR('',#8790,1.);
#8790 = DIRECTION('',(0.984807753012,-0.173648177667));
#8791 = ( GEOMETRIC_REPRESENTATION_CONTEXT(2)
PARAMETRIC_REPRESENTATION_CONTEXT() REPRESENTATION_CONTEXT('2D SPACE',''
  ) );
#8792 = PCURVE('',#8765,#8793);
#8793 = DEFINITIONAL_REPRESENTATION('',(#8794),#8798);
#8794 = LINE('',#8795,#8796);
#8795 = CARTESIAN_POINT('',(-8.044635731817,-27.26731545628));
#8796 = VECTOR('',#8797,1.);
#8797 = DIRECTION('',(0.984807753012,-0.173648177667));
#8798 = ( GEOMETRIC_REPRESENTATION_CONTEXT(2)
PARAMETRIC_REPRESENTATION_CONTEXT() REPRESENTATION_CONTEXT('2D SPACE',''
  ) );
#8799 = ORIENTED_EDGE('',*,*,#8800,.T.);
#8800 = EDGE_CURVE('',#8778,#5412,#8801,.T.);
#8801 = SURFACE_CURVE('',#8802,(#8806,#8813),.PCURVE_S1.);
#8802 = LINE('',#8803,#8804);
#8803 = CARTESIAN_POINT('',(-1.766486306364,-28.3743225889,8.));
#8804 = VECTOR('',#8805,1.);
#8805 = DIRECTION('',(-0.173648177667,-0.984807753012,0.));
#8806 = PCURVE('',#4459,#8807);
#8807 = DEFINITIONAL_REPRESENTATION('',(#8808),#8812);
#8808 = LINE('',#8809,#8810);
#8809 = CARTESIAN_POINT('',(-1.766486306364,-28.3743225889));
#8810 = VECTOR('',#8811,1.);
#8811 = DIRECTION('',(-0.173648177667,-0.984807753012));
#8812 = ( GEOMETRIC_REPRESENTATION_CONTEXT(2)
PARAMETRIC_REPRESENTATION_CONTEXT() REPRESENTATION_CONTEXT('2D SPACE',''
  ) );
#8813 = PCURVE('',#8765,#8814);
#8814 = DEFINITIONAL_REPRESENTATION('',(#8815),#8819);
#8815 = LINE('',#8816,#8817);
#8816 = CARTESIAN_POINT('',(-1.766486306364,-28.3743225889));
#8817 = VECTOR('',#8818,1.);
#8818 = DIRECTION('',(-0.173648177667,-0.984807753012));
#8819 = ( GEOMETRIC_REPRESENTATION_CONTEXT(2)
PARAMETRIC_REPRESENTATION_CONTEXT() REPRESENTATION_CONTEXT('2D SPACE',''
  ) );
#8820 = ORIENTED_EDGE('',*,*,#5411,.T.);
#8821 = ORIENTED_EDGE('',*,*,#8822,.F.);
#8822 = EDGE_CURVE('',#8823,#5414,#8825,.T.);
#8823 = VERTEX_POINT('',#8824);
#8824 = CARTESIAN_POINT('',(1.766486306364,-28.3743225889,8.));
#8825 = SURFACE_CURVE('',#8826,(#8830,#8837),.PCURVE_S1.);
#8826 = LINE('',#8827,#8828);
#8827 = CARTESIAN_POINT('',(1.766486306364,-28.3743225889,8.));
#8828 = VECTOR('',#8829,1.);
#8829 = DIRECTION('',(0.173648177667,-0.984807753012,0.));
#8830 = PCURVE('',#4459,#8831);
#8831 = DEFINITIONAL_REPRESENTATION('',(#8832),#8836);
#8832 = LINE('',#8833,#8834);
#8833 = CARTESIAN_POINT('',(1.766486306364,-28.3743225889));
#8834 = VECTOR('',#8835,1.);
#8835 = DIRECTION('',(0.173648177667,-0.984807753012));
#8836 = ( GEOMETRIC_REPRESENTATION_CONTEXT(2)
PARAMETRIC_REPRESENTATION_CONTEXT() REPRESENTATION_CONTEXT('2D SPACE',''
  ) );
#8837 = PCURVE('',#8838,#8843);
#8838 = PLANE('',#8839);
#8839 = AXIS2_PLACEMENT_3D('',#8840,#8841,#8842);
#8840 = CARTESIAN_POINT('',(0.,0.,8.));
#8841 = DIRECTION('',(0.,0.,1.));
#8842 = DIRECTION('',(1.,0.,-0.));
#8843 = DEFINITIONAL_REPRESENTATION('',(#8844),#8848);
#8844 = LINE('',#8845,#8846);
#8845 = CARTESIAN_POINT('',(1.766486306364,-28.3743225889));
#8846 = VECTOR('',#8847,1.);
#8847 = DIRECTION('',(0.173648177667,-0.984807753012));
#8848 = ( GEOMETRIC_REPRESENTATION_CONTEXT(2)
PARAMETRIC_REPRESENTATION_CONTEXT() REPRESENTATION_CONTEXT('2D SPACE',''
  ) );
#8849 = ORIENTED_EDGE('',*,*,#8850,.T.);
#8850 = EDGE_CURVE('',#8823,#8851,#8853,.T.);
#8851 = VERTEX_POINT('',#8852);
#8852 = CARTESIAN_POINT('',(8.044635731817,-27.26731545628,8.));
#8853 = SURFACE_CURVE('',#8854,(#8858,#8865),.PCURVE_S1.);
#8854 = LINE('',#8855,#8856);
#8855 = CARTESIAN_POINT('',(1.766486306364,-28.3743225889,8.));
#8856 = VECTOR('',#8857,1.);
#8857 = DIRECTION('',(0.984807753012,0.173648177667,0.));
#8858 = PCURVE('',#4459,#8859);
#8859 = DEFINITIONAL_REPRESENTATION('',(#8860),#8864);
#8860 = LINE('',#8861,#8862);
#8861 = CARTESIAN_POINT('',(1.766486306364,-28.3743225889));
#8862 = VECTOR('',#8863,1.);
#8863 = DIRECTION('',(0.984807753012,0.173648177667));
#8864 = ( GEOMETRIC_REPRESENTATION_CONTEXT(2)
PARAMETRIC_REPRESENTATION_CONTEXT() REPRESENTATION_CONTEXT('2D SPACE',''
  ) );
#8865 = PCURVE('',#8838,#8866);
#8866 = DEFINITIONAL_REPRESENTATION('',(#8867),#8871);
#8867 = LINE('',#8868,#8869);
#8868 = CARTESIAN_POINT('',(1.766486306364,-28.3743225889));
#8869 = VECTOR('',#8870,1.);
#8870 = DIRECTION('',(0.984807753012,0.173648177667));
#8871 = ( GEOMETRIC_REPRESENTATION_CONTEXT(2)
PARAMETRIC_REPRESENTATION_CONTEXT() REPRESENTATION_CONTEXT('2D SPACE',''
  ) );
#8872 = ORIENTED_EDGE('',*,*,#8873,.T.);
#8873 = EDGE_CURVE('',#8851,#5190,#8874,.T.);
#8874 = SURFACE_CURVE('',#8875,(#8879,#8886),.PCURVE_S1.);
#8875 = LINE('',#8876,#8877);
#8876 = CARTESIAN_POINT('',(8.044635731817,-27.26731545628,8.));
#8877 = VECTOR('',#8878,1.);
#8878 = DIRECTION('',(0.173648177667,-0.984807753012,0.));
#8879 = PCURVE('',#4459,#8880);
#8880 = DEFINITIONAL_REPRESENTATION('',(#8881),#8885);
#8881 = LINE('',#8882,#8883);
#8882 = CARTESIAN_POINT('',(8.044635731817,-27.26731545628));
#8883 = VECTOR('',#8884,1.);
#8884 = DIRECTION('',(0.173648177667,-0.984807753012));
#8885 = ( GEOMETRIC_REPRESENTATION_CONTEXT(2)
PARAMETRIC_REPRESENTATION_CONTEXT() REPRESENTATION_CONTEXT('2D SPACE',''
  ) );
#8886 = PCURVE('',#8838,#8887);
#8887 = DEFINITIONAL_REPRESENTATION('',(#8888),#8892);
#8888 = LINE('',#8889,#8890);
#8889 = CARTESIAN_POINT('',(8.044635731817,-27.26731545628));
#8890 = VECTOR('',#8891,1.);
#8891 = DIRECTION('',(0.173648177667,-0.984807753012));
#8892 = ( GEOMETRIC_REPRESENTATION_CONTEXT(2)
PARAMETRIC_REPRESENTATION_CONTEXT() REPRESENTATION_CONTEXT('2D SPACE',''
  ) );
#8893 = ORIENTED_EDGE('',*,*,#5189,.T.);
#8894 = ORIENTED_EDGE('',*,*,#8895,.F.);
#8895 = EDGE_CURVE('',#8896,#5192,#8898,.T.);
#8896 = VERTEX_POINT('',#8897);
#8897 = CARTESIAN_POINT('',(11.364544025437,-26.05896765691,8.));
#8898 = SURFACE_CURVE('',#8899,(#8903,#8910),.PCURVE_S1.);
#8899 = LINE('',#8900,#8901);
#8900 = CARTESIAN_POINT('',(11.364544025437,-26.05896765691,8.));
#8901 = VECTOR('',#8902,1.);
#8902 = DIRECTION('',(0.5,-0.866025403784,0.));
#8903 = PCURVE('',#4459,#8904);
#8904 = DEFINITIONAL_REPRESENTATION('',(#8905),#8909);
#8905 = LINE('',#8906,#8907);
#8906 = CARTESIAN_POINT('',(11.364544025437,-26.05896765691));
#8907 = VECTOR('',#8908,1.);
#8908 = DIRECTION('',(0.5,-0.866025403784));
#8909 = ( GEOMETRIC_REPRESENTATION_CONTEXT(2)
PARAMETRIC_REPRESENTATION_CONTEXT() REPRESENTATION_CONTEXT('2D SPACE',''
  ) );
#8910 = PCURVE('',#8911,#8916);
#8911 = PLANE('',#8912);
#8912 = AXIS2_PLACEMENT_3D('',#8913,#8914,#8915);
#8913 = CARTESIAN_POINT('',(0.,0.,8.));
#8914 = DIRECTION('',(0.,0.,1.));
#8915 = DIRECTION('',(1.,0.,-0.));
#8916 = DEFINITIONAL_REPRESENTATION('',(#8917),#8921);
#8917 = LINE('',#8918,#8919);
#8918 = CARTESIAN_POINT('',(11.364544025437,-26.05896765691));
#8919 = VECTOR('',#8920,1.);
#8920 = DIRECTION('',(0.5,-0.866025403784));
#8921 = ( GEOMETRIC_REPRESENTATION_CONTEXT(2)
PARAMETRIC_REPRESENTATION_CONTEXT() REPRESENTATION_CONTEXT('2D SPACE',''
  ) );
#8922 = ORIENTED_EDGE('',*,*,#8923,.T.);
#8923 = EDGE_CURVE('',#8896,#8924,#8926,.T.);
#8924 = VERTEX_POINT('',#8925);
#8925 = CARTESIAN_POINT('',(16.885455974563,-22.87146765691,8.));
#8926 = SURFACE_CURVE('',#8927,(#8931,#8938),.PCURVE_S1.);
#8927 = LINE('',#8928,#8929);
#8928 = CARTESIAN_POINT('',(11.364544025437,-26.05896765691,8.));
#8929 = VECTOR('',#8930,1.);
#8930 = DIRECTION('',(0.866025403784,0.5,0.));
#8931 = PCURVE('',#4459,#8932);
#8932 = DEFINITIONAL_REPRESENTATION('',(#8933),#8937);
#8933 = LINE('',#8934,#8935);
#8934 = CARTESIAN_POINT('',(11.364544025437,-26.05896765691));
#8935 = VECTOR('',#8936,1.);
#8936 = DIRECTION('',(0.866025403784,0.5));
#8937 = ( GEOMETRIC_REPRESENTATION_CONTEXT(2)
PARAMETRIC_REPRESENTATION_CONTEXT() REPRESENTATION_CONTEXT('2D SPACE',''
  ) );
#8938 = PCURVE('',#8911,#8939);
#8939 = DEFINITIONAL_REPRESENTATION('',(#8940),#8944);
#8940 = LINE('',#8941,#8942);
#8941 = CARTESIAN_POINT('',(11.364544025437,-26.05896765691));
#8942 = VECTOR('',#8943,1.);
#8943 = DIRECTION('',(0.866025403784,0.5));
#8944 = ( GEOMETRIC_REPRESENTATION_CONTEXT(2)
PARAMETRIC_REPRESENTATION_CONTEXT() REPRESENTATION_CONTEXT('2D SPACE',''
  ) );
#8945 = ORIENTED_EDGE('',*,*,#8946,.T.);
#8946 = EDGE_CURVE('',#8924,#4968,#8947,.T.);
#8947 = SURFACE_CURVE('',#8948,(#8952,#8959),.PCURVE_S1.);
#8948 = LINE('',#8949,#8950);
#8949 = CARTESIAN_POINT('',(16.885455974563,-22.87146765691,8.));
#8950 = VECTOR('',#8951,1.);
#8951 = DIRECTION('',(0.5,-0.866025403784,0.));
#8952 = PCURVE('',#4459,#8953);
#8953 = DEFINITIONAL_REPRESENTATION('',(#8954),#8958);
#8954 = LINE('',#8955,#8956);
#8955 = CARTESIAN_POINT('',(16.885455974563,-22.87146765691));
#8956 = VECTOR('',#8957,1.);
#8957 = DIRECTION('',(0.5,-0.866025403784));
#8958 = ( GEOMETRIC_REPRESENTATION_CONTEXT(2)
PARAMETRIC_REPRESENTATION_CONTEXT() REPRESENTATION_CONTEXT('2D SPACE',''
  ) );
#8959 = PCURVE('',#8911,#8960);
#8960 = DEFINITIONAL_REPRESENTATION('',(#8961),#8965);
#8961 = LINE('',#8962,#8963);
#8962 = CARTESIAN_POINT('',(16.885455974563,-22.87146765691));
#8963 = VECTOR('',#8964,1.);
#8964 = DIRECTION('',(0.5,-0.866025403784));
#8965 = ( GEOMETRIC_REPRESENTATION_CONTEXT(2)
PARAMETRIC_REPRESENTATION_CONTEXT() REPRESENTATION_CONTEXT('2D SPACE',''
  ) );
#8966 = ORIENTED_EDGE('',*,*,#4967,.T.);
#8967 = ORIENTED_EDGE('',*,*,#8968,.F.);
#8968 = EDGE_CURVE('',#8969,#4970,#8971,.T.);
#8969 = VERTEX_POINT('',#8970);
#8970 = CARTESIAN_POINT('',(19.591870012235,-20.60051663608,8.));
#8971 = SURFACE_CURVE('',#8972,(#8976,#8983),.PCURVE_S1.);
#8972 = LINE('',#8973,#8974);
#8973 = CARTESIAN_POINT('',(19.591870012235,-20.60051663608,8.));
#8974 = VECTOR('',#8975,1.);
#8975 = DIRECTION('',(0.766044443119,-0.642787609687,0.));
#8976 = PCURVE('',#4459,#8977);
#8977 = DEFINITIONAL_REPRESENTATION('',(#8978),#8982);
#8978 = LINE('',#8979,#8980);
#8979 = CARTESIAN_POINT('',(19.591870012235,-20.60051663608));
#8980 = VECTOR('',#8981,1.);
#8981 = DIRECTION('',(0.766044443119,-0.642787609687));
#8982 = ( GEOMETRIC_REPRESENTATION_CONTEXT(2)
PARAMETRIC_REPRESENTATION_CONTEXT() REPRESENTATION_CONTEXT('2D SPACE',''
  ) );
#8983 = PCURVE('',#8984,#8989);
#8984 = PLANE('',#8985);
#8985 = AXIS2_PLACEMENT_3D('',#8986,#8987,#8988);
#8986 = CARTESIAN_POINT('',(0.,0.,8.));
#8987 = DIRECTION('',(0.,0.,1.));
#8988 = DIRECTION('',(1.,0.,-0.));
#8989 = DEFINITIONAL_REPRESENTATION('',(#8990),#8994);
#8990 = LINE('',#8991,#8992);
#8991 = CARTESIAN_POINT('',(19.591870012235,-20.60051663608));
#8992 = VECTOR('',#8993,1.);
#8993 = DIRECTION('',(0.766044443119,-0.642787609687));
#8994 = ( GEOMETRIC_REPRESENTATION_CONTEXT(2)
PARAMETRIC_REPRESENTATION_CONTEXT() REPRESENTATION_CONTEXT('2D SPACE',''
  ) );
#8995 = ORIENTED_EDGE('',*,*,#8996,.T.);
#8996 = EDGE_CURVE('',#8969,#8997,#8999,.T.);
#8997 = VERTEX_POINT('',#8998);
#8998 = CARTESIAN_POINT('',(23.689641023987,-15.7169833112,8.));
#8999 = SURFACE_CURVE('',#9000,(#9004,#9011),.PCURVE_S1.);
#9000 = LINE('',#9001,#9002);
#9001 = CARTESIAN_POINT('',(19.591870012235,-20.60051663608,8.));
#9002 = VECTOR('',#9003,1.);
#9003 = DIRECTION('',(0.642787609687,0.766044443119,0.));
#9004 = PCURVE('',#4459,#9005);
#9005 = DEFINITIONAL_REPRESENTATION('',(#9006),#9010);
#9006 = LINE('',#9007,#9008);
#9007 = CARTESIAN_POINT('',(19.591870012235,-20.60051663608));
#9008 = VECTOR('',#9009,1.);
#9009 = DIRECTION('',(0.642787609687,0.766044443119));
#9010 = ( GEOMETRIC_REPRESENTATION_CONTEXT(2)
PARAMETRIC_REPRESENTATION_CONTEXT() REPRESENTATION_CONTEXT('2D SPACE',''
  ) );
#9011 = PCURVE('',#8984,#9012);
#9012 = DEFINITIONAL_REPRESENTATION('',(#9013),#9017);
#9013 = LINE('',#9014,#9015);
#9014 = CARTESIAN_POINT('',(19.591870012235,-20.60051663608));
#9015 = VECTOR('',#9016,1.);
#9016 = DIRECTION('',(0.642787609687,0.766044443119));
#9017 = ( GEOMETRIC_REPRESENTATION_CONTEXT(2)
PARAMETRIC_REPRESENTATION_CONTEXT() REPRESENTATION_CONTEXT('2D SPACE',''
  ) );
#9018 = ORIENTED_EDGE('',*,*,#9019,.T.);
#9019 = EDGE_CURVE('',#8997,#4746,#9020,.T.);
#9020 = SURFACE_CURVE('',#9021,(#9025,#9032),.PCURVE_S1.);
#9021 = LINE('',#9022,#9023);
#9022 = CARTESIAN_POINT('',(23.689641023987,-15.7169833112,8.));
#9023 = VECTOR('',#9024,1.);
#9024 = DIRECTION('',(0.766044443119,-0.642787609687,0.));
#9025 = PCURVE('',#4459,#9026);
#9026 = DEFINITIONAL_REPRESENTATION('',(#9027),#9031);
#9027 = LINE('',#9028,#9029);
#9028 = CARTESIAN_POINT('',(23.689641023987,-15.7169833112));
#9029 = VECTOR('',#9030,1.);
#9030 = DIRECTION('',(0.766044443119,-0.642787609687));
#9031 = ( GEOMETRIC_REPRESENTATION_CONTEXT(2)
PARAMETRIC_REPRESENTATION_CONTEXT() REPRESENTATION_CONTEXT('2D SPACE',''
  ) );
#9032 = PCURVE('',#8984,#9033);
#9033 = DEFINITIONAL_REPRESENTATION('',(#9034),#9038);
#9034 = LINE('',#9035,#9036);
#9035 = CARTESIAN_POINT('',(23.689641023987,-15.7169833112));
#9036 = VECTOR('',#9037,1.);
#9037 = DIRECTION('',(0.766044443119,-0.642787609687));
#9038 = ( GEOMETRIC_REPRESENTATION_CONTEXT(2)
PARAMETRIC_REPRESENTATION_CONTEXT() REPRESENTATION_CONTEXT('2D SPACE',''
  ) );
#9039 = ORIENTED_EDGE('',*,*,#4745,.T.);
#9040 = ORIENTED_EDGE('',*,*,#9041,.F.);
#9041 = EDGE_CURVE('',#9042,#4748,#9044,.T.);
#9042 = VERTEX_POINT('',#9043);
#9043 = CARTESIAN_POINT('',(25.456127330351,-12.6573392777,8.));
#9044 = SURFACE_CURVE('',#9045,(#9049,#9056),.PCURVE_S1.);
#9045 = LINE('',#9046,#9047);
#9046 = CARTESIAN_POINT('',(25.456127330351,-12.6573392777,8.));
#9047 = VECTOR('',#9048,1.);
#9048 = DIRECTION('',(0.939692620786,-0.342020143326,0.));
#9049 = PCURVE('',#4459,#9050);
#9050 = DEFINITIONAL_REPRESENTATION('',(#9051),#9055);
#9051 = LINE('',#9052,#9053);
#9052 = CARTESIAN_POINT('',(25.456127330351,-12.6573392777));
#9053 = VECTOR('',#9054,1.);
#9054 = DIRECTION('',(0.939692620786,-0.342020143326));
#9055 = ( GEOMETRIC_REPRESENTATION_CONTEXT(2)
PARAMETRIC_REPRESENTATION_CONTEXT() REPRESENTATION_CONTEXT('2D SPACE',''
  ) );
#9056 = PCURVE('',#9057,#9062);
#9057 = PLANE('',#9058);
#9058 = AXIS2_PLACEMENT_3D('',#9059,#9060,#9061);
#9059 = CARTESIAN_POINT('',(0.,0.,8.));
#9060 = DIRECTION('',(0.,0.,1.));
#9061 = DIRECTION('',(1.,0.,-0.));
#9062 = DEFINITIONAL_REPRESENTATION('',(#9063),#9067);
#9063 = LINE('',#9064,#9065);
#9064 = CARTESIAN_POINT('',(25.456127330351,-12.6573392777));
#9065 = VECTOR('',#9066,1.);
#9066 = DIRECTION('',(0.939692620786,-0.342020143326));
#9067 = ( GEOMETRIC_REPRESENTATION_CONTEXT(2)
PARAMETRIC_REPRESENTATION_CONTEXT() REPRESENTATION_CONTEXT('2D SPACE',''
  ) );
#9068 = ORIENTED_EDGE('',*,*,#9069,.T.);
#9069 = EDGE_CURVE('',#9042,#9070,#9072,.T.);
#9070 = VERTEX_POINT('',#9071);
#9071 = CARTESIAN_POINT('',(27.636505744052,-6.666798820195,8.));
#9072 = SURFACE_CURVE('',#9073,(#9077,#9084),.PCURVE_S1.);
#9073 = LINE('',#9074,#9075);
#9074 = CARTESIAN_POINT('',(25.456127330351,-12.6573392777,8.));
#9075 = VECTOR('',#9076,1.);
#9076 = DIRECTION('',(0.342020143326,0.939692620786,0.));
#9077 = PCURVE('',#4459,#9078);
#9078 = DEFINITIONAL_REPRESENTATION('',(#9079),#9083);
#9079 = LINE('',#9080,#9081);
#9080 = CARTESIAN_POINT('',(25.456127330351,-12.6573392777));
#9081 = VECTOR('',#9082,1.);
#9082 = DIRECTION('',(0.342020143326,0.939692620786));
#9083 = ( GEOMETRIC_REPRESENTATION_CONTEXT(2)
PARAMETRIC_REPRESENTATION_CONTEXT() REPRESENTATION_CONTEXT('2D SPACE',''
  ) );
#9084 = PCURVE('',#9057,#9085);
#9085 = DEFINITIONAL_REPRESENTATION('',(#9086),#9090);
#9086 = LINE('',#9087,#9088);
#9087 = CARTESIAN_POINT('',(25.456127330351,-12.6573392777));
#9088 = VECTOR('',#9089,1.);
#9089 = DIRECTION('',(0.342020143326,0.939692620786));
#9090 = ( GEOMETRIC_REPRESENTATION_CONTEXT(2)
PARAMETRIC_REPRESENTATION_CONTEXT() REPRESENTATION_CONTEXT('2D SPACE',''
  ) );
#9091 = ORIENTED_EDGE('',*,*,#9092,.T.);
#9092 = EDGE_CURVE('',#9070,#4524,#9093,.T.);
#9093 = SURFACE_CURVE('',#9094,(#9098,#9105),.PCURVE_S1.);
#9094 = LINE('',#9095,#9096);
#9095 = CARTESIAN_POINT('',(27.636505744052,-6.666798820195,8.));
#9096 = VECTOR('',#9097,1.);
#9097 = DIRECTION('',(0.939692620786,-0.342020143326,0.));
#9098 = PCURVE('',#4459,#9099);
#9099 = DEFINITIONAL_REPRESENTATION('',(#9100),#9104);
#9100 = LINE('',#9101,#9102);
#9101 = CARTESIAN_POINT('',(27.636505744052,-6.666798820195));
#9102 = VECTOR('',#9103,1.);
#9103 = DIRECTION('',(0.939692620786,-0.342020143326));
#9104 = ( GEOMETRIC_REPRESENTATION_CONTEXT(2)
PARAMETRIC_REPRESENTATION_CONTEXT() REPRESENTATION_CONTEXT('2D SPACE',''
  ) );
#9105 = PCURVE('',#9057,#9106);
#9106 = DEFINITIONAL_REPRESENTATION('',(#9107),#9111);
#9107 = LINE('',#9108,#9109);
#9108 = CARTESIAN_POINT('',(27.636505744052,-6.666798820195));
#9109 = VECTOR('',#9110,1.);
#9110 = DIRECTION('',(0.939692620786,-0.342020143326));
#9111 = ( GEOMETRIC_REPRESENTATION_CONTEXT(2)
PARAMETRIC_REPRESENTATION_CONTEXT() REPRESENTATION_CONTEXT('2D SPACE',''
  ) );
#9112 = ORIENTED_EDGE('',*,*,#4523,.T.);
#9113 = ORIENTED_EDGE('',*,*,#9114,.F.);
#9114 = EDGE_CURVE('',#7822,#4526,#9115,.T.);
#9115 = SURFACE_CURVE('',#9116,(#9120,#9127),.PCURVE_S1.);
#9116 = LINE('',#9117,#9118);
#9117 = CARTESIAN_POINT('',(28.25,-3.1875,8.));
#9118 = VECTOR('',#9119,1.);
#9119 = DIRECTION('',(1.,0.,0.));
#9120 = PCURVE('',#4459,#9121);
#9121 = DEFINITIONAL_REPRESENTATION('',(#9122),#9126);
#9122 = LINE('',#9123,#9124);
#9123 = CARTESIAN_POINT('',(28.25,-3.1875));
#9124 = VECTOR('',#9125,1.);
#9125 = DIRECTION('',(1.,0.));
#9126 = ( GEOMETRIC_REPRESENTATION_CONTEXT(2)
PARAMETRIC_REPRESENTATION_CONTEXT() REPRESENTATION_CONTEXT('2D SPACE',''
  ) );
#9127 = PCURVE('',#7839,#9128);
#9128 = DEFINITIONAL_REPRESENTATION('',(#9129),#9133);
#9129 = LINE('',#9130,#9131);
#9130 = CARTESIAN_POINT('',(28.25,-3.1875));
#9131 = VECTOR('',#9132,1.);
#9132 = DIRECTION('',(1.,0.));
#9133 = ( GEOMETRIC_REPRESENTATION_CONTEXT(2)
PARAMETRIC_REPRESENTATION_CONTEXT() REPRESENTATION_CONTEXT('2D SPACE',''
  ) );
#9134 = FACE_BOUND('',#9135,.T.);
#9135 = EDGE_LOOP('',(#9136,#9137,#9156,#9157,#9158,#9179,#9198,#9199,
    #9200,#9221,#9240,#9241,#9260,#9261,#9280,#9281,#9302,#9321,#9322,
    #9323,#9344,#9363,#9364,#9365,#9384));
#9136 = ORIENTED_EDGE('',*,*,#6964,.F.);
#9137 = ORIENTED_EDGE('',*,*,#9138,.T.);
#9138 = EDGE_CURVE('',#6965,#6742,#9139,.T.);
#9139 = SURFACE_CURVE('',#9140,(#9144,#9150),.PCURVE_S1.);
#9140 = LINE('',#9141,#9142);
#9141 = CARTESIAN_POINT('',(12.99273933325,-13.49958537069,8.));
#9142 = VECTOR('',#9143,1.);
#9143 = DIRECTION('',(-0.499916824138,-0.866073420066,0.));
#9144 = PCURVE('',#4459,#9145);
#9145 = DEFINITIONAL_REPRESENTATION('',(#9146),#9149);
#9146 = B_SPLINE_CURVE_WITH_KNOTS('',1,(#9147,#9148),.UNSPECIFIED.,.F.,
  .F.,(2,2),(-15.58711427683,5.196343087133),.PIECEWISE_BEZIER_KNOTS.);
#9147 = CARTESIAN_POINT('',(20.785,-1.7763568394E-15));
#9148 = CARTESIAN_POINT('',(10.395,-18.));
#9149 = ( GEOMETRIC_REPRESENTATION_CONTEXT(2)
PARAMETRIC_REPRESENTATION_CONTEXT() REPRESENTATION_CONTEXT('2D SPACE',''
  ) );
#9150 = PCURVE('',#6756,#9151);
#9151 = DEFINITIONAL_REPRESENTATION('',(#9152),#9155);
#9152 = B_SPLINE_CURVE_WITH_KNOTS('',1,(#9153,#9154),.UNSPECIFIED.,.F.,
  .F.,(2,2),(-15.58711427683,5.196343087133),.PIECEWISE_BEZIER_KNOTS.);
#9153 = CARTESIAN_POINT('',(20.783457363971,-0.5));
#9154 = CARTESIAN_POINT('',(0.,-0.5));
#9155 = ( GEOMETRIC_REPRESENTATION_CONTEXT(2)
PARAMETRIC_REPRESENTATION_CONTEXT() REPRESENTATION_CONTEXT('2D SPACE',''
  ) );
#9156 = ORIENTED_EDGE('',*,*,#6767,.F.);
#9157 = ORIENTED_EDGE('',*,*,#6814,.F.);
#9158 = ORIENTED_EDGE('',*,*,#9159,.T.);
#9159 = EDGE_CURVE('',#6815,#9160,#9162,.T.);
#9160 = VERTEX_POINT('',#9161);
#9161 = CARTESIAN_POINT('',(10.395,-18.,8.));
#9162 = SURFACE_CURVE('',#9163,(#9167,#9173),.PCURVE_S1.);
#9163 = LINE('',#9164,#9165);
#9164 = CARTESIAN_POINT('',(12.99273933325,-13.49958537069,8.));
#9165 = VECTOR('',#9166,1.);
#9166 = DIRECTION('',(-0.499916824138,-0.866073420066,0.));
#9167 = PCURVE('',#4459,#9168);
#9168 = DEFINITIONAL_REPRESENTATION('',(#9169),#9172);
#9169 = B_SPLINE_CURVE_WITH_KNOTS('',1,(#9170,#9171),.UNSPECIFIED.,.F.,
  .F.,(2,2),(-15.58711427683,5.196343087133),.PIECEWISE_BEZIER_KNOTS.);
#9170 = CARTESIAN_POINT('',(20.785,-1.7763568394E-15));
#9171 = CARTESIAN_POINT('',(10.395,-18.));
#9172 = ( GEOMETRIC_REPRESENTATION_CONTEXT(2)
PARAMETRIC_REPRESENTATION_CONTEXT() REPRESENTATION_CONTEXT('2D SPACE',''
  ) );
#9173 = PCURVE('',#6756,#9174);
#9174 = DEFINITIONAL_REPRESENTATION('',(#9175),#9178);
#9175 = B_SPLINE_CURVE_WITH_KNOTS('',1,(#9176,#9177),.UNSPECIFIED.,.F.,
  .F.,(2,2),(-15.58711427683,5.196343087133),.PIECEWISE_BEZIER_KNOTS.);
#9176 = CARTESIAN_POINT('',(20.783457363971,-0.5));
#9177 = CARTESIAN_POINT('',(0.,-0.5));
#9178 = ( GEOMETRIC_REPRESENTATION_CONTEXT(2)
PARAMETRIC_REPRESENTATION_CONTEXT() REPRESENTATION_CONTEXT('2D SPACE',''
  ) );
#9179 = ORIENTED_EDGE('',*,*,#9180,.T.);
#9180 = EDGE_CURVE('',#9160,#6592,#9181,.T.);
#9181 = SURFACE_CURVE('',#9182,(#9186,#9192),.PCURVE_S1.);
#9182 = LINE('',#9183,#9184);
#9183 = CARTESIAN_POINT('',(-5.1975,-18.,8.));
#9184 = VECTOR('',#9185,1.);
#9185 = DIRECTION('',(-1.,0.,0.));
#9186 = PCURVE('',#4459,#9187);
#9187 = DEFINITIONAL_REPRESENTATION('',(#9188),#9191);
#9188 = B_SPLINE_CURVE_WITH_KNOTS('',1,(#9189,#9190),.UNSPECIFIED.,.F.,
  .F.,(2,2),(-15.5925,5.1975),.PIECEWISE_BEZIER_KNOTS.);
#9189 = CARTESIAN_POINT('',(10.395,-18.));
#9190 = CARTESIAN_POINT('',(-10.395,-18.));
#9191 = ( GEOMETRIC_REPRESENTATION_CONTEXT(2)
PARAMETRIC_REPRESENTATION_CONTEXT() REPRESENTATION_CONTEXT('2D SPACE',''
  ) );
#9192 = PCURVE('',#6606,#9193);
#9193 = DEFINITIONAL_REPRESENTATION('',(#9194),#9197);
#9194 = B_SPLINE_CURVE_WITH_KNOTS('',1,(#9195,#9196),.UNSPECIFIED.,.F.,
  .F.,(2,2),(-15.5925,5.1975),.PIECEWISE_BEZIER_KNOTS.);
#9195 = CARTESIAN_POINT('',(20.79,-0.5));
#9196 = CARTESIAN_POINT('',(0.,-0.5));
#9197 = ( GEOMETRIC_REPRESENTATION_CONTEXT(2)
PARAMETRIC_REPRESENTATION_CONTEXT() REPRESENTATION_CONTEXT('2D SPACE',''
  ) );
#9198 = ORIENTED_EDGE('',*,*,#6617,.F.);
#9199 = ORIENTED_EDGE('',*,*,#6664,.F.);
#9200 = ORIENTED_EDGE('',*,*,#9201,.T.);
#9201 = EDGE_CURVE('',#6665,#9202,#9204,.T.);
#9202 = VERTEX_POINT('',#9203);
#9203 = CARTESIAN_POINT('',(-10.395,-18.,8.));
#9204 = SURFACE_CURVE('',#9205,(#9209,#9215),.PCURVE_S1.);
#9205 = LINE('',#9206,#9207);
#9206 = CARTESIAN_POINT('',(-5.1975,-18.,8.));
#9207 = VECTOR('',#9208,1.);
#9208 = DIRECTION('',(-1.,0.,0.));
#9209 = PCURVE('',#4459,#9210);
#9210 = DEFINITIONAL_REPRESENTATION('',(#9211),#9214);
#9211 = B_SPLINE_CURVE_WITH_KNOTS('',1,(#9212,#9213),.UNSPECIFIED.,.F.,
  .F.,(2,2),(-15.5925,5.1975),.PIECEWISE_BEZIER_KNOTS.);
#9212 = CARTESIAN_POINT('',(10.395,-18.));
#9213 = CARTESIAN_POINT('',(-10.395,-18.));
#9214 = ( GEOMETRIC_REPRESENTATION_CONTEXT(2)
PARAMETRIC_REPRESENTATION_CONTEXT() REPRESENTATION_CONTEXT('2D SPACE',''
  ) );
#9215 = PCURVE('',#6606,#9216);
#9216 = DEFINITIONAL_REPRESENTATION('',(#9217),#9220);
#9217 = B_SPLINE_CURVE_WITH_KNOTS('',1,(#9218,#9219),.UNSPECIFIED.,.F.,
  .F.,(2,2),(-15.5925,5.1975),.PIECEWISE_BEZIER_KNOTS.);
#9218 = CARTESIAN_POINT('',(20.79,-0.5));
#9219 = CARTESIAN_POINT('',(0.,-0.5));
#9220 = ( GEOMETRIC_REPRESENTATION_CONTEXT(2)
PARAMETRIC_REPRESENTATION_CONTEXT() REPRESENTATION_CONTEXT('2D SPACE',''
  ) );
#9221 = ORIENTED_EDGE('',*,*,#9222,.T.);
#9222 = EDGE_CURVE('',#9202,#6463,#9223,.T.);
#9223 = SURFACE_CURVE('',#9224,(#9228,#9234),.PCURVE_S1.);
#9224 = LINE('',#9225,#9226);
#9225 = CARTESIAN_POINT('',(-18.18773933325,-4.499585370693,8.));
#9226 = VECTOR('',#9227,1.);
#9227 = DIRECTION('',(-0.499916824138,0.866073420066,0.));
#9228 = PCURVE('',#4459,#9229);
#9229 = DEFINITIONAL_REPRESENTATION('',(#9230),#9233);
#9230 = B_SPLINE_CURVE_WITH_KNOTS('',1,(#9231,#9232),.UNSPECIFIED.,.F.,
  .F.,(2,2),(-15.58807176911,5.195385594852),.PIECEWISE_BEZIER_KNOTS.);
#9231 = CARTESIAN_POINT('',(-10.395,-18.));
#9232 = CARTESIAN_POINT('',(-20.785,0.));
#9233 = ( GEOMETRIC_REPRESENTATION_CONTEXT(2)
PARAMETRIC_REPRESENTATION_CONTEXT() REPRESENTATION_CONTEXT('2D SPACE',''
  ) );
#9234 = PCURVE('',#6477,#9235);
#9235 = DEFINITIONAL_REPRESENTATION('',(#9236),#9239);
#9236 = B_SPLINE_CURVE_WITH_KNOTS('',1,(#9237,#9238),.UNSPECIFIED.,.F.,
  .F.,(2,2),(-15.58807176911,5.195385594852),.PIECEWISE_BEZIER_KNOTS.);
#9237 = CARTESIAN_POINT('',(20.783457363971,-0.5));
#9238 = CARTESIAN_POINT('',(0.,-0.5));
#9239 = ( GEOMETRIC_REPRESENTATION_CONTEXT(2)
PARAMETRIC_REPRESENTATION_CONTEXT() REPRESENTATION_CONTEXT('2D SPACE',''
  ) );
#9240 = ORIENTED_EDGE('',*,*,#6488,.F.);
#9241 = ORIENTED_EDGE('',*,*,#9242,.T.);
#9242 = EDGE_CURVE('',#6489,#7063,#9243,.T.);
#9243 = SURFACE_CURVE('',#9244,(#9248,#9254),.PCURVE_S1.);
#9244 = LINE('',#9245,#9246);
#9245 = CARTESIAN_POINT('',(-18.18773933325,-4.499585370693,8.));
#9246 = VECTOR('',#9247,1.);
#9247 = DIRECTION('',(-0.499916824138,0.866073420066,0.));
#9248 = PCURVE('',#4459,#9249);
#9249 = DEFINITIONAL_REPRESENTATION('',(#9250),#9253);
#9250 = B_SPLINE_CURVE_WITH_KNOTS('',1,(#9251,#9252),.UNSPECIFIED.,.F.,
  .F.,(2,2),(-15.58807176911,5.195385594852),.PIECEWISE_BEZIER_KNOTS.);
#9251 = CARTESIAN_POINT('',(-10.395,-18.));
#9252 = CARTESIAN_POINT('',(-20.785,0.));
#9253 = ( GEOMETRIC_REPRESENTATION_CONTEXT(2)
PARAMETRIC_REPRESENTATION_CONTEXT() REPRESENTATION_CONTEXT('2D SPACE',''
  ) );
#9254 = PCURVE('',#6477,#9255);
#9255 = DEFINITIONAL_REPRESENTATION('',(#9256),#9259);
#9256 = B_SPLINE_CURVE_WITH_KNOTS('',1,(#9257,#9258),.UNSPECIFIED.,.F.,
  .F.,(2,2),(-15.58807176911,5.195385594852),.PIECEWISE_BEZIER_KNOTS.);
#9257 = CARTESIAN_POINT('',(20.783457363971,-0.5));
#9258 = CARTESIAN_POINT('',(0.,-0.5));
#9259 = ( GEOMETRIC_REPRESENTATION_CONTEXT(2)
PARAMETRIC_REPRESENTATION_CONTEXT() REPRESENTATION_CONTEXT('2D SPACE',''
  ) );
#9260 = ORIENTED_EDGE('',*,*,#7083,.F.);
#9261 = ORIENTED_EDGE('',*,*,#9262,.T.);
#9262 = EDGE_CURVE('',#7084,#7213,#9263,.T.);
#9263 = SURFACE_CURVE('',#9264,(#9268,#9274),.PCURVE_S1.);
#9264 = LINE('',#9265,#9266);
#9265 = CARTESIAN_POINT('',(-12.99273933325,13.499585370693,8.));
#9266 = VECTOR('',#9267,1.);
#9267 = DIRECTION('',(0.499916824138,0.866073420066,-0.));
#9268 = PCURVE('',#4459,#9269);
#9269 = DEFINITIONAL_REPRESENTATION('',(#9270),#9273);
#9270 = B_SPLINE_CURVE_WITH_KNOTS('',1,(#9271,#9272),.UNSPECIFIED.,.F.,
  .F.,(2,2),(-15.58711427683,5.196343087133),.PIECEWISE_BEZIER_KNOTS.);
#9271 = CARTESIAN_POINT('',(-20.785,-1.7763568394E-15));
#9272 = CARTESIAN_POINT('',(-10.395,18.));
#9273 = ( GEOMETRIC_REPRESENTATION_CONTEXT(2)
PARAMETRIC_REPRESENTATION_CONTEXT() REPRESENTATION_CONTEXT('2D SPACE',''
  ) );
#9274 = PCURVE('',#7122,#9275);
#9275 = DEFINITIONAL_REPRESENTATION('',(#9276),#9279);
#9276 = B_SPLINE_CURVE_WITH_KNOTS('',1,(#9277,#9278),.UNSPECIFIED.,.F.,
  .F.,(2,2),(-15.58711427683,5.196343087133),.PIECEWISE_BEZIER_KNOTS.);
#9277 = CARTESIAN_POINT('',(20.783457363971,-0.5));
#9278 = CARTESIAN_POINT('',(0.,-0.5));
#9279 = ( GEOMETRIC_REPRESENTATION_CONTEXT(2)
PARAMETRIC_REPRESENTATION_CONTEXT() REPRESENTATION_CONTEXT('2D SPACE',''
  ) );
#9280 = ORIENTED_EDGE('',*,*,#7233,.F.);
#9281 = ORIENTED_EDGE('',*,*,#9282,.T.);
#9282 = EDGE_CURVE('',#7234,#9283,#9285,.T.);
#9283 = VERTEX_POINT('',#9284);
#9284 = CARTESIAN_POINT('',(-10.395,18.,8.));
#9285 = SURFACE_CURVE('',#9286,(#9290,#9296),.PCURVE_S1.);
#9286 = LINE('',#9287,#9288);
#9287 = CARTESIAN_POINT('',(-12.99273933325,13.499585370693,8.));
#9288 = VECTOR('',#9289,1.);
#9289 = DIRECTION('',(0.499916824138,0.866073420066,-0.));
#9290 = PCURVE('',#4459,#9291);
#9291 = DEFINITIONAL_REPRESENTATION('',(#9292),#9295);
#9292 = B_SPLINE_CURVE_WITH_KNOTS('',1,(#9293,#9294),.UNSPECIFIED.,.F.,
  .F.,(2,2),(-15.58711427683,5.196343087133),.PIECEWISE_BEZIER_KNOTS.);
#9293 = CARTESIAN_POINT('',(-20.785,-1.7763568394E-15));
#9294 = CARTESIAN_POINT('',(-10.395,18.));
#9295 = ( GEOMETRIC_REPRESENTATION_CONTEXT(2)
PARAMETRIC_REPRESENTATION_CONTEXT() REPRESENTATION_CONTEXT('2D SPACE',''
  ) );
#9296 = PCURVE('',#7122,#9297);
#9297 = DEFINITIONAL_REPRESENTATION('',(#9298),#9301);
#9298 = B_SPLINE_CURVE_WITH_KNOTS('',1,(#9299,#9300),.UNSPECIFIED.,.F.,
  .F.,(2,2),(-15.58711427683,5.196343087133),.PIECEWISE_BEZIER_KNOTS.);
#9299 = CARTESIAN_POINT('',(20.783457363971,-0.5));
#9300 = CARTESIAN_POINT('',(0.,-0.5));
#9301 = ( GEOMETRIC_REPRESENTATION_CONTEXT(2)
PARAMETRIC_REPRESENTATION_CONTEXT() REPRESENTATION_CONTEXT('2D SPACE',''
  ) );
#9302 = ORIENTED_EDGE('',*,*,#9303,.T.);
#9303 = EDGE_CURVE('',#9283,#7337,#9304,.T.);
#9304 = SURFACE_CURVE('',#9305,(#9309,#9315),.PCURVE_S1.);
#9305 = LINE('',#9306,#9307);
#9306 = CARTESIAN_POINT('',(5.1975,18.,8.));
#9307 = VECTOR('',#9308,1.);
#9308 = DIRECTION('',(1.,0.,-0.));
#9309 = PCURVE('',#4459,#9310);
#9310 = DEFINITIONAL_REPRESENTATION('',(#9311),#9314);
#9311 = B_SPLINE_CURVE_WITH_KNOTS('',1,(#9312,#9313),.UNSPECIFIED.,.F.,
  .F.,(2,2),(-15.5925,5.1975),.PIECEWISE_BEZIER_KNOTS.);
#9312 = CARTESIAN_POINT('',(-10.395,18.));
#9313 = CARTESIAN_POINT('',(10.395,18.));
#9314 = ( GEOMETRIC_REPRESENTATION_CONTEXT(2)
PARAMETRIC_REPRESENTATION_CONTEXT() REPRESENTATION_CONTEXT('2D SPACE',''
  ) );
#9315 = PCURVE('',#7351,#9316);
#9316 = DEFINITIONAL_REPRESENTATION('',(#9317),#9320);
#9317 = B_SPLINE_CURVE_WITH_KNOTS('',1,(#9318,#9319),.UNSPECIFIED.,.F.,
  .F.,(2,2),(-15.5925,5.1975),.PIECEWISE_BEZIER_KNOTS.);
#9318 = CARTESIAN_POINT('',(20.79,-0.5));
#9319 = CARTESIAN_POINT('',(0.,-0.5));
#9320 = ( GEOMETRIC_REPRESENTATION_CONTEXT(2)
PARAMETRIC_REPRESENTATION_CONTEXT() REPRESENTATION_CONTEXT('2D SPACE',''
  ) );
#9321 = ORIENTED_EDGE('',*,*,#7362,.F.);
#9322 = ORIENTED_EDGE('',*,*,#7409,.F.);
#9323 = ORIENTED_EDGE('',*,*,#9324,.T.);
#9324 = EDGE_CURVE('',#7410,#9325,#9327,.T.);
#9325 = VERTEX_POINT('',#9326);
#9326 = CARTESIAN_POINT('',(10.395,18.,8.));
#9327 = SURFACE_CURVE('',#9328,(#9332,#9338),.PCURVE_S1.);
#9328 = LINE('',#9329,#9330);
#9329 = CARTESIAN_POINT('',(5.1975,18.,8.));
#9330 = VECTOR('',#9331,1.);
#9331 = DIRECTION('',(1.,0.,-0.));
#9332 = PCURVE('',#4459,#9333);
#9333 = DEFINITIONAL_REPRESENTATION('',(#9334),#9337);
#9334 = B_SPLINE_CURVE_WITH_KNOTS('',1,(#9335,#9336),.UNSPECIFIED.,.F.,
  .F.,(2,2),(-15.5925,5.1975),.PIECEWISE_BEZIER_KNOTS.);
#9335 = CARTESIAN_POINT('',(-10.395,18.));
#9336 = CARTESIAN_POINT('',(10.395,18.));
#9337 = ( GEOMETRIC_REPRESENTATION_CONTEXT(2)
PARAMETRIC_REPRESENTATION_CONTEXT() REPRESENTATION_CONTEXT('2D SPACE',''
  ) );
#9338 = PCURVE('',#7351,#9339);
#9339 = DEFINITIONAL_REPRESENTATION('',(#9340),#9343);
#9340 = B_SPLINE_CURVE_WITH_KNOTS('',1,(#9341,#9342),.UNSPECIFIED.,.F.,
  .F.,(2,2),(-15.5925,5.1975),.PIECEWISE_BEZIER_KNOTS.);
#9341 = CARTESIAN_POINT('',(20.79,-0.5));
#9342 = CARTESIAN_POINT('',(0.,-0.5));
#9343 = ( GEOMETRIC_REPRESENTATION_CONTEXT(2)
PARAMETRIC_REPRESENTATION_CONTEXT() REPRESENTATION_CONTEXT('2D SPACE',''
  ) );
#9344 = ORIENTED_EDGE('',*,*,#9345,.T.);
#9345 = EDGE_CURVE('',#9325,#7487,#9346,.T.);
#9346 = SURFACE_CURVE('',#9347,(#9351,#9357),.PCURVE_S1.);
#9347 = LINE('',#9348,#9349);
#9348 = CARTESIAN_POINT('',(18.18773933325,4.499585370693,8.));
#9349 = VECTOR('',#9350,1.);
#9350 = DIRECTION('',(0.499916824138,-0.866073420066,0.));
#9351 = PCURVE('',#4459,#9352);
#9352 = DEFINITIONAL_REPRESENTATION('',(#9353),#9356);
#9353 = B_SPLINE_CURVE_WITH_KNOTS('',1,(#9354,#9355),.UNSPECIFIED.,.F.,
  .F.,(2,2),(-15.58807176911,5.195385594852),.PIECEWISE_BEZIER_KNOTS.);
#9354 = CARTESIAN_POINT('',(10.395,18.));
#9355 = CARTESIAN_POINT('',(20.785,0.));
#9356 = ( GEOMETRIC_REPRESENTATION_CONTEXT(2)
PARAMETRIC_REPRESENTATION_CONTEXT() REPRESENTATION_CONTEXT('2D SPACE',''
  ) );
#9357 = PCURVE('',#6906,#9358);
#9358 = DEFINITIONAL_REPRESENTATION('',(#9359),#9362);
#9359 = B_SPLINE_CURVE_WITH_KNOTS('',1,(#9360,#9361),.UNSPECIFIED.,.F.,
  .F.,(2,2),(-15.58807176911,5.195385594852),.PIECEWISE_BEZIER_KNOTS.);
#9360 = CARTESIAN_POINT('',(20.783457363971,-0.5));
#9361 = CARTESIAN_POINT('',(0.,-0.5));
#9362 = ( GEOMETRIC_REPRESENTATION_CONTEXT(2)
PARAMETRIC_REPRESENTATION_CONTEXT() REPRESENTATION_CONTEXT('2D SPACE',''
  ) );
#9363 = ORIENTED_EDGE('',*,*,#7507,.F.);
#9364 = ORIENTED_EDGE('',*,*,#7554,.F.);
#9365 = ORIENTED_EDGE('',*,*,#9366,.T.);
#9366 = EDGE_CURVE('',#7555,#6892,#9367,.T.);
#9367 = SURFACE_CURVE('',#9368,(#9372,#9378),.PCURVE_S1.);
#9368 = LINE('',#9369,#9370);
#9369 = CARTESIAN_POINT('',(18.18773933325,4.499585370693,8.));
#9370 = VECTOR('',#9371,1.);
#9371 = DIRECTION('',(0.499916824138,-0.866073420066,0.));
#9372 = PCURVE('',#4459,#9373);
#9373 = DEFINITIONAL_REPRESENTATION('',(#9374),#9377);
#9374 = B_SPLINE_CURVE_WITH_KNOTS('',1,(#9375,#9376),.UNSPECIFIED.,.F.,
  .F.,(2,2),(-15.58807176911,5.195385594852),.PIECEWISE_BEZIER_KNOTS.);
#9375 = CARTESIAN_POINT('',(10.395,18.));
#9376 = CARTESIAN_POINT('',(20.785,0.));
#9377 = ( GEOMETRIC_REPRESENTATION_CONTEXT(2)
PARAMETRIC_REPRESENTATION_CONTEXT() REPRESENTATION_CONTEXT('2D SPACE',''
  ) );
#9378 = PCURVE('',#6906,#9379);
#9379 = DEFINITIONAL_REPRESENTATION('',(#9380),#9383);
#9380 = B_SPLINE_CURVE_WITH_KNOTS('',1,(#9381,#9382),.UNSPECIFIED.,.F.,
  .F.,(2,2),(-15.58807176911,5.195385594852),.PIECEWISE_BEZIER_KNOTS.);
#9381 = CARTESIAN_POINT('',(20.783457363971,-0.5));
#9382 = CARTESIAN_POINT('',(0.,-0.5));
#9383 = ( GEOMETRIC_REPRESENTATION_CONTEXT(2)
PARAMETRIC_REPRESENTATION_CONTEXT() REPRESENTATION_CONTEXT('2D SPACE',''
  ) );
#9384 = ORIENTED_EDGE('',*,*,#6917,.F.);
#9385 = ADVANCED_FACE('',(#9386),#4509,.F.);
#9386 = FACE_BOUND('',#9387,.F.);
#9387 = EDGE_LOOP('',(#9388,#9411,#9412,#9440));
#9388 = ORIENTED_EDGE('',*,*,#9389,.F.);
#9389 = EDGE_CURVE('',#2259,#9390,#9392,.T.);
#9390 = VERTEX_POINT('',#9391);
#9391 = CARTESIAN_POINT('',(36.798508796715,10.00149521762,0.));
#9392 = SURFACE_CURVE('',#9393,(#9397,#9404),.PCURVE_S1.);
#9393 = LINE('',#9394,#9395);
#9394 = CARTESIAN_POINT('',(27.636505744052,6.666798820195,0.));
#9395 = VECTOR('',#9396,1.);
#9396 = DIRECTION('',(0.939692620786,0.342020143326,0.));
#9397 = PCURVE('',#4509,#9398);
#9398 = DEFINITIONAL_REPRESENTATION('',(#9399),#9403);
#9399 = LINE('',#9400,#9401);
#9400 = CARTESIAN_POINT('',(0.,0.));
#9401 = VECTOR('',#9402,1.);
#9402 = DIRECTION('',(0.,1.));
#9403 = ( GEOMETRIC_REPRESENTATION_CONTEXT(2)
PARAMETRIC_REPRESENTATION_CONTEXT() REPRESENTATION_CONTEXT('2D SPACE',''
  ) );
#9404 = PCURVE('',#4617,#9405);
#9405 = DEFINITIONAL_REPRESENTATION('',(#9406),#9410);
#9406 = LINE('',#9407,#9408);
#9407 = CARTESIAN_POINT('',(0.,0.));
#9408 = VECTOR('',#9409,1.);
#9409 = DIRECTION('',(1.,0.));
#9410 = ( GEOMETRIC_REPRESENTATION_CONTEXT(2)
PARAMETRIC_REPRESENTATION_CONTEXT() REPRESENTATION_CONTEXT('2D SPACE',''
  ) );
#9411 = ORIENTED_EDGE('',*,*,#4496,.T.);
#9412 = ORIENTED_EDGE('',*,*,#9413,.T.);
#9413 = EDGE_CURVE('',#4443,#9414,#9416,.T.);
#9414 = VERTEX_POINT('',#9415);
#9415 = CARTESIAN_POINT('',(36.798508796715,10.00149521762,8.));
#9416 = SURFACE_CURVE('',#9417,(#9421,#9428),.PCURVE_S1.);
#9417 = LINE('',#9418,#9419);
#9418 = CARTESIAN_POINT('',(27.636505744052,6.666798820195,8.));
#9419 = VECTOR('',#9420,1.);
#9420 = DIRECTION('',(0.939692620786,0.342020143326,0.));
#9421 = PCURVE('',#4509,#9422);
#9422 = DEFINITIONAL_REPRESENTATION('',(#9423),#9427);
#9423 = LINE('',#9424,#9425);
#9424 = CARTESIAN_POINT('',(8.,0.));
#9425 = VECTOR('',#9426,1.);
#9426 = DIRECTION('',(0.,1.));
#9427 = ( GEOMETRIC_REPRESENTATION_CONTEXT(2)
PARAMETRIC_REPRESENTATION_CONTEXT() REPRESENTATION_CONTEXT('2D SPACE',''
  ) );
#9428 = PCURVE('',#9429,#9434);
#9429 = PLANE('',#9430);
#9430 = AXIS2_PLACEMENT_3D('',#9431,#9432,#9433);
#9431 = CARTESIAN_POINT('',(27.636505744052,6.666798820195,8.));
#9432 = DIRECTION('',(0.,0.,1.));
#9433 = DIRECTION('',(0.939692620786,0.342020143326,0.));
#9434 = DEFINITIONAL_REPRESENTATION('',(#9435),#9439);
#9435 = LINE('',#9436,#9437);
#9436 = CARTESIAN_POINT('',(0.,0.));
#9437 = VECTOR('',#9438,1.);
#9438 = DIRECTION('',(1.,0.));
#9439 = ( GEOMETRIC_REPRESENTATION_CONTEXT(2)
PARAMETRIC_REPRESENTATION_CONTEXT() REPRESENTATION_CONTEXT('2D SPACE',''
  ) );
#9440 = ORIENTED_EDGE('',*,*,#9441,.F.);
#9441 = EDGE_CURVE('',#9390,#9414,#9442,.T.);
#9442 = SURFACE_CURVE('',#9443,(#9447,#9454),.PCURVE_S1.);
#9443 = LINE('',#9444,#9445);
#9444 = CARTESIAN_POINT('',(36.798508796715,10.00149521762,0.));
#9445 = VECTOR('',#9446,1.);
#9446 = DIRECTION('',(0.,0.,1.));
#9447 = PCURVE('',#4509,#9448);
#9448 = DEFINITIONAL_REPRESENTATION('',(#9449),#9453);
#9449 = LINE('',#9450,#9451);
#9450 = CARTESIAN_POINT('',(0.,9.75));
#9451 = VECTOR('',#9452,1.);
#9452 = DIRECTION('',(1.,0.));
#9453 = ( GEOMETRIC_REPRESENTATION_CONTEXT(2)
PARAMETRIC_REPRESENTATION_CONTEXT() REPRESENTATION_CONTEXT('2D SPACE',''
  ) );
#9454 = PCURVE('',#9455,#9460);
#9455 = PLANE('',#9456);
#9456 = AXIS2_PLACEMENT_3D('',#9457,#9458,#9459);
#9457 = CARTESIAN_POINT('',(36.798508796715,10.00149521762,0.));
#9458 = DIRECTION('',(0.939692620786,0.342020143326,0.));
#9459 = DIRECTION('',(0.,0.,1.));
#9460 = DEFINITIONAL_REPRESENTATION('',(#9461),#9465);
#9461 = LINE('',#9462,#9463);
#9462 = CARTESIAN_POINT('',(0.,0.));
#9463 = VECTOR('',#9464,1.);
#9464 = DIRECTION('',(1.,0.));
#9465 = ( GEOMETRIC_REPRESENTATION_CONTEXT(2)
PARAMETRIC_REPRESENTATION_CONTEXT() REPRESENTATION_CONTEXT('2D SPACE',''
  ) );
#9466 = ADVANCED_FACE('',(#9467),#4484,.T.);
#9467 = FACE_BOUND('',#9468,.T.);
#9468 = EDGE_LOOP('',(#9469,#9470,#9471,#9499));
#9469 = ORIENTED_EDGE('',*,*,#7744,.F.);
#9470 = ORIENTED_EDGE('',*,*,#4471,.T.);
#9471 = ORIENTED_EDGE('',*,*,#9472,.T.);
#9472 = EDGE_CURVE('',#4441,#9473,#9475,.T.);
#9473 = VERTEX_POINT('',#9474);
#9474 = CARTESIAN_POINT('',(38.,3.1875,8.));
#9475 = SURFACE_CURVE('',#9476,(#9480,#9487),.PCURVE_S1.);
#9476 = LINE('',#9477,#9478);
#9477 = CARTESIAN_POINT('',(28.25,3.1875,8.));
#9478 = VECTOR('',#9479,1.);
#9479 = DIRECTION('',(1.,0.,0.));
#9480 = PCURVE('',#4484,#9481);
#9481 = DEFINITIONAL_REPRESENTATION('',(#9482),#9486);
#9482 = LINE('',#9483,#9484);
#9483 = CARTESIAN_POINT('',(8.,0.));
#9484 = VECTOR('',#9485,1.);
#9485 = DIRECTION('',(0.,1.));
#9486 = ( GEOMETRIC_REPRESENTATION_CONTEXT(2)
PARAMETRIC_REPRESENTATION_CONTEXT() REPRESENTATION_CONTEXT('2D SPACE',''
  ) );
#9487 = PCURVE('',#9488,#9493);
#9488 = PLANE('',#9489);
#9489 = AXIS2_PLACEMENT_3D('',#9490,#9491,#9492);
#9490 = CARTESIAN_POINT('',(28.25,-3.1875,8.));
#9491 = DIRECTION('',(0.,0.,1.));
#9492 = DIRECTION('',(1.,0.,0.));
#9493 = DEFINITIONAL_REPRESENTATION('',(#9494),#9498);
#9494 = LINE('',#9495,#9496);
#9495 = CARTESIAN_POINT('',(0.,6.375));
#9496 = VECTOR('',#9497,1.);
#9497 = DIRECTION('',(1.,0.));
#9498 = ( GEOMETRIC_REPRESENTATION_CONTEXT(2)
PARAMETRIC_REPRESENTATION_CONTEXT() REPRESENTATION_CONTEXT('2D SPACE',''
  ) );
#9499 = ORIENTED_EDGE('',*,*,#9500,.F.);
#9500 = EDGE_CURVE('',#7745,#9473,#9501,.T.);
#9501 = SURFACE_CURVE('',#9502,(#9506,#9513),.PCURVE_S1.);
#9502 = LINE('',#9503,#9504);
#9503 = CARTESIAN_POINT('',(38.,3.1875,0.));
#9504 = VECTOR('',#9505,1.);
#9505 = DIRECTION('',(0.,0.,1.));
#9506 = PCURVE('',#4484,#9507);
#9507 = DEFINITIONAL_REPRESENTATION('',(#9508),#9512);
#9508 = LINE('',#9509,#9510);
#9509 = CARTESIAN_POINT('',(0.,9.75));
#9510 = VECTOR('',#9511,1.);
#9511 = DIRECTION('',(1.,0.));
#9512 = ( GEOMETRIC_REPRESENTATION_CONTEXT(2)
PARAMETRIC_REPRESENTATION_CONTEXT() REPRESENTATION_CONTEXT('2D SPACE',''
  ) );
#9513 = PCURVE('',#7806,#9514);
#9514 = DEFINITIONAL_REPRESENTATION('',(#9515),#9519);
#9515 = LINE('',#9516,#9517);
#9516 = CARTESIAN_POINT('',(0.,-6.375));
#9517 = VECTOR('',#9518,1.);
#9518 = DIRECTION('',(1.,0.));
#9519 = ( GEOMETRIC_REPRESENTATION_CONTEXT(2)
PARAMETRIC_REPRESENTATION_CONTEXT() REPRESENTATION_CONTEXT('2D SPACE',''
  ) );
#9520 = ADVANCED_FACE('',(#9521),#4587,.F.);
#9521 = FACE_BOUND('',#9522,.F.);
#9522 = EDGE_LOOP('',(#9523,#9524,#9525,#9548));
#9523 = ORIENTED_EDGE('',*,*,#7769,.F.);
#9524 = ORIENTED_EDGE('',*,*,#4574,.T.);
#9525 = ORIENTED_EDGE('',*,*,#9526,.T.);
#9526 = EDGE_CURVE('',#4526,#9527,#9529,.T.);
#9527 = VERTEX_POINT('',#9528);
#9528 = CARTESIAN_POINT('',(38.,-3.1875,8.));
#9529 = SURFACE_CURVE('',#9530,(#9534,#9541),.PCURVE_S1.);
#9530 = LINE('',#9531,#9532);
#9531 = CARTESIAN_POINT('',(28.25,-3.1875,8.));
#9532 = VECTOR('',#9533,1.);
#9533 = DIRECTION('',(1.,0.,0.));
#9534 = PCURVE('',#4587,#9535);
#9535 = DEFINITIONAL_REPRESENTATION('',(#9536),#9540);
#9536 = LINE('',#9537,#9538);
#9537 = CARTESIAN_POINT('',(8.,0.));
#9538 = VECTOR('',#9539,1.);
#9539 = DIRECTION('',(0.,1.));
#9540 = ( GEOMETRIC_REPRESENTATION_CONTEXT(2)
PARAMETRIC_REPRESENTATION_CONTEXT() REPRESENTATION_CONTEXT('2D SPACE',''
  ) );
#9541 = PCURVE('',#9488,#9542);
#9542 = DEFINITIONAL_REPRESENTATION('',(#9543),#9547);
#9543 = LINE('',#9544,#9545);
#9544 = CARTESIAN_POINT('',(0.,0.));
#9545 = VECTOR('',#9546,1.);
#9546 = DIRECTION('',(1.,0.));
#9547 = ( GEOMETRIC_REPRESENTATION_CONTEXT(2)
PARAMETRIC_REPRESENTATION_CONTEXT() REPRESENTATION_CONTEXT('2D SPACE',''
  ) );
#9548 = ORIENTED_EDGE('',*,*,#9549,.F.);
#9549 = EDGE_CURVE('',#7770,#9527,#9550,.T.);
#9550 = SURFACE_CURVE('',#9551,(#9555,#9562),.PCURVE_S1.);
#9551 = LINE('',#9552,#9553);
#9552 = CARTESIAN_POINT('',(38.,-3.1875,0.));
#9553 = VECTOR('',#9554,1.);
#9554 = DIRECTION('',(0.,0.,1.));
#9555 = PCURVE('',#4587,#9556);
#9556 = DEFINITIONAL_REPRESENTATION('',(#9557),#9561);
#9557 = LINE('',#9558,#9559);
#9558 = CARTESIAN_POINT('',(0.,9.75));
#9559 = VECTOR('',#9560,1.);
#9560 = DIRECTION('',(1.,0.));
#9561 = ( GEOMETRIC_REPRESENTATION_CONTEXT(2)
PARAMETRIC_REPRESENTATION_CONTEXT() REPRESENTATION_CONTEXT('2D SPACE',''
  ) );
#9562 = PCURVE('',#7806,#9563);
#9563 = DEFINITIONAL_REPRESENTATION('',(#9564),#9568);
#9564 = LINE('',#9565,#9566);
#9565 = CARTESIAN_POINT('',(0.,0.));
#9566 = VECTOR('',#9567,1.);
#9567 = DIRECTION('',(1.,0.));
#9568 = ( GEOMETRIC_REPRESENTATION_CONTEXT(2)
PARAMETRIC_REPRESENTATION_CONTEXT() REPRESENTATION_CONTEXT('2D SPACE',''
  ) );
#9569 = ADVANCED_FACE('',(#9570),#4562,.T.);
#9570 = FACE_BOUND('',#9571,.T.);
#9571 = EDGE_LOOP('',(#9572,#9595,#9596,#9624));
#9572 = ORIENTED_EDGE('',*,*,#9573,.F.);
#9573 = EDGE_CURVE('',#3987,#9574,#9576,.T.);
#9574 = VERTEX_POINT('',#9575);
#9575 = CARTESIAN_POINT('',(36.798508796715,-10.00149521762,0.));
#9576 = SURFACE_CURVE('',#9577,(#9581,#9588),.PCURVE_S1.);
#9577 = LINE('',#9578,#9579);
#9578 = CARTESIAN_POINT('',(27.636505744052,-6.666798820195,0.));
#9579 = VECTOR('',#9580,1.);
#9580 = DIRECTION('',(0.939692620786,-0.342020143326,0.));
#9581 = PCURVE('',#4562,#9582);
#9582 = DEFINITIONAL_REPRESENTATION('',(#9583),#9587);
#9583 = LINE('',#9584,#9585);
#9584 = CARTESIAN_POINT('',(0.,0.));
#9585 = VECTOR('',#9586,1.);
#9586 = DIRECTION('',(0.,1.));
#9587 = ( GEOMETRIC_REPRESENTATION_CONTEXT(2)
PARAMETRIC_REPRESENTATION_CONTEXT() REPRESENTATION_CONTEXT('2D SPACE',''
  ) );
#9588 = PCURVE('',#4649,#9589);
#9589 = DEFINITIONAL_REPRESENTATION('',(#9590),#9594);
#9590 = LINE('',#9591,#9592);
#9591 = CARTESIAN_POINT('',(-2.6645352591E-15,6.375));
#9592 = VECTOR('',#9593,1.);
#9593 = DIRECTION('',(1.,0.));
#9594 = ( GEOMETRIC_REPRESENTATION_CONTEXT(2)
PARAMETRIC_REPRESENTATION_CONTEXT() REPRESENTATION_CONTEXT('2D SPACE',''
  ) );
#9595 = ORIENTED_EDGE('',*,*,#4549,.T.);
#9596 = ORIENTED_EDGE('',*,*,#9597,.T.);
#9597 = EDGE_CURVE('',#4524,#9598,#9600,.T.);
#9598 = VERTEX_POINT('',#9599);
#9599 = CARTESIAN_POINT('',(36.798508796715,-10.00149521762,8.));
#9600 = SURFACE_CURVE('',#9601,(#9605,#9612),.PCURVE_S1.);
#9601 = LINE('',#9602,#9603);
#9602 = CARTESIAN_POINT('',(27.636505744052,-6.666798820195,8.));
#9603 = VECTOR('',#9604,1.);
#9604 = DIRECTION('',(0.939692620786,-0.342020143326,0.));
#9605 = PCURVE('',#4562,#9606);
#9606 = DEFINITIONAL_REPRESENTATION('',(#9607),#9611);
#9607 = LINE('',#9608,#9609);
#9608 = CARTESIAN_POINT('',(8.,0.));
#9609 = VECTOR('',#9610,1.);
#9610 = DIRECTION('',(0.,1.));
#9611 = ( GEOMETRIC_REPRESENTATION_CONTEXT(2)
PARAMETRIC_REPRESENTATION_CONTEXT() REPRESENTATION_CONTEXT('2D SPACE',''
  ) );
#9612 = PCURVE('',#9613,#9618);
#9613 = PLANE('',#9614);
#9614 = AXIS2_PLACEMENT_3D('',#9615,#9616,#9617);
#9615 = CARTESIAN_POINT('',(25.456127330351,-12.6573392777,8.));
#9616 = DIRECTION('',(0.,0.,1.));
#9617 = DIRECTION('',(0.939692620786,-0.342020143326,0.));
#9618 = DEFINITIONAL_REPRESENTATION('',(#9619),#9623);
#9619 = LINE('',#9620,#9621);
#9620 = CARTESIAN_POINT('',(-2.6645352591E-15,6.375));
#9621 = VECTOR('',#9622,1.);
#9622 = DIRECTION('',(1.,0.));
#9623 = ( GEOMETRIC_REPRESENTATION_CONTEXT(2)
PARAMETRIC_REPRESENTATION_CONTEXT() REPRESENTATION_CONTEXT('2D SPACE',''
  ) );
#9624 = ORIENTED_EDGE('',*,*,#9625,.F.);
#9625 = EDGE_CURVE('',#9574,#9598,#9626,.T.);
#9626 = SURFACE_CURVE('',#9627,(#9631,#9638),.PCURVE_S1.);
#9627 = LINE('',#9628,#9629);
#9628 = CARTESIAN_POINT('',(36.798508796715,-10.00149521762,0.));
#9629 = VECTOR('',#9630,1.);
#9630 = DIRECTION('',(0.,0.,1.));
#9631 = PCURVE('',#4562,#9632);
#9632 = DEFINITIONAL_REPRESENTATION('',(#9633),#9637);
#9633 = LINE('',#9634,#9635);
#9634 = CARTESIAN_POINT('',(0.,9.75));
#9635 = VECTOR('',#9636,1.);
#9636 = DIRECTION('',(1.,0.));
#9637 = ( GEOMETRIC_REPRESENTATION_CONTEXT(2)
PARAMETRIC_REPRESENTATION_CONTEXT() REPRESENTATION_CONTEXT('2D SPACE',''
  ) );
#9638 = PCURVE('',#9639,#9644);
#9639 = PLANE('',#9640);
#9640 = AXIS2_PLACEMENT_3D('',#9641,#9642,#9643);
#9641 = CARTESIAN_POINT('',(34.618130383014,-15.99203567513,0.));
#9642 = DIRECTION('',(0.939692620786,-0.342020143326,0.));
#9643 = DIRECTION('',(0.,0.,1.));
#9644 = DEFINITIONAL_REPRESENTATION('',(#9645),#9649);
#9645 = LINE('',#9646,#9647);
#9646 = CARTESIAN_POINT('',(0.,-6.375));
#9647 = VECTOR('',#9648,1.);
#9648 = DIRECTION('',(1.,0.));
#9649 = ( GEOMETRIC_REPRESENTATION_CONTEXT(2)
PARAMETRIC_REPRESENTATION_CONTEXT() REPRESENTATION_CONTEXT('2D SPACE',''
  ) );
#9650 = ADVANCED_FACE('',(#9651),#4617,.F.);
#9651 = FACE_BOUND('',#9652,.F.);
#9652 = EDGE_LOOP('',(#9653,#9676,#9677,#9678));
#9653 = ORIENTED_EDGE('',*,*,#9654,.F.);
#9654 = EDGE_CURVE('',#2339,#9655,#9657,.T.);
#9655 = VERTEX_POINT('',#9656);
#9656 = CARTESIAN_POINT('',(34.618130383014,15.99203567513,0.));
#9657 = SURFACE_CURVE('',#9658,(#9662,#9669),.PCURVE_S1.);
#9658 = LINE('',#9659,#9660);
#9659 = CARTESIAN_POINT('',(25.456127330351,12.657339277705,0.));
#9660 = VECTOR('',#9661,1.);
#9661 = DIRECTION('',(0.939692620786,0.342020143326,0.));
#9662 = PCURVE('',#4617,#9663);
#9663 = DEFINITIONAL_REPRESENTATION('',(#9664),#9668);
#9664 = LINE('',#9665,#9666);
#9665 = CARTESIAN_POINT('',(-3.10862446895E-15,6.375));
#9666 = VECTOR('',#9667,1.);
#9667 = DIRECTION('',(1.,0.));
#9668 = ( GEOMETRIC_REPRESENTATION_CONTEXT(2)
PARAMETRIC_REPRESENTATION_CONTEXT() REPRESENTATION_CONTEXT('2D SPACE',''
  ) );
#9669 = PCURVE('',#4706,#9670);
#9670 = DEFINITIONAL_REPRESENTATION('',(#9671),#9675);
#9671 = LINE('',#9672,#9673);
#9672 = CARTESIAN_POINT('',(0.,0.));
#9673 = VECTOR('',#9674,1.);
#9674 = DIRECTION('',(0.,1.));
#9675 = ( GEOMETRIC_REPRESENTATION_CONTEXT(2)
PARAMETRIC_REPRESENTATION_CONTEXT() REPRESENTATION_CONTEXT('2D SPACE',''
  ) );
#9676 = ORIENTED_EDGE('',*,*,#4602,.F.);
#9677 = ORIENTED_EDGE('',*,*,#9389,.T.);
#9678 = ORIENTED_EDGE('',*,*,#9679,.T.);
#9679 = EDGE_CURVE('',#9390,#9655,#9680,.T.);
#9680 = SURFACE_CURVE('',#9681,(#9685,#9692),.PCURVE_S1.);
#9681 = LINE('',#9682,#9683);
#9682 = CARTESIAN_POINT('',(36.798508796715,10.00149521762,0.));
#9683 = VECTOR('',#9684,1.);
#9684 = DIRECTION('',(-0.342020143326,0.939692620786,0.));
#9685 = PCURVE('',#4617,#9686);
#9686 = DEFINITIONAL_REPRESENTATION('',(#9687),#9691);
#9687 = LINE('',#9688,#9689);
#9688 = CARTESIAN_POINT('',(9.75,1.33226762955E-15));
#9689 = VECTOR('',#9690,1.);
#9690 = DIRECTION('',(0.,1.));
#9691 = ( GEOMETRIC_REPRESENTATION_CONTEXT(2)
PARAMETRIC_REPRESENTATION_CONTEXT() REPRESENTATION_CONTEXT('2D SPACE',''
  ) );
#9692 = PCURVE('',#9455,#9693);
#9693 = DEFINITIONAL_REPRESENTATION('',(#9694),#9698);
#9694 = LINE('',#9695,#9696);
#9695 = CARTESIAN_POINT('',(0.,0.));
#9696 = VECTOR('',#9697,1.);
#9697 = DIRECTION('',(0.,-1.));
#9698 = ( GEOMETRIC_REPRESENTATION_CONTEXT(2)
PARAMETRIC_REPRESENTATION_CONTEXT() REPRESENTATION_CONTEXT('2D SPACE',''
  ) );
#9699 = ADVANCED_FACE('',(#9700),#4649,.F.);
#9700 = FACE_BOUND('',#9701,.F.);
#9701 = EDGE_LOOP('',(#9702,#9703,#9704,#9727));
#9702 = ORIENTED_EDGE('',*,*,#9573,.F.);
#9703 = ORIENTED_EDGE('',*,*,#4634,.F.);
#9704 = ORIENTED_EDGE('',*,*,#9705,.T.);
#9705 = EDGE_CURVE('',#3907,#9706,#9708,.T.);
#9706 = VERTEX_POINT('',#9707);
#9707 = CARTESIAN_POINT('',(34.618130383014,-15.99203567513,0.));
#9708 = SURFACE_CURVE('',#9709,(#9713,#9720),.PCURVE_S1.);
#9709 = LINE('',#9710,#9711);
#9710 = CARTESIAN_POINT('',(25.456127330351,-12.6573392777,0.));
#9711 = VECTOR('',#9712,1.);
#9712 = DIRECTION('',(0.939692620786,-0.342020143326,0.));
#9713 = PCURVE('',#4649,#9714);
#9714 = DEFINITIONAL_REPRESENTATION('',(#9715),#9719);
#9715 = LINE('',#9716,#9717);
#9716 = CARTESIAN_POINT('',(0.,0.));
#9717 = VECTOR('',#9718,1.);
#9718 = DIRECTION('',(1.,0.));
#9719 = ( GEOMETRIC_REPRESENTATION_CONTEXT(2)
PARAMETRIC_REPRESENTATION_CONTEXT() REPRESENTATION_CONTEXT('2D SPACE',''
  ) );
#9720 = PCURVE('',#4809,#9721);
#9721 = DEFINITIONAL_REPRESENTATION('',(#9722),#9726);
#9722 = LINE('',#9723,#9724);
#9723 = CARTESIAN_POINT('',(0.,0.));
#9724 = VECTOR('',#9725,1.);
#9725 = DIRECTION('',(0.,1.));
#9726 = ( GEOMETRIC_REPRESENTATION_CONTEXT(2)
PARAMETRIC_REPRESENTATION_CONTEXT() REPRESENTATION_CONTEXT('2D SPACE',''
  ) );
#9727 = ORIENTED_EDGE('',*,*,#9728,.T.);
#9728 = EDGE_CURVE('',#9706,#9574,#9729,.T.);
#9729 = SURFACE_CURVE('',#9730,(#9734,#9741),.PCURVE_S1.);
#9730 = LINE('',#9731,#9732);
#9731 = CARTESIAN_POINT('',(34.618130383014,-15.99203567513,0.));
#9732 = VECTOR('',#9733,1.);
#9733 = DIRECTION('',(0.342020143326,0.939692620786,0.));
#9734 = PCURVE('',#4649,#9735);
#9735 = DEFINITIONAL_REPRESENTATION('',(#9736),#9740);
#9736 = LINE('',#9737,#9738);
#9737 = CARTESIAN_POINT('',(9.75,8.881784197001E-16));
#9738 = VECTOR('',#9739,1.);
#9739 = DIRECTION('',(0.,1.));
#9740 = ( GEOMETRIC_REPRESENTATION_CONTEXT(2)
PARAMETRIC_REPRESENTATION_CONTEXT() REPRESENTATION_CONTEXT('2D SPACE',''
  ) );
#9741 = PCURVE('',#9639,#9742);
#9742 = DEFINITIONAL_REPRESENTATION('',(#9743),#9747);
#9743 = LINE('',#9744,#9745);
#9744 = CARTESIAN_POINT('',(0.,0.));
#9745 = VECTOR('',#9746,1.);
#9746 = DIRECTION('',(0.,-1.));
#9747 = ( GEOMETRIC_REPRESENTATION_CONTEXT(2)
PARAMETRIC_REPRESENTATION_CONTEXT() REPRESENTATION_CONTEXT('2D SPACE',''
  ) );
#9748 = ADVANCED_FACE('',(#9749),#4731,.F.);
#9749 = FACE_BOUND('',#9750,.F.);
#9750 = EDGE_LOOP('',(#9751,#9774,#9775,#9803));
#9751 = ORIENTED_EDGE('',*,*,#9752,.F.);
#9752 = EDGE_CURVE('',#2362,#9753,#9755,.T.);
#9753 = VERTEX_POINT('',#9754);
#9754 = CARTESIAN_POINT('',(31.158574344397,21.984162505647,0.));
#9755 = SURFACE_CURVE('',#9756,(#9760,#9767),.PCURVE_S1.);
#9756 = LINE('',#9757,#9758);
#9757 = CARTESIAN_POINT('',(23.689641023987,15.716983311203,0.));
#9758 = VECTOR('',#9759,1.);
#9759 = DIRECTION('',(0.766044443119,0.642787609687,0.));
#9760 = PCURVE('',#4731,#9761);
#9761 = DEFINITIONAL_REPRESENTATION('',(#9762),#9766);
#9762 = LINE('',#9763,#9764);
#9763 = CARTESIAN_POINT('',(0.,0.));
#9764 = VECTOR('',#9765,1.);
#9765 = DIRECTION('',(0.,1.));
#9766 = ( GEOMETRIC_REPRESENTATION_CONTEXT(2)
PARAMETRIC_REPRESENTATION_CONTEXT() REPRESENTATION_CONTEXT('2D SPACE',''
  ) );
#9767 = PCURVE('',#4838,#9768);
#9768 = DEFINITIONAL_REPRESENTATION('',(#9769),#9773);
#9769 = LINE('',#9770,#9771);
#9770 = CARTESIAN_POINT('',(0.,0.));
#9771 = VECTOR('',#9772,1.);
#9772 = DIRECTION('',(1.,0.));
#9773 = ( GEOMETRIC_REPRESENTATION_CONTEXT(2)
PARAMETRIC_REPRESENTATION_CONTEXT() REPRESENTATION_CONTEXT('2D SPACE',''
  ) );
#9774 = ORIENTED_EDGE('',*,*,#4718,.T.);
#9775 = ORIENTED_EDGE('',*,*,#9776,.T.);
#9776 = EDGE_CURVE('',#4670,#9777,#9779,.T.);
#9777 = VERTEX_POINT('',#9778);
#9778 = CARTESIAN_POINT('',(31.158574344397,21.984162505647,8.));
#9779 = SURFACE_CURVE('',#9780,(#9784,#9791),.PCURVE_S1.);
#9780 = LINE('',#9781,#9782);
#9781 = CARTESIAN_POINT('',(23.689641023987,15.716983311203,8.));
#9782 = VECTOR('',#9783,1.);
#9783 = DIRECTION('',(0.766044443119,0.642787609687,0.));
#9784 = PCURVE('',#4731,#9785);
#9785 = DEFINITIONAL_REPRESENTATION('',(#9786),#9790);
#9786 = LINE('',#9787,#9788);
#9787 = CARTESIAN_POINT('',(8.,0.));
#9788 = VECTOR('',#9789,1.);
#9789 = DIRECTION('',(0.,1.));
#9790 = ( GEOMETRIC_REPRESENTATION_CONTEXT(2)
PARAMETRIC_REPRESENTATION_CONTEXT() REPRESENTATION_CONTEXT('2D SPACE',''
  ) );
#9791 = PCURVE('',#9792,#9797);
#9792 = PLANE('',#9793);
#9793 = AXIS2_PLACEMENT_3D('',#9794,#9795,#9796);
#9794 = CARTESIAN_POINT('',(23.689641023987,15.716983311203,8.));
#9795 = DIRECTION('',(0.,0.,1.));
#9796 = DIRECTION('',(0.766044443119,0.642787609687,0.));
#9797 = DEFINITIONAL_REPRESENTATION('',(#9798),#9802);
#9798 = LINE('',#9799,#9800);
#9799 = CARTESIAN_POINT('',(0.,0.));
#9800 = VECTOR('',#9801,1.);
#9801 = DIRECTION('',(1.,0.));
#9802 = ( GEOMETRIC_REPRESENTATION_CONTEXT(2)
PARAMETRIC_REPRESENTATION_CONTEXT() REPRESENTATION_CONTEXT('2D SPACE',''
  ) );
#9803 = ORIENTED_EDGE('',*,*,#9804,.F.);
#9804 = EDGE_CURVE('',#9753,#9777,#9805,.T.);
#9805 = SURFACE_CURVE('',#9806,(#9810,#9817),.PCURVE_S1.);
#9806 = LINE('',#9807,#9808);
#9807 = CARTESIAN_POINT('',(31.158574344397,21.984162505647,0.));
#9808 = VECTOR('',#9809,1.);
#9809 = DIRECTION('',(0.,0.,1.));
#9810 = PCURVE('',#4731,#9811);
#9811 = DEFINITIONAL_REPRESENTATION('',(#9812),#9816);
#9812 = LINE('',#9813,#9814);
#9813 = CARTESIAN_POINT('',(0.,9.75));
#9814 = VECTOR('',#9815,1.);
#9815 = DIRECTION('',(1.,0.));
#9816 = ( GEOMETRIC_REPRESENTATION_CONTEXT(2)
PARAMETRIC_REPRESENTATION_CONTEXT() REPRESENTATION_CONTEXT('2D SPACE',''
  ) );
#9817 = PCURVE('',#9818,#9823);
#9818 = PLANE('',#9819);
#9819 = AXIS2_PLACEMENT_3D('',#9820,#9821,#9822);
#9820 = CARTESIAN_POINT('',(31.158574344397,21.984162505647,0.));
#9821 = DIRECTION('',(0.766044443119,0.642787609687,0.));
#9822 = DIRECTION('',(0.,0.,1.));
#9823 = DEFINITIONAL_REPRESENTATION('',(#9824),#9828);
#9824 = LINE('',#9825,#9826);
#9825 = CARTESIAN_POINT('',(0.,0.));
#9826 = VECTOR('',#9827,1.);
#9827 = DIRECTION('',(1.,0.));
#9828 = ( GEOMETRIC_REPRESENTATION_CONTEXT(2)
PARAMETRIC_REPRESENTATION_CONTEXT() REPRESENTATION_CONTEXT('2D SPACE',''
  ) );
#9829 = ADVANCED_FACE('',(#9830),#4706,.T.);
#9830 = FACE_BOUND('',#9831,.T.);
#9831 = EDGE_LOOP('',(#9832,#9833,#9834,#9857));
#9832 = ORIENTED_EDGE('',*,*,#9654,.F.);
#9833 = ORIENTED_EDGE('',*,*,#4693,.T.);
#9834 = ORIENTED_EDGE('',*,*,#9835,.T.);
#9835 = EDGE_CURVE('',#4668,#9836,#9838,.T.);
#9836 = VERTEX_POINT('',#9837);
#9837 = CARTESIAN_POINT('',(34.618130383014,15.99203567513,8.));
#9838 = SURFACE_CURVE('',#9839,(#9843,#9850),.PCURVE_S1.);
#9839 = LINE('',#9840,#9841);
#9840 = CARTESIAN_POINT('',(25.456127330351,12.657339277705,8.));
#9841 = VECTOR('',#9842,1.);
#9842 = DIRECTION('',(0.939692620786,0.342020143326,0.));
#9843 = PCURVE('',#4706,#9844);
#9844 = DEFINITIONAL_REPRESENTATION('',(#9845),#9849);
#9845 = LINE('',#9846,#9847);
#9846 = CARTESIAN_POINT('',(8.,0.));
#9847 = VECTOR('',#9848,1.);
#9848 = DIRECTION('',(0.,1.));
#9849 = ( GEOMETRIC_REPRESENTATION_CONTEXT(2)
PARAMETRIC_REPRESENTATION_CONTEXT() REPRESENTATION_CONTEXT('2D SPACE',''
  ) );
#9850 = PCURVE('',#9429,#9851);
#9851 = DEFINITIONAL_REPRESENTATION('',(#9852),#9856);
#9852 = LINE('',#9853,#9854);
#9853 = CARTESIAN_POINT('',(-3.10862446895E-15,6.375));
#9854 = VECTOR('',#9855,1.);
#9855 = DIRECTION('',(1.,0.));
#9856 = ( GEOMETRIC_REPRESENTATION_CONTEXT(2)
PARAMETRIC_REPRESENTATION_CONTEXT() REPRESENTATION_CONTEXT('2D SPACE',''
  ) );
#9857 = ORIENTED_EDGE('',*,*,#9858,.F.);
#9858 = EDGE_CURVE('',#9655,#9836,#9859,.T.);
#9859 = SURFACE_CURVE('',#9860,(#9864,#9871),.PCURVE_S1.);
#9860 = LINE('',#9861,#9862);
#9861 = CARTESIAN_POINT('',(34.618130383014,15.99203567513,0.));
#9862 = VECTOR('',#9863,1.);
#9863 = DIRECTION('',(0.,0.,1.));
#9864 = PCURVE('',#4706,#9865);
#9865 = DEFINITIONAL_REPRESENTATION('',(#9866),#9870);
#9866 = LINE('',#9867,#9868);
#9867 = CARTESIAN_POINT('',(0.,9.75));
#9868 = VECTOR('',#9869,1.);
#9869 = DIRECTION('',(1.,0.));
#9870 = ( GEOMETRIC_REPRESENTATION_CONTEXT(2)
PARAMETRIC_REPRESENTATION_CONTEXT() REPRESENTATION_CONTEXT('2D SPACE',''
  ) );
#9871 = PCURVE('',#9455,#9872);
#9872 = DEFINITIONAL_REPRESENTATION('',(#9873),#9877);
#9873 = LINE('',#9874,#9875);
#9874 = CARTESIAN_POINT('',(0.,-6.375));
#9875 = VECTOR('',#9876,1.);
#9876 = DIRECTION('',(1.,0.));
#9877 = ( GEOMETRIC_REPRESENTATION_CONTEXT(2)
PARAMETRIC_REPRESENTATION_CONTEXT() REPRESENTATION_CONTEXT('2D SPACE',''
  ) );
#9878 = ADVANCED_FACE('',(#9879),#4809,.F.);
#9879 = FACE_BOUND('',#9880,.F.);
#9880 = EDGE_LOOP('',(#9881,#9882,#9883,#9906));
#9881 = ORIENTED_EDGE('',*,*,#9705,.F.);
#9882 = ORIENTED_EDGE('',*,*,#4796,.T.);
#9883 = ORIENTED_EDGE('',*,*,#9884,.T.);
#9884 = EDGE_CURVE('',#4748,#9885,#9887,.T.);
#9885 = VERTEX_POINT('',#9886);
#9886 = CARTESIAN_POINT('',(34.618130383014,-15.99203567513,8.));
#9887 = SURFACE_CURVE('',#9888,(#9892,#9899),.PCURVE_S1.);
#9888 = LINE('',#9889,#9890);
#9889 = CARTESIAN_POINT('',(25.456127330351,-12.6573392777,8.));
#9890 = VECTOR('',#9891,1.);
#9891 = DIRECTION('',(0.939692620786,-0.342020143326,0.));
#9892 = PCURVE('',#4809,#9893);
#9893 = DEFINITIONAL_REPRESENTATION('',(#9894),#9898);
#9894 = LINE('',#9895,#9896);
#9895 = CARTESIAN_POINT('',(8.,0.));
#9896 = VECTOR('',#9897,1.);
#9897 = DIRECTION('',(0.,1.));
#9898 = ( GEOMETRIC_REPRESENTATION_CONTEXT(2)
PARAMETRIC_REPRESENTATION_CONTEXT() REPRESENTATION_CONTEXT('2D SPACE',''
  ) );
#9899 = PCURVE('',#9613,#9900);
#9900 = DEFINITIONAL_REPRESENTATION('',(#9901),#9905);
#9901 = LINE('',#9902,#9903);
#9902 = CARTESIAN_POINT('',(0.,0.));
#9903 = VECTOR('',#9904,1.);
#9904 = DIRECTION('',(1.,0.));
#9905 = ( GEOMETRIC_REPRESENTATION_CONTEXT(2)
PARAMETRIC_REPRESENTATION_CONTEXT() REPRESENTATION_CONTEXT('2D SPACE',''
  ) );
#9906 = ORIENTED_EDGE('',*,*,#9907,.F.);
#9907 = EDGE_CURVE('',#9706,#9885,#9908,.T.);
#9908 = SURFACE_CURVE('',#9909,(#9913,#9920),.PCURVE_S1.);
#9909 = LINE('',#9910,#9911);
#9910 = CARTESIAN_POINT('',(34.618130383014,-15.99203567513,0.));
#9911 = VECTOR('',#9912,1.);
#9912 = DIRECTION('',(0.,0.,1.));
#9913 = PCURVE('',#4809,#9914);
#9914 = DEFINITIONAL_REPRESENTATION('',(#9915),#9919);
#9915 = LINE('',#9916,#9917);
#9916 = CARTESIAN_POINT('',(0.,9.75));
#9917 = VECTOR('',#9918,1.);
#9918 = DIRECTION('',(1.,0.));
#9919 = ( GEOMETRIC_REPRESENTATION_CONTEXT(2)
PARAMETRIC_REPRESENTATION_CONTEXT() REPRESENTATION_CONTEXT('2D SPACE',''
  ) );
#9920 = PCURVE('',#9639,#9921);
#9921 = DEFINITIONAL_REPRESENTATION('',(#9922),#9926);
#9922 = LINE('',#9923,#9924);
#9923 = CARTESIAN_POINT('',(0.,0.));
#9924 = VECTOR('',#9925,1.);
#9925 = DIRECTION('',(1.,0.));
#9926 = ( GEOMETRIC_REPRESENTATION_CONTEXT(2)
PARAMETRIC_REPRESENTATION_CONTEXT() REPRESENTATION_CONTEXT('2D SPACE',''
  ) );
#9927 = ADVANCED_FACE('',(#9928),#4784,.T.);
#9928 = FACE_BOUND('',#9929,.T.);
#9929 = EDGE_LOOP('',(#9930,#9953,#9954,#9982));
#9930 = ORIENTED_EDGE('',*,*,#9931,.F.);
#9931 = EDGE_CURVE('',#3884,#9932,#9934,.T.);
#9932 = VERTEX_POINT('',#9933);
#9933 = CARTESIAN_POINT('',(31.158574344397,-21.98416250564,0.));
#9934 = SURFACE_CURVE('',#9935,(#9939,#9946),.PCURVE_S1.);
#9935 = LINE('',#9936,#9937);
#9936 = CARTESIAN_POINT('',(23.689641023987,-15.7169833112,0.));
#9937 = VECTOR('',#9938,1.);
#9938 = DIRECTION('',(0.766044443119,-0.642787609687,0.));
#9939 = PCURVE('',#4784,#9940);
#9940 = DEFINITIONAL_REPRESENTATION('',(#9941),#9945);
#9941 = LINE('',#9942,#9943);
#9942 = CARTESIAN_POINT('',(0.,0.));
#9943 = VECTOR('',#9944,1.);
#9944 = DIRECTION('',(0.,1.));
#9945 = ( GEOMETRIC_REPRESENTATION_CONTEXT(2)
PARAMETRIC_REPRESENTATION_CONTEXT() REPRESENTATION_CONTEXT('2D SPACE',''
  ) );
#9946 = PCURVE('',#4871,#9947);
#9947 = DEFINITIONAL_REPRESENTATION('',(#9948),#9952);
#9948 = LINE('',#9949,#9950);
#9949 = CARTESIAN_POINT('',(-1.7763568394E-15,6.375));
#9950 = VECTOR('',#9951,1.);
#9951 = DIRECTION('',(1.,0.));
#9952 = ( GEOMETRIC_REPRESENTATION_CONTEXT(2)
PARAMETRIC_REPRESENTATION_CONTEXT() REPRESENTATION_CONTEXT('2D SPACE',''
  ) );
#9953 = ORIENTED_EDGE('',*,*,#4771,.T.);
#9954 = ORIENTED_EDGE('',*,*,#9955,.T.);
#9955 = EDGE_CURVE('',#4746,#9956,#9958,.T.);
#9956 = VERTEX_POINT('',#9957);
#9957 = CARTESIAN_POINT('',(31.158574344397,-21.98416250564,8.));
#9958 = SURFACE_CURVE('',#9959,(#9963,#9970),.PCURVE_S1.);
#9959 = LINE('',#9960,#9961);
#9960 = CARTESIAN_POINT('',(23.689641023987,-15.7169833112,8.));
#9961 = VECTOR('',#9962,1.);
#9962 = DIRECTION('',(0.766044443119,-0.642787609687,0.));
#9963 = PCURVE('',#4784,#9964);
#9964 = DEFINITIONAL_REPRESENTATION('',(#9965),#9969);
#9965 = LINE('',#9966,#9967);
#9966 = CARTESIAN_POINT('',(8.,0.));
#9967 = VECTOR('',#9968,1.);
#9968 = DIRECTION('',(0.,1.));
#9969 = ( GEOMETRIC_REPRESENTATION_CONTEXT(2)
PARAMETRIC_REPRESENTATION_CONTEXT() REPRESENTATION_CONTEXT('2D SPACE',''
  ) );
#9970 = PCURVE('',#9971,#9976);
#9971 = PLANE('',#9972);
#9972 = AXIS2_PLACEMENT_3D('',#9973,#9974,#9975);
#9973 = CARTESIAN_POINT('',(19.591870012235,-20.60051663608,8.));
#9974 = DIRECTION('',(0.,0.,1.));
#9975 = DIRECTION('',(0.766044443119,-0.642787609687,0.));
#9976 = DEFINITIONAL_REPRESENTATION('',(#9977),#9981);
#9977 = LINE('',#9978,#9979);
#9978 = CARTESIAN_POINT('',(-1.7763568394E-15,6.375));
#9979 = VECTOR('',#9980,1.);
#9980 = DIRECTION('',(1.,0.));
#9981 = ( GEOMETRIC_REPRESENTATION_CONTEXT(2)
PARAMETRIC_REPRESENTATION_CONTEXT() REPRESENTATION_CONTEXT('2D SPACE',''
  ) );
#9982 = ORIENTED_EDGE('',*,*,#9983,.F.);
#9983 = EDGE_CURVE('',#9932,#9956,#9984,.T.);
#9984 = SURFACE_CURVE('',#9985,(#9989,#9996),.PCURVE_S1.);
#9985 = LINE('',#9986,#9987);
#9986 = CARTESIAN_POINT('',(31.158574344397,-21.98416250564,0.));
#9987 = VECTOR('',#9988,1.);
#9988 = DIRECTION('',(0.,0.,1.));
#9989 = PCURVE('',#4784,#9990);
#9990 = DEFINITIONAL_REPRESENTATION('',(#9991),#9995);
#9991 = LINE('',#9992,#9993);
#9992 = CARTESIAN_POINT('',(0.,9.75));
#9993 = VECTOR('',#9994,1.);
#9994 = DIRECTION('',(1.,0.));
#9995 = ( GEOMETRIC_REPRESENTATION_CONTEXT(2)
PARAMETRIC_REPRESENTATION_CONTEXT() REPRESENTATION_CONTEXT('2D SPACE',''
  ) );
#9996 = PCURVE('',#9997,#10002);
#9997 = PLANE('',#9998);
#9998 = AXIS2_PLACEMENT_3D('',#9999,#10000,#10001);
#9999 = CARTESIAN_POINT('',(27.060803332645,-26.86769583053,0.));
#10000 = DIRECTION('',(0.766044443119,-0.642787609687,0.));
#10001 = DIRECTION('',(0.,0.,1.));
#10002 = DEFINITIONAL_REPRESENTATION('',(#10003),#10007);
#10003 = LINE('',#10004,#10005);
#10004 = CARTESIAN_POINT('',(0.,-6.375));
#10005 = VECTOR('',#10006,1.);
#10006 = DIRECTION('',(1.,0.));
#10007 = ( GEOMETRIC_REPRESENTATION_CONTEXT(2)
PARAMETRIC_REPRESENTATION_CONTEXT() REPRESENTATION_CONTEXT('2D SPACE',''
  ) );
#10008 = ADVANCED_FACE('',(#10009),#4838,.F.);
#10009 = FACE_BOUND('',#10010,.F.);
#10010 = EDGE_LOOP('',(#10011,#10034,#10035,#10036));
#10011 = ORIENTED_EDGE('',*,*,#10012,.F.);
#10012 = EDGE_CURVE('',#2442,#10013,#10015,.T.);
#10013 = VERTEX_POINT('',#10014);
#10014 = CARTESIAN_POINT('',(27.060803332645,26.86769583053,0.));
#10015 = SURFACE_CURVE('',#10016,(#10020,#10027),.PCURVE_S1.);
#10016 = LINE('',#10017,#10018);
#10017 = CARTESIAN_POINT('',(19.591870012235,20.600516636086,0.));
#10018 = VECTOR('',#10019,1.);
#10019 = DIRECTION('',(0.766044443119,0.642787609687,0.));
#10020 = PCURVE('',#4838,#10021);
#10021 = DEFINITIONAL_REPRESENTATION('',(#10022),#10026);
#10022 = LINE('',#10023,#10024);
#10023 = CARTESIAN_POINT('',(4.440892098501E-16,6.375));
#10024 = VECTOR('',#10025,1.);
#10025 = DIRECTION('',(1.,0.));
#10026 = ( GEOMETRIC_REPRESENTATION_CONTEXT(2)
PARAMETRIC_REPRESENTATION_CONTEXT() REPRESENTATION_CONTEXT('2D SPACE',''
  ) );
#10027 = PCURVE('',#4928,#10028);
#10028 = DEFINITIONAL_REPRESENTATION('',(#10029),#10033);
#10029 = LINE('',#10030,#10031);
#10030 = CARTESIAN_POINT('',(0.,0.));
#10031 = VECTOR('',#10032,1.);
#10032 = DIRECTION('',(0.,1.));
#10033 = ( GEOMETRIC_REPRESENTATION_CONTEXT(2)
PARAMETRIC_REPRESENTATION_CONTEXT() REPRESENTATION_CONTEXT('2D SPACE',''
  ) );
#10034 = ORIENTED_EDGE('',*,*,#4823,.F.);
#10035 = ORIENTED_EDGE('',*,*,#9752,.T.);
#10036 = ORIENTED_EDGE('',*,*,#10037,.T.);
#10037 = EDGE_CURVE('',#9753,#10013,#10038,.T.);
#10038 = SURFACE_CURVE('',#10039,(#10043,#10050),.PCURVE_S1.);
#10039 = LINE('',#10040,#10041);
#10040 = CARTESIAN_POINT('',(31.158574344397,21.984162505647,0.));
#10041 = VECTOR('',#10042,1.);
#10042 = DIRECTION('',(-0.642787609687,0.766044443119,0.));
#10043 = PCURVE('',#4838,#10044);
#10044 = DEFINITIONAL_REPRESENTATION('',(#10045),#10049);
#10045 = LINE('',#10046,#10047);
#10046 = CARTESIAN_POINT('',(9.75,-2.6645352591E-15));
#10047 = VECTOR('',#10048,1.);
#10048 = DIRECTION('',(0.,1.));
#10049 = ( GEOMETRIC_REPRESENTATION_CONTEXT(2)
PARAMETRIC_REPRESENTATION_CONTEXT() REPRESENTATION_CONTEXT('2D SPACE',''
  ) );
#10050 = PCURVE('',#9818,#10051);
#10051 = DEFINITIONAL_REPRESENTATION('',(#10052),#10056);
#10052 = LINE('',#10053,#10054);
#10053 = CARTESIAN_POINT('',(0.,0.));
#10054 = VECTOR('',#10055,1.);
#10055 = DIRECTION('',(0.,-1.));
#10056 = ( GEOMETRIC_REPRESENTATION_CONTEXT(2)
PARAMETRIC_REPRESENTATION_CONTEXT() REPRESENTATION_CONTEXT('2D SPACE',''
  ) );
#10057 = ADVANCED_FACE('',(#10058),#4871,.F.);
#10058 = FACE_BOUND('',#10059,.F.);
#10059 = EDGE_LOOP('',(#10060,#10061,#10062,#10085));
#10060 = ORIENTED_EDGE('',*,*,#9931,.F.);
#10061 = ORIENTED_EDGE('',*,*,#4856,.F.);
#10062 = ORIENTED_EDGE('',*,*,#10063,.T.);
#10063 = EDGE_CURVE('',#3804,#10064,#10066,.T.);
#10064 = VERTEX_POINT('',#10065);
#10065 = CARTESIAN_POINT('',(27.060803332645,-26.86769583053,0.));
#10066 = SURFACE_CURVE('',#10067,(#10071,#10078),.PCURVE_S1.);
#10067 = LINE('',#10068,#10069);
#10068 = CARTESIAN_POINT('',(19.591870012235,-20.60051663608,0.));
#10069 = VECTOR('',#10070,1.);
#10070 = DIRECTION('',(0.766044443119,-0.642787609687,0.));
#10071 = PCURVE('',#4871,#10072);
#10072 = DEFINITIONAL_REPRESENTATION('',(#10073),#10077);
#10073 = LINE('',#10074,#10075);
#10074 = CARTESIAN_POINT('',(0.,0.));
#10075 = VECTOR('',#10076,1.);
#10076 = DIRECTION('',(1.,0.));
#10077 = ( GEOMETRIC_REPRESENTATION_CONTEXT(2)
PARAMETRIC_REPRESENTATION_CONTEXT() REPRESENTATION_CONTEXT('2D SPACE',''
  ) );
#10078 = PCURVE('',#5031,#10079);
#10079 = DEFINITIONAL_REPRESENTATION('',(#10080),#10084);
#10080 = LINE('',#10081,#10082);
#10081 = CARTESIAN_POINT('',(0.,0.));
#10082 = VECTOR('',#10083,1.);
#10083 = DIRECTION('',(0.,1.));
#10084 = ( GEOMETRIC_REPRESENTATION_CONTEXT(2)
PARAMETRIC_REPRESENTATION_CONTEXT() REPRESENTATION_CONTEXT('2D SPACE',''
  ) );
#10085 = ORIENTED_EDGE('',*,*,#10086,.T.);
#10086 = EDGE_CURVE('',#10064,#9932,#10087,.T.);
#10087 = SURFACE_CURVE('',#10088,(#10092,#10099),.PCURVE_S1.);
#10088 = LINE('',#10089,#10090);
#10089 = CARTESIAN_POINT('',(27.060803332645,-26.86769583053,0.));
#10090 = VECTOR('',#10091,1.);
#10091 = DIRECTION('',(0.642787609687,0.766044443119,0.));
#10092 = PCURVE('',#4871,#10093);
#10093 = DEFINITIONAL_REPRESENTATION('',(#10094),#10098);
#10094 = LINE('',#10095,#10096);
#10095 = CARTESIAN_POINT('',(9.75,-2.6645352591E-15));
#10096 = VECTOR('',#10097,1.);
#10097 = DIRECTION('',(0.,1.));
#10098 = ( GEOMETRIC_REPRESENTATION_CONTEXT(2)
PARAMETRIC_REPRESENTATION_CONTEXT() REPRESENTATION_CONTEXT('2D SPACE',''
  ) );
#10099 = PCURVE('',#9997,#10100);
#10100 = DEFINITIONAL_REPRESENTATION('',(#10101),#10105);
#10101 = LINE('',#10102,#10103);
#10102 = CARTESIAN_POINT('',(0.,0.));
#10103 = VECTOR('',#10104,1.);
#10104 = DIRECTION('',(0.,-1.));
#10105 = ( GEOMETRIC_REPRESENTATION_CONTEXT(2)
PARAMETRIC_REPRESENTATION_CONTEXT() REPRESENTATION_CONTEXT('2D SPACE',''
  ) );
#10106 = ADVANCED_FACE('',(#10107),#4953,.F.);
#10107 = FACE_BOUND('',#10108,.F.);
#10108 = EDGE_LOOP('',(#10109,#10132,#10133,#10161));
#10109 = ORIENTED_EDGE('',*,*,#10110,.F.);
#10110 = EDGE_CURVE('',#2465,#10111,#10113,.T.);
#10111 = VERTEX_POINT('',#10112);
#10112 = CARTESIAN_POINT('',(21.760455974563,31.315215343809,0.));
#10113 = SURFACE_CURVE('',#10114,(#10118,#10125),.PCURVE_S1.);
#10114 = LINE('',#10115,#10116);
#10115 = CARTESIAN_POINT('',(16.885455974563,22.87146765691,0.));
#10116 = VECTOR('',#10117,1.);
#10117 = DIRECTION('',(0.5,0.866025403784,0.));
#10118 = PCURVE('',#4953,#10119);
#10119 = DEFINITIONAL_REPRESENTATION('',(#10120),#10124);
#10120 = LINE('',#10121,#10122);
#10121 = CARTESIAN_POINT('',(0.,0.));
#10122 = VECTOR('',#10123,1.);
#10123 = DIRECTION('',(0.,1.));
#10124 = ( GEOMETRIC_REPRESENTATION_CONTEXT(2)
PARAMETRIC_REPRESENTATION_CONTEXT() REPRESENTATION_CONTEXT('2D SPACE',''
  ) );
#10125 = PCURVE('',#5060,#10126);
#10126 = DEFINITIONAL_REPRESENTATION('',(#10127),#10131);
#10127 = LINE('',#10128,#10129);
#10128 = CARTESIAN_POINT('',(0.,0.));
#10129 = VECTOR('',#10130,1.);
#10130 = DIRECTION('',(1.,0.));
#10131 = ( GEOMETRIC_REPRESENTATION_CONTEXT(2)
PARAMETRIC_REPRESENTATION_CONTEXT() REPRESENTATION_CONTEXT('2D SPACE',''
  ) );
#10132 = ORIENTED_EDGE('',*,*,#4940,.T.);
#10133 = ORIENTED_EDGE('',*,*,#10134,.T.);
#10134 = EDGE_CURVE('',#4892,#10135,#10137,.T.);
#10135 = VERTEX_POINT('',#10136);
#10136 = CARTESIAN_POINT('',(21.760455974563,31.315215343809,8.));
#10137 = SURFACE_CURVE('',#10138,(#10142,#10149),.PCURVE_S1.);
#10138 = LINE('',#10139,#10140);
#10139 = CARTESIAN_POINT('',(16.885455974563,22.87146765691,8.));
#10140 = VECTOR('',#10141,1.);
#10141 = DIRECTION('',(0.5,0.866025403784,0.));
#10142 = PCURVE('',#4953,#10143);
#10143 = DEFINITIONAL_REPRESENTATION('',(#10144),#10148);
#10144 = LINE('',#10145,#10146);
#10145 = CARTESIAN_POINT('',(8.,0.));
#10146 = VECTOR('',#10147,1.);
#10147 = DIRECTION('',(0.,1.));
#10148 = ( GEOMETRIC_REPRESENTATION_CONTEXT(2)
PARAMETRIC_REPRESENTATION_CONTEXT() REPRESENTATION_CONTEXT('2D SPACE',''
  ) );
#10149 = PCURVE('',#10150,#10155);
#10150 = PLANE('',#10151);
#10151 = AXIS2_PLACEMENT_3D('',#10152,#10153,#10154);
#10152 = CARTESIAN_POINT('',(16.885455974563,22.87146765691,8.));
#10153 = DIRECTION('',(0.,0.,1.));
#10154 = DIRECTION('',(0.5,0.866025403784,0.));
#10155 = DEFINITIONAL_REPRESENTATION('',(#10156),#10160);
#10156 = LINE('',#10157,#10158);
#10157 = CARTESIAN_POINT('',(0.,0.));
#10158 = VECTOR('',#10159,1.);
#10159 = DIRECTION('',(1.,0.));
#10160 = ( GEOMETRIC_REPRESENTATION_CONTEXT(2)
PARAMETRIC_REPRESENTATION_CONTEXT() REPRESENTATION_CONTEXT('2D SPACE',''
  ) );
#10161 = ORIENTED_EDGE('',*,*,#10162,.F.);
#10162 = EDGE_CURVE('',#10111,#10135,#10163,.T.);
#10163 = SURFACE_CURVE('',#10164,(#10168,#10175),.PCURVE_S1.);
#10164 = LINE('',#10165,#10166);
#10165 = CARTESIAN_POINT('',(21.760455974563,31.315215343809,0.));
#10166 = VECTOR('',#10167,1.);
#10167 = DIRECTION('',(0.,0.,1.));
#10168 = PCURVE('',#4953,#10169);
#10169 = DEFINITIONAL_REPRESENTATION('',(#10170),#10174);
#10170 = LINE('',#10171,#10172);
#10171 = CARTESIAN_POINT('',(0.,9.75));
#10172 = VECTOR('',#10173,1.);
#10173 = DIRECTION('',(1.,0.));
#10174 = ( GEOMETRIC_REPRESENTATION_CONTEXT(2)
PARAMETRIC_REPRESENTATION_CONTEXT() REPRESENTATION_CONTEXT('2D SPACE',''
  ) );
#10175 = PCURVE('',#10176,#10181);
#10176 = PLANE('',#10177);
#10177 = AXIS2_PLACEMENT_3D('',#10178,#10179,#10180);
#10178 = CARTESIAN_POINT('',(21.760455974563,31.315215343809,0.));
#10179 = DIRECTION('',(0.5,0.866025403784,0.));
#10180 = DIRECTION('',(0.,0.,1.));
#10181 = DEFINITIONAL_REPRESENTATION('',(#10182),#10186);
#10182 = LINE('',#10183,#10184);
#10183 = CARTESIAN_POINT('',(0.,0.));
#10184 = VECTOR('',#10185,1.);
#10185 = DIRECTION('',(1.,0.));
#10186 = ( GEOMETRIC_REPRESENTATION_CONTEXT(2)
PARAMETRIC_REPRESENTATION_CONTEXT() REPRESENTATION_CONTEXT('2D SPACE',''
  ) );
#10187 = ADVANCED_FACE('',(#10188),#4928,.T.);
#10188 = FACE_BOUND('',#10189,.T.);
#10189 = EDGE_LOOP('',(#10190,#10191,#10192,#10215));
#10190 = ORIENTED_EDGE('',*,*,#10012,.F.);
#10191 = ORIENTED_EDGE('',*,*,#4915,.T.);
#10192 = ORIENTED_EDGE('',*,*,#10193,.T.);
#10193 = EDGE_CURVE('',#4890,#10194,#10196,.T.);
#10194 = VERTEX_POINT('',#10195);
#10195 = CARTESIAN_POINT('',(27.060803332645,26.86769583053,8.));
#10196 = SURFACE_CURVE('',#10197,(#10201,#10208),.PCURVE_S1.);
#10197 = LINE('',#10198,#10199);
#10198 = CARTESIAN_POINT('',(19.591870012235,20.600516636086,8.));
#10199 = VECTOR('',#10200,1.);
#10200 = DIRECTION('',(0.766044443119,0.642787609687,0.));
#10201 = PCURVE('',#4928,#10202);
#10202 = DEFINITIONAL_REPRESENTATION('',(#10203),#10207);
#10203 = LINE('',#10204,#10205);
#10204 = CARTESIAN_POINT('',(8.,0.));
#10205 = VECTOR('',#10206,1.);
#10206 = DIRECTION('',(0.,1.));
#10207 = ( GEOMETRIC_REPRESENTATION_CONTEXT(2)
PARAMETRIC_REPRESENTATION_CONTEXT() REPRESENTATION_CONTEXT('2D SPACE',''
  ) );
#10208 = PCURVE('',#9792,#10209);
#10209 = DEFINITIONAL_REPRESENTATION('',(#10210),#10214);
#10210 = LINE('',#10211,#10212);
#10211 = CARTESIAN_POINT('',(4.440892098501E-16,6.375));
#10212 = VECTOR('',#10213,1.);
#10213 = DIRECTION('',(1.,0.));
#10214 = ( GEOMETRIC_REPRESENTATION_CONTEXT(2)
PARAMETRIC_REPRESENTATION_CONTEXT() REPRESENTATION_CONTEXT('2D SPACE',''
  ) );
#10215 = ORIENTED_EDGE('',*,*,#10216,.F.);
#10216 = EDGE_CURVE('',#10013,#10194,#10217,.T.);
#10217 = SURFACE_CURVE('',#10218,(#10222,#10229),.PCURVE_S1.);
#10218 = LINE('',#10219,#10220);
#10219 = CARTESIAN_POINT('',(27.060803332645,26.86769583053,0.));
#10220 = VECTOR('',#10221,1.);
#10221 = DIRECTION('',(0.,0.,1.));
#10222 = PCURVE('',#4928,#10223);
#10223 = DEFINITIONAL_REPRESENTATION('',(#10224),#10228);
#10224 = LINE('',#10225,#10226);
#10225 = CARTESIAN_POINT('',(0.,9.75));
#10226 = VECTOR('',#10227,1.);
#10227 = DIRECTION('',(1.,0.));
#10228 = ( GEOMETRIC_REPRESENTATION_CONTEXT(2)
PARAMETRIC_REPRESENTATION_CONTEXT() REPRESENTATION_CONTEXT('2D SPACE',''
  ) );
#10229 = PCURVE('',#9818,#10230);
#10230 = DEFINITIONAL_REPRESENTATION('',(#10231),#10235);
#10231 = LINE('',#10232,#10233);
#10232 = CARTESIAN_POINT('',(0.,-6.375));
#10233 = VECTOR('',#10234,1.);
#10234 = DIRECTION('',(1.,0.));
#10235 = ( GEOMETRIC_REPRESENTATION_CONTEXT(2)
PARAMETRIC_REPRESENTATION_CONTEXT() REPRESENTATION_CONTEXT('2D SPACE',''
  ) );
#10236 = ADVANCED_FACE('',(#10237),#5031,.F.);
#10237 = FACE_BOUND('',#10238,.F.);
#10238 = EDGE_LOOP('',(#10239,#10240,#10241,#10264));
#10239 = ORIENTED_EDGE('',*,*,#10063,.F.);
#10240 = ORIENTED_EDGE('',*,*,#5018,.T.);
#10241 = ORIENTED_EDGE('',*,*,#10242,.T.);
#10242 = EDGE_CURVE('',#4970,#10243,#10245,.T.);
#10243 = VERTEX_POINT('',#10244);
#10244 = CARTESIAN_POINT('',(27.060803332645,-26.86769583053,8.));
#10245 = SURFACE_CURVE('',#10246,(#10250,#10257),.PCURVE_S1.);
#10246 = LINE('',#10247,#10248);
#10247 = CARTESIAN_POINT('',(19.591870012235,-20.60051663608,8.));
#10248 = VECTOR('',#10249,1.);
#10249 = DIRECTION('',(0.766044443119,-0.642787609687,0.));
#10250 = PCURVE('',#5031,#10251);
#10251 = DEFINITIONAL_REPRESENTATION('',(#10252),#10256);
#10252 = LINE('',#10253,#10254);
#10253 = CARTESIAN_POINT('',(8.,0.));
#10254 = VECTOR('',#10255,1.);
#10255 = DIRECTION('',(0.,1.));
#10256 = ( GEOMETRIC_REPRESENTATION_CONTEXT(2)
PARAMETRIC_REPRESENTATION_CONTEXT() REPRESENTATION_CONTEXT('2D SPACE',''
  ) );
#10257 = PCURVE('',#9971,#10258);
#10258 = DEFINITIONAL_REPRESENTATION('',(#10259),#10263);
#10259 = LINE('',#10260,#10261);
#10260 = CARTESIAN_POINT('',(0.,0.));
#10261 = VECTOR('',#10262,1.);
#10262 = DIRECTION('',(1.,0.));
#10263 = ( GEOMETRIC_REPRESENTATION_CONTEXT(2)
PARAMETRIC_REPRESENTATION_CONTEXT() REPRESENTATION_CONTEXT('2D SPACE',''
  ) );
#10264 = ORIENTED_EDGE('',*,*,#10265,.F.);
#10265 = EDGE_CURVE('',#10064,#10243,#10266,.T.);
#10266 = SURFACE_CURVE('',#10267,(#10271,#10278),.PCURVE_S1.);
#10267 = LINE('',#10268,#10269);
#10268 = CARTESIAN_POINT('',(27.060803332645,-26.86769583053,0.));
#10269 = VECTOR('',#10270,1.);
#10270 = DIRECTION('',(0.,0.,1.));
#10271 = PCURVE('',#5031,#10272);
#10272 = DEFINITIONAL_REPRESENTATION('',(#10273),#10277);
#10273 = LINE('',#10274,#10275);
#10274 = CARTESIAN_POINT('',(0.,9.75));
#10275 = VECTOR('',#10276,1.);
#10276 = DIRECTION('',(1.,0.));
#10277 = ( GEOMETRIC_REPRESENTATION_CONTEXT(2)
PARAMETRIC_REPRESENTATION_CONTEXT() REPRESENTATION_CONTEXT('2D SPACE',''
  ) );
#10278 = PCURVE('',#9997,#10279);
#10279 = DEFINITIONAL_REPRESENTATION('',(#10280),#10284);
#10280 = LINE('',#10281,#10282);
#10281 = CARTESIAN_POINT('',(0.,0.));
#10282 = VECTOR('',#10283,1.);
#10283 = DIRECTION('',(1.,0.));
#10284 = ( GEOMETRIC_REPRESENTATION_CONTEXT(2)
PARAMETRIC_REPRESENTATION_CONTEXT() REPRESENTATION_CONTEXT('2D SPACE',''
  ) );
#10285 = ADVANCED_FACE('',(#10286),#5006,.T.);
#10286 = FACE_BOUND('',#10287,.T.);
#10287 = EDGE_LOOP('',(#10288,#10311,#10312,#10340));
#10288 = ORIENTED_EDGE('',*,*,#10289,.F.);
#10289 = EDGE_CURVE('',#3781,#10290,#10292,.T.);
#10290 = VERTEX_POINT('',#10291);
#10291 = CARTESIAN_POINT('',(21.760455974563,-31.3152153438,0.));
#10292 = SURFACE_CURVE('',#10293,(#10297,#10304),.PCURVE_S1.);
#10293 = LINE('',#10294,#10295);
#10294 = CARTESIAN_POINT('',(16.885455974563,-22.87146765691,0.));
#10295 = VECTOR('',#10296,1.);
#10296 = DIRECTION('',(0.5,-0.866025403784,0.));
#10297 = PCURVE('',#5006,#10298);
#10298 = DEFINITIONAL_REPRESENTATION('',(#10299),#10303);
#10299 = LINE('',#10300,#10301);
#10300 = CARTESIAN_POINT('',(0.,0.));
#10301 = VECTOR('',#10302,1.);
#10302 = DIRECTION('',(0.,1.));
#10303 = ( GEOMETRIC_REPRESENTATION_CONTEXT(2)
PARAMETRIC_REPRESENTATION_CONTEXT() REPRESENTATION_CONTEXT('2D SPACE',''
  ) );
#10304 = PCURVE('',#5093,#10305);
#10305 = DEFINITIONAL_REPRESENTATION('',(#10306),#10310);
#10306 = LINE('',#10307,#10308);
#10307 = CARTESIAN_POINT('',(8.881784197001E-16,6.375));
#10308 = VECTOR('',#10309,1.);
#10309 = DIRECTION('',(1.,0.));
#10310 = ( GEOMETRIC_REPRESENTATION_CONTEXT(2)
PARAMETRIC_REPRESENTATION_CONTEXT() REPRESENTATION_CONTEXT('2D SPACE',''
  ) );
#10311 = ORIENTED_EDGE('',*,*,#4993,.T.);
#10312 = ORIENTED_EDGE('',*,*,#10313,.T.);
#10313 = EDGE_CURVE('',#4968,#10314,#10316,.T.);
#10314 = VERTEX_POINT('',#10315);
#10315 = CARTESIAN_POINT('',(21.760455974563,-31.3152153438,8.));
#10316 = SURFACE_CURVE('',#10317,(#10321,#10328),.PCURVE_S1.);
#10317 = LINE('',#10318,#10319);
#10318 = CARTESIAN_POINT('',(16.885455974563,-22.87146765691,8.));
#10319 = VECTOR('',#10320,1.);
#10320 = DIRECTION('',(0.5,-0.866025403784,0.));
#10321 = PCURVE('',#5006,#10322);
#10322 = DEFINITIONAL_REPRESENTATION('',(#10323),#10327);
#10323 = LINE('',#10324,#10325);
#10324 = CARTESIAN_POINT('',(8.,0.));
#10325 = VECTOR('',#10326,1.);
#10326 = DIRECTION('',(0.,1.));
#10327 = ( GEOMETRIC_REPRESENTATION_CONTEXT(2)
PARAMETRIC_REPRESENTATION_CONTEXT() REPRESENTATION_CONTEXT('2D SPACE',''
  ) );
#10328 = PCURVE('',#10329,#10334);
#10329 = PLANE('',#10330);
#10330 = AXIS2_PLACEMENT_3D('',#10331,#10332,#10333);
#10331 = CARTESIAN_POINT('',(11.364544025437,-26.05896765691,8.));
#10332 = DIRECTION('',(0.,0.,1.));
#10333 = DIRECTION('',(0.5,-0.866025403784,0.));
#10334 = DEFINITIONAL_REPRESENTATION('',(#10335),#10339);
#10335 = LINE('',#10336,#10337);
#10336 = CARTESIAN_POINT('',(8.881784197001E-16,6.375));
#10337 = VECTOR('',#10338,1.);
#10338 = DIRECTION('',(1.,0.));
#10339 = ( GEOMETRIC_REPRESENTATION_CONTEXT(2)
PARAMETRIC_REPRESENTATION_CONTEXT() REPRESENTATION_CONTEXT('2D SPACE',''
  ) );
#10340 = ORIENTED_EDGE('',*,*,#10341,.F.);
#10341 = EDGE_CURVE('',#10290,#10314,#10342,.T.);
#10342 = SURFACE_CURVE('',#10343,(#10347,#10354),.PCURVE_S1.);
#10343 = LINE('',#10344,#10345);
#10344 = CARTESIAN_POINT('',(21.760455974563,-31.3152153438,0.));
#10345 = VECTOR('',#10346,1.);
#10346 = DIRECTION('',(0.,0.,1.));
#10347 = PCURVE('',#5006,#10348);
#10348 = DEFINITIONAL_REPRESENTATION('',(#10349),#10353);
#10349 = LINE('',#10350,#10351);
#10350 = CARTESIAN_POINT('',(0.,9.75));
#10351 = VECTOR('',#10352,1.);
#10352 = DIRECTION('',(1.,0.));
#10353 = ( GEOMETRIC_REPRESENTATION_CONTEXT(2)
PARAMETRIC_REPRESENTATION_CONTEXT() REPRESENTATION_CONTEXT('2D SPACE',''
  ) );
#10354 = PCURVE('',#10355,#10360);
#10355 = PLANE('',#10356);
#10356 = AXIS2_PLACEMENT_3D('',#10357,#10358,#10359);
#10357 = CARTESIAN_POINT('',(16.239544025437,-34.5027153438,0.));
#10358 = DIRECTION('',(0.5,-0.866025403784,0.));
#10359 = DIRECTION('',(0.,0.,1.));
#10360 = DEFINITIONAL_REPRESENTATION('',(#10361),#10365);
#10361 = LINE('',#10362,#10363);
#10362 = CARTESIAN_POINT('',(0.,-6.375));
#10363 = VECTOR('',#10364,1.);
#10364 = DIRECTION('',(1.,0.));
#10365 = ( GEOMETRIC_REPRESENTATION_CONTEXT(2)
PARAMETRIC_REPRESENTATION_CONTEXT() REPRESENTATION_CONTEXT('2D SPACE',''
  ) );
#10366 = ADVANCED_FACE('',(#10367),#5060,.F.);
#10367 = FACE_BOUND('',#10368,.F.);
#10368 = EDGE_LOOP('',(#10369,#10392,#10393,#10394));
#10369 = ORIENTED_EDGE('',*,*,#10370,.F.);
#10370 = EDGE_CURVE('',#2545,#10371,#10373,.T.);
#10371 = VERTEX_POINT('',#10372);
#10372 = CARTESIAN_POINT('',(16.239544025437,34.502715343809,0.));
#10373 = SURFACE_CURVE('',#10374,(#10378,#10385),.PCURVE_S1.);
#10374 = LINE('',#10375,#10376);
#10375 = CARTESIAN_POINT('',(11.364544025437,26.05896765691,0.));
#10376 = VECTOR('',#10377,1.);
#10377 = DIRECTION('',(0.5,0.866025403784,0.));
#10378 = PCURVE('',#5060,#10379);
#10379 = DEFINITIONAL_REPRESENTATION('',(#10380),#10384);
#10380 = LINE('',#10381,#10382);
#10381 = CARTESIAN_POINT('',(-8.881784197001E-16,6.375));
#10382 = VECTOR('',#10383,1.);
#10383 = DIRECTION('',(1.,0.));
#10384 = ( GEOMETRIC_REPRESENTATION_CONTEXT(2)
PARAMETRIC_REPRESENTATION_CONTEXT() REPRESENTATION_CONTEXT('2D SPACE',''
  ) );
#10385 = PCURVE('',#5150,#10386);
#10386 = DEFINITIONAL_REPRESENTATION('',(#10387),#10391);
#10387 = LINE('',#10388,#10389);
#10388 = CARTESIAN_POINT('',(0.,0.));
#10389 = VECTOR('',#10390,1.);
#10390 = DIRECTION('',(0.,1.));
#10391 = ( GEOMETRIC_REPRESENTATION_CONTEXT(2)
PARAMETRIC_REPRESENTATION_CONTEXT() REPRESENTATION_CONTEXT('2D SPACE',''
  ) );
#10392 = ORIENTED_EDGE('',*,*,#5045,.F.);
#10393 = ORIENTED_EDGE('',*,*,#10110,.T.);
#10394 = ORIENTED_EDGE('',*,*,#10395,.T.);
#10395 = EDGE_CURVE('',#10111,#10371,#10396,.T.);
#10396 = SURFACE_CURVE('',#10397,(#10401,#10408),.PCURVE_S1.);
#10397 = LINE('',#10398,#10399);
#10398 = CARTESIAN_POINT('',(21.760455974563,31.315215343809,0.));
#10399 = VECTOR('',#10400,1.);
#10400 = DIRECTION('',(-0.866025403784,0.5,0.));
#10401 = PCURVE('',#5060,#10402);
#10402 = DEFINITIONAL_REPRESENTATION('',(#10403),#10407);
#10403 = LINE('',#10404,#10405);
#10404 = CARTESIAN_POINT('',(9.75,8.881784197001E-16));
#10405 = VECTOR('',#10406,1.);
#10406 = DIRECTION('',(0.,1.));
#10407 = ( GEOMETRIC_REPRESENTATION_CONTEXT(2)
PARAMETRIC_REPRESENTATION_CONTEXT() REPRESENTATION_CONTEXT('2D SPACE',''
  ) );
#10408 = PCURVE('',#10176,#10409);
#10409 = DEFINITIONAL_REPRESENTATION('',(#10410),#10414);
#10410 = LINE('',#10411,#10412);
#10411 = CARTESIAN_POINT('',(0.,0.));
#10412 = VECTOR('',#10413,1.);
#10413 = DIRECTION('',(0.,-1.));
#10414 = ( GEOMETRIC_REPRESENTATION_CONTEXT(2)
PARAMETRIC_REPRESENTATION_CONTEXT() REPRESENTATION_CONTEXT('2D SPACE',''
  ) );
#10415 = ADVANCED_FACE('',(#10416),#5093,.F.);
#10416 = FACE_BOUND('',#10417,.F.);
#10417 = EDGE_LOOP('',(#10418,#10419,#10420,#10443));
#10418 = ORIENTED_EDGE('',*,*,#10289,.F.);
#10419 = ORIENTED_EDGE('',*,*,#5078,.F.);
#10420 = ORIENTED_EDGE('',*,*,#10421,.T.);
#10421 = EDGE_CURVE('',#3701,#10422,#10424,.T.);
#10422 = VERTEX_POINT('',#10423);
#10423 = CARTESIAN_POINT('',(16.239544025437,-34.5027153438,0.));
#10424 = SURFACE_CURVE('',#10425,(#10429,#10436),.PCURVE_S1.);
#10425 = LINE('',#10426,#10427);
#10426 = CARTESIAN_POINT('',(11.364544025437,-26.05896765691,0.));
#10427 = VECTOR('',#10428,1.);
#10428 = DIRECTION('',(0.5,-0.866025403784,0.));
#10429 = PCURVE('',#5093,#10430);
#10430 = DEFINITIONAL_REPRESENTATION('',(#10431),#10435);
#10431 = LINE('',#10432,#10433);
#10432 = CARTESIAN_POINT('',(0.,0.));
#10433 = VECTOR('',#10434,1.);
#10434 = DIRECTION('',(1.,0.));
#10435 = ( GEOMETRIC_REPRESENTATION_CONTEXT(2)
PARAMETRIC_REPRESENTATION_CONTEXT() REPRESENTATION_CONTEXT('2D SPACE',''
  ) );
#10436 = PCURVE('',#5253,#10437);
#10437 = DEFINITIONAL_REPRESENTATION('',(#10438),#10442);
#10438 = LINE('',#10439,#10440);
#10439 = CARTESIAN_POINT('',(0.,0.));
#10440 = VECTOR('',#10441,1.);
#10441 = DIRECTION('',(0.,1.));
#10442 = ( GEOMETRIC_REPRESENTATION_CONTEXT(2)
PARAMETRIC_REPRESENTATION_CONTEXT() REPRESENTATION_CONTEXT('2D SPACE',''
  ) );
#10443 = ORIENTED_EDGE('',*,*,#10444,.T.);
#10444 = EDGE_CURVE('',#10422,#10290,#10445,.T.);
#10445 = SURFACE_CURVE('',#10446,(#10450,#10457),.PCURVE_S1.);
#10446 = LINE('',#10447,#10448);
#10447 = CARTESIAN_POINT('',(16.239544025437,-34.5027153438,0.));
#10448 = VECTOR('',#10449,1.);
#10449 = DIRECTION('',(0.866025403784,0.5,0.));
#10450 = PCURVE('',#5093,#10451);
#10451 = DEFINITIONAL_REPRESENTATION('',(#10452),#10456);
#10452 = LINE('',#10453,#10454);
#10453 = CARTESIAN_POINT('',(9.75,-8.881784197001E-16));
#10454 = VECTOR('',#10455,1.);
#10455 = DIRECTION('',(0.,1.));
#10456 = ( GEOMETRIC_REPRESENTATION_CONTEXT(2)
PARAMETRIC_REPRESENTATION_CONTEXT() REPRESENTATION_CONTEXT('2D SPACE',''
  ) );
#10457 = PCURVE('',#10355,#10458);
#10458 = DEFINITIONAL_REPRESENTATION('',(#10459),#10463);
#10459 = LINE('',#10460,#10461);
#10460 = CARTESIAN_POINT('',(0.,0.));
#10461 = VECTOR('',#10462,1.);
#10462 = DIRECTION('',(0.,-1.));
#10463 = ( GEOMETRIC_REPRESENTATION_CONTEXT(2)
PARAMETRIC_REPRESENTATION_CONTEXT() REPRESENTATION_CONTEXT('2D SPACE',''
  ) );
#10464 = ADVANCED_FACE('',(#10465),#5175,.F.);
#10465 = FACE_BOUND('',#10466,.F.);
#10466 = EDGE_LOOP('',(#10467,#10490,#10491,#10519));
#10467 = ORIENTED_EDGE('',*,*,#10468,.F.);
#10468 = EDGE_CURVE('',#2568,#10469,#10471,.T.);
#10469 = VERTEX_POINT('',#10470);
#10470 = CARTESIAN_POINT('',(9.73770546407,36.869191048151,0.));
#10471 = SURFACE_CURVE('',#10472,(#10476,#10483),.PCURVE_S1.);
#10472 = LINE('',#10473,#10474);
#10473 = CARTESIAN_POINT('',(8.044635731817,27.267315456282,0.));
#10474 = VECTOR('',#10475,1.);
#10475 = DIRECTION('',(0.173648177667,0.984807753012,0.));
#10476 = PCURVE('',#5175,#10477);
#10477 = DEFINITIONAL_REPRESENTATION('',(#10478),#10482);
#10478 = LINE('',#10479,#10480);
#10479 = CARTESIAN_POINT('',(0.,0.));
#10480 = VECTOR('',#10481,1.);
#10481 = DIRECTION('',(0.,1.));
#10482 = ( GEOMETRIC_REPRESENTATION_CONTEXT(2)
PARAMETRIC_REPRESENTATION_CONTEXT() REPRESENTATION_CONTEXT('2D SPACE',''
  ) );
#10483 = PCURVE('',#5282,#10484);
#10484 = DEFINITIONAL_REPRESENTATION('',(#10485),#10489);
#10485 = LINE('',#10486,#10487);
#10486 = CARTESIAN_POINT('',(0.,0.));
#10487 = VECTOR('',#10488,1.);
#10488 = DIRECTION('',(1.,0.));
#10489 = ( GEOMETRIC_REPRESENTATION_CONTEXT(2)
PARAMETRIC_REPRESENTATION_CONTEXT() REPRESENTATION_CONTEXT('2D SPACE',''
  ) );
#10490 = ORIENTED_EDGE('',*,*,#5162,.T.);
#10491 = ORIENTED_EDGE('',*,*,#10492,.T.);
#10492 = EDGE_CURVE('',#5114,#10493,#10495,.T.);
#10493 = VERTEX_POINT('',#10494);
#10494 = CARTESIAN_POINT('',(9.73770546407,36.869191048151,8.));
#10495 = SURFACE_CURVE('',#10496,(#10500,#10507),.PCURVE_S1.);
#10496 = LINE('',#10497,#10498);
#10497 = CARTESIAN_POINT('',(8.044635731817,27.267315456282,8.));
#10498 = VECTOR('',#10499,1.);
#10499 = DIRECTION('',(0.173648177667,0.984807753012,0.));
#10500 = PCURVE('',#5175,#10501);
#10501 = DEFINITIONAL_REPRESENTATION('',(#10502),#10506);
#10502 = LINE('',#10503,#10504);
#10503 = CARTESIAN_POINT('',(8.,0.));
#10504 = VECTOR('',#10505,1.);
#10505 = DIRECTION('',(0.,1.));
#10506 = ( GEOMETRIC_REPRESENTATION_CONTEXT(2)
PARAMETRIC_REPRESENTATION_CONTEXT() REPRESENTATION_CONTEXT('2D SPACE',''
  ) );
#10507 = PCURVE('',#10508,#10513);
#10508 = PLANE('',#10509);
#10509 = AXIS2_PLACEMENT_3D('',#10510,#10511,#10512);
#10510 = CARTESIAN_POINT('',(8.044635731817,27.267315456282,8.));
#10511 = DIRECTION('',(0.,0.,1.));
#10512 = DIRECTION('',(0.173648177667,0.984807753012,0.));
#10513 = DEFINITIONAL_REPRESENTATION('',(#10514),#10518);
#10514 = LINE('',#10515,#10516);
#10515 = CARTESIAN_POINT('',(0.,0.));
#10516 = VECTOR('',#10517,1.);
#10517 = DIRECTION('',(1.,0.));
#10518 = ( GEOMETRIC_REPRESENTATION_CONTEXT(2)
PARAMETRIC_REPRESENTATION_CONTEXT() REPRESENTATION_CONTEXT('2D SPACE',''
  ) );
#10519 = ORIENTED_EDGE('',*,*,#10520,.F.);
#10520 = EDGE_CURVE('',#10469,#10493,#10521,.T.);
#10521 = SURFACE_CURVE('',#10522,(#10526,#10533),.PCURVE_S1.);
#10522 = LINE('',#10523,#10524);
#10523 = CARTESIAN_POINT('',(9.73770546407,36.869191048151,0.));
#10524 = VECTOR('',#10525,1.);
#10525 = DIRECTION('',(0.,0.,1.));
#10526 = PCURVE('',#5175,#10527);
#10527 = DEFINITIONAL_REPRESENTATION('',(#10528),#10532);
#10528 = LINE('',#10529,#10530);
#10529 = CARTESIAN_POINT('',(0.,9.75));
#10530 = VECTOR('',#10531,1.);
#10531 = DIRECTION('',(1.,0.));
#10532 = ( GEOMETRIC_REPRESENTATION_CONTEXT(2)
PARAMETRIC_REPRESENTATION_CONTEXT() REPRESENTATION_CONTEXT('2D SPACE',''
  ) );
#10533 = PCURVE('',#10534,#10539);
#10534 = PLANE('',#10535);
#10535 = AXIS2_PLACEMENT_3D('',#10536,#10537,#10538);
#10536 = CARTESIAN_POINT('',(9.73770546407,36.869191048151,0.));
#10537 = DIRECTION('',(0.173648177667,0.984807753012,0.));
#10538 = DIRECTION('',(0.,0.,1.));
#10539 = DEFINITIONAL_REPRESENTATION('',(#10540),#10544);
#10540 = LINE('',#10541,#10542);
#10541 = CARTESIAN_POINT('',(0.,0.));
#10542 = VECTOR('',#10543,1.);
#10543 = DIRECTION('',(1.,0.));
#10544 = ( GEOMETRIC_REPRESENTATION_CONTEXT(2)
PARAMETRIC_REPRESENTATION_CONTEXT() REPRESENTATION_CONTEXT('2D SPACE',''
  ) );
#10545 = ADVANCED_FACE('',(#10546),#5150,.T.);
#10546 = FACE_BOUND('',#10547,.T.);
#10547 = EDGE_LOOP('',(#10548,#10549,#10550,#10573));
#10548 = ORIENTED_EDGE('',*,*,#10370,.F.);
#10549 = ORIENTED_EDGE('',*,*,#5137,.T.);
#10550 = ORIENTED_EDGE('',*,*,#10551,.T.);
#10551 = EDGE_CURVE('',#5112,#10552,#10554,.T.);
#10552 = VERTEX_POINT('',#10553);
#10553 = CARTESIAN_POINT('',(16.239544025437,34.502715343809,8.));
#10554 = SURFACE_CURVE('',#10555,(#10559,#10566),.PCURVE_S1.);
#10555 = LINE('',#10556,#10557);
#10556 = CARTESIAN_POINT('',(11.364544025437,26.05896765691,8.));
#10557 = VECTOR('',#10558,1.);
#10558 = DIRECTION('',(0.5,0.866025403784,0.));
#10559 = PCURVE('',#5150,#10560);
#10560 = DEFINITIONAL_REPRESENTATION('',(#10561),#10565);
#10561 = LINE('',#10562,#10563);
#10562 = CARTESIAN_POINT('',(8.,0.));
#10563 = VECTOR('',#10564,1.);
#10564 = DIRECTION('',(0.,1.));
#10565 = ( GEOMETRIC_REPRESENTATION_CONTEXT(2)
PARAMETRIC_REPRESENTATION_CONTEXT() REPRESENTATION_CONTEXT('2D SPACE',''
  ) );
#10566 = PCURVE('',#10150,#10567);
#10567 = DEFINITIONAL_REPRESENTATION('',(#10568),#10572);
#10568 = LINE('',#10569,#10570);
#10569 = CARTESIAN_POINT('',(-8.881784197001E-16,6.375));
#10570 = VECTOR('',#10571,1.);
#10571 = DIRECTION('',(1.,0.));
#10572 = ( GEOMETRIC_REPRESENTATION_CONTEXT(2)
PARAMETRIC_REPRESENTATION_CONTEXT() REPRESENTATION_CONTEXT('2D SPACE',''
  ) );
#10573 = ORIENTED_EDGE('',*,*,#10574,.F.);
#10574 = EDGE_CURVE('',#10371,#10552,#10575,.T.);
#10575 = SURFACE_CURVE('',#10576,(#10580,#10587),.PCURVE_S1.);
#10576 = LINE('',#10577,#10578);
#10577 = CARTESIAN_POINT('',(16.239544025437,34.502715343809,0.));
#10578 = VECTOR('',#10579,1.);
#10579 = DIRECTION('',(0.,0.,1.));
#10580 = PCURVE('',#5150,#10581);
#10581 = DEFINITIONAL_REPRESENTATION('',(#10582),#10586);
#10582 = LINE('',#10583,#10584);
#10583 = CARTESIAN_POINT('',(0.,9.75));
#10584 = VECTOR('',#10585,1.);
#10585 = DIRECTION('',(1.,0.));
#10586 = ( GEOMETRIC_REPRESENTATION_CONTEXT(2)
PARAMETRIC_REPRESENTATION_CONTEXT() REPRESENTATION_CONTEXT('2D SPACE',''
  ) );
#10587 = PCURVE('',#10176,#10588);
#10588 = DEFINITIONAL_REPRESENTATION('',(#10589),#10593);
#10589 = LINE('',#10590,#10591);
#10590 = CARTESIAN_POINT('',(0.,-6.375));
#10591 = VECTOR('',#10592,1.);
#10592 = DIRECTION('',(1.,0.));
#10593 = ( GEOMETRIC_REPRESENTATION_CONTEXT(2)
PARAMETRIC_REPRESENTATION_CONTEXT() REPRESENTATION_CONTEXT('2D SPACE',''
  ) );
#10594 = ADVANCED_FACE('',(#10595),#5253,.F.);
#10595 = FACE_BOUND('',#10596,.F.);
#10596 = EDGE_LOOP('',(#10597,#10598,#10599,#10622));
#10597 = ORIENTED_EDGE('',*,*,#10421,.F.);
#10598 = ORIENTED_EDGE('',*,*,#5240,.T.);
#10599 = ORIENTED_EDGE('',*,*,#10600,.T.);
#10600 = EDGE_CURVE('',#5192,#10601,#10603,.T.);
#10601 = VERTEX_POINT('',#10602);
#10602 = CARTESIAN_POINT('',(16.239544025437,-34.5027153438,8.));
#10603 = SURFACE_CURVE('',#10604,(#10608,#10615),.PCURVE_S1.);
#10604 = LINE('',#10605,#10606);
#10605 = CARTESIAN_POINT('',(11.364544025437,-26.05896765691,8.));
#10606 = VECTOR('',#10607,1.);
#10607 = DIRECTION('',(0.5,-0.866025403784,0.));
#10608 = PCURVE('',#5253,#10609);
#10609 = DEFINITIONAL_REPRESENTATION('',(#10610),#10614);
#10610 = LINE('',#10611,#10612);
#10611 = CARTESIAN_POINT('',(8.,0.));
#10612 = VECTOR('',#10613,1.);
#10613 = DIRECTION('',(0.,1.));
#10614 = ( GEOMETRIC_REPRESENTATION_CONTEXT(2)
PARAMETRIC_REPRESENTATION_CONTEXT() REPRESENTATION_CONTEXT('2D SPACE',''
  ) );
#10615 = PCURVE('',#10329,#10616);
#10616 = DEFINITIONAL_REPRESENTATION('',(#10617),#10621);
#10617 = LINE('',#10618,#10619);
#10618 = CARTESIAN_POINT('',(0.,0.));
#10619 = VECTOR('',#10620,1.);
#10620 = DIRECTION('',(1.,0.));
#10621 = ( GEOMETRIC_REPRESENTATION_CONTEXT(2)
PARAMETRIC_REPRESENTATION_CONTEXT() REPRESENTATION_CONTEXT('2D SPACE',''
  ) );
#10622 = ORIENTED_EDGE('',*,*,#10623,.F.);
#10623 = EDGE_CURVE('',#10422,#10601,#10624,.T.);
#10624 = SURFACE_CURVE('',#10625,(#10629,#10636),.PCURVE_S1.);
#10625 = LINE('',#10626,#10627);
#10626 = CARTESIAN_POINT('',(16.239544025437,-34.5027153438,0.));
#10627 = VECTOR('',#10628,1.);
#10628 = DIRECTION('',(0.,0.,1.));
#10629 = PCURVE('',#5253,#10630);
#10630 = DEFINITIONAL_REPRESENTATION('',(#10631),#10635);
#10631 = LINE('',#10632,#10633);
#10632 = CARTESIAN_POINT('',(0.,9.75));
#10633 = VECTOR('',#10634,1.);
#10634 = DIRECTION('',(1.,0.));
#10635 = ( GEOMETRIC_REPRESENTATION_CONTEXT(2)
PARAMETRIC_REPRESENTATION_CONTEXT() REPRESENTATION_CONTEXT('2D SPACE',''
  ) );
#10636 = PCURVE('',#10355,#10637);
#10637 = DEFINITIONAL_REPRESENTATION('',(#10638),#10642);
#10638 = LINE('',#10639,#10640);
#10639 = CARTESIAN_POINT('',(0.,0.));
#10640 = VECTOR('',#10641,1.);
#10641 = DIRECTION('',(1.,0.));
#10642 = ( GEOMETRIC_REPRESENTATION_CONTEXT(2)
PARAMETRIC_REPRESENTATION_CONTEXT() REPRESENTATION_CONTEXT('2D SPACE',''
  ) );
#10643 = ADVANCED_FACE('',(#10644),#5228,.T.);
#10644 = FACE_BOUND('',#10645,.T.);
#10645 = EDGE_LOOP('',(#10646,#10669,#10670,#10698));
#10646 = ORIENTED_EDGE('',*,*,#10647,.F.);
#10647 = EDGE_CURVE('',#3678,#10648,#10650,.T.);
#10648 = VERTEX_POINT('',#10649);
#10649 = CARTESIAN_POINT('',(9.73770546407,-36.86919104815,0.));
#10650 = SURFACE_CURVE('',#10651,(#10655,#10662),.PCURVE_S1.);
#10651 = LINE('',#10652,#10653);
#10652 = CARTESIAN_POINT('',(8.044635731817,-27.26731545628,0.));
#10653 = VECTOR('',#10654,1.);
#10654 = DIRECTION('',(0.173648177667,-0.984807753012,0.));
#10655 = PCURVE('',#5228,#10656);
#10656 = DEFINITIONAL_REPRESENTATION('',(#10657),#10661);
#10657 = LINE('',#10658,#10659);
#10658 = CARTESIAN_POINT('',(0.,0.));
#10659 = VECTOR('',#10660,1.);
#10660 = DIRECTION('',(0.,1.));
#10661 = ( GEOMETRIC_REPRESENTATION_CONTEXT(2)
PARAMETRIC_REPRESENTATION_CONTEXT() REPRESENTATION_CONTEXT('2D SPACE',''
  ) );
#10662 = PCURVE('',#5315,#10663);
#10663 = DEFINITIONAL_REPRESENTATION('',(#10664),#10668);
#10664 = LINE('',#10665,#10666);
#10665 = CARTESIAN_POINT('',(1.554312234475E-15,6.375));
#10666 = VECTOR('',#10667,1.);
#10667 = DIRECTION('',(1.,0.));
#10668 = ( GEOMETRIC_REPRESENTATION_CONTEXT(2)
PARAMETRIC_REPRESENTATION_CONTEXT() REPRESENTATION_CONTEXT('2D SPACE',''
  ) );
#10669 = ORIENTED_EDGE('',*,*,#5215,.T.);
#10670 = ORIENTED_EDGE('',*,*,#10671,.T.);
#10671 = EDGE_CURVE('',#5190,#10672,#10674,.T.);
#10672 = VERTEX_POINT('',#10673);
#10673 = CARTESIAN_POINT('',(9.73770546407,-36.86919104815,8.));
#10674 = SURFACE_CURVE('',#10675,(#10679,#10686),.PCURVE_S1.);
#10675 = LINE('',#10676,#10677);
#10676 = CARTESIAN_POINT('',(8.044635731817,-27.26731545628,8.));
#10677 = VECTOR('',#10678,1.);
#10678 = DIRECTION('',(0.173648177667,-0.984807753012,0.));
#10679 = PCURVE('',#5228,#10680);
#10680 = DEFINITIONAL_REPRESENTATION('',(#10681),#10685);
#10681 = LINE('',#10682,#10683);
#10682 = CARTESIAN_POINT('',(8.,0.));
#10683 = VECTOR('',#10684,1.);
#10684 = DIRECTION('',(0.,1.));
#10685 = ( GEOMETRIC_REPRESENTATION_CONTEXT(2)
PARAMETRIC_REPRESENTATION_CONTEXT() REPRESENTATION_CONTEXT('2D SPACE',''
  ) );
#10686 = PCURVE('',#10687,#10692);
#10687 = PLANE('',#10688);
#10688 = AXIS2_PLACEMENT_3D('',#10689,#10690,#10691);
#10689 = CARTESIAN_POINT('',(1.766486306364,-28.3743225889,8.));
#10690 = DIRECTION('',(0.,0.,1.));
#10691 = DIRECTION('',(0.173648177667,-0.984807753012,0.));
#10692 = DEFINITIONAL_REPRESENTATION('',(#10693),#10697);
#10693 = LINE('',#10694,#10695);
#10694 = CARTESIAN_POINT('',(1.554312234475E-15,6.375));
#10695 = VECTOR('',#10696,1.);
#10696 = DIRECTION('',(1.,0.));
#10697 = ( GEOMETRIC_REPRESENTATION_CONTEXT(2)
PARAMETRIC_REPRESENTATION_CONTEXT() REPRESENTATION_CONTEXT('2D SPACE',''
  ) );
#10698 = ORIENTED_EDGE('',*,*,#10699,.F.);
#10699 = EDGE_CURVE('',#10648,#10672,#10700,.T.);
#10700 = SURFACE_CURVE('',#10701,(#10705,#10712),.PCURVE_S1.);
#10701 = LINE('',#10702,#10703);
#10702 = CARTESIAN_POINT('',(9.73770546407,-36.86919104815,0.));
#10703 = VECTOR('',#10704,1.);
#10704 = DIRECTION('',(0.,0.,1.));
#10705 = PCURVE('',#5228,#10706);
#10706 = DEFINITIONAL_REPRESENTATION('',(#10707),#10711);
#10707 = LINE('',#10708,#10709);
#10708 = CARTESIAN_POINT('',(0.,9.75));
#10709 = VECTOR('',#10710,1.);
#10710 = DIRECTION('',(1.,0.));
#10711 = ( GEOMETRIC_REPRESENTATION_CONTEXT(2)
PARAMETRIC_REPRESENTATION_CONTEXT() REPRESENTATION_CONTEXT('2D SPACE',''
  ) );
#10712 = PCURVE('',#10713,#10718);
#10713 = PLANE('',#10714);
#10714 = AXIS2_PLACEMENT_3D('',#10715,#10716,#10717);
#10715 = CARTESIAN_POINT('',(3.459556038617,-37.97619818077,0.));
#10716 = DIRECTION('',(0.173648177667,-0.984807753012,0.));
#10717 = DIRECTION('',(0.,0.,1.));
#10718 = DEFINITIONAL_REPRESENTATION('',(#10719),#10723);
#10719 = LINE('',#10720,#10721);
#10720 = CARTESIAN_POINT('',(0.,-6.375));
#10721 = VECTOR('',#10722,1.);
#10722 = DIRECTION('',(1.,0.));
#10723 = ( GEOMETRIC_REPRESENTATION_CONTEXT(2)
PARAMETRIC_REPRESENTATION_CONTEXT() REPRESENTATION_CONTEXT('2D SPACE',''
  ) );
#10724 = ADVANCED_FACE('',(#10725),#5282,.F.);
#10725 = FACE_BOUND('',#10726,.F.);
#10726 = EDGE_LOOP('',(#10727,#10750,#10751,#10752));
#10727 = ORIENTED_EDGE('',*,*,#10728,.F.);
#10728 = EDGE_CURVE('',#2648,#10729,#10731,.T.);
#10729 = VERTEX_POINT('',#10730);
#10730 = CARTESIAN_POINT('',(3.459556038617,37.976198180777,0.));
#10731 = SURFACE_CURVE('',#10732,(#10736,#10743),.PCURVE_S1.);
#10732 = LINE('',#10733,#10734);
#10733 = CARTESIAN_POINT('',(1.766486306364,28.374322588908,0.));
#10734 = VECTOR('',#10735,1.);
#10735 = DIRECTION('',(0.173648177667,0.984807753012,0.));
#10736 = PCURVE('',#5282,#10737);
#10737 = DEFINITIONAL_REPRESENTATION('',(#10738),#10742);
#10738 = LINE('',#10739,#10740);
#10739 = CARTESIAN_POINT('',(2.442490654175E-15,6.375));
#10740 = VECTOR('',#10741,1.);
#10741 = DIRECTION('',(1.,0.));
#10742 = ( GEOMETRIC_REPRESENTATION_CONTEXT(2)
PARAMETRIC_REPRESENTATION_CONTEXT() REPRESENTATION_CONTEXT('2D SPACE',''
  ) );
#10743 = PCURVE('',#5372,#10744);
#10744 = DEFINITIONAL_REPRESENTATION('',(#10745),#10749);
#10745 = LINE('',#10746,#10747);
#10746 = CARTESIAN_POINT('',(0.,0.));
#10747 = VECTOR('',#10748,1.);
#10748 = DIRECTION('',(0.,1.));
#10749 = ( GEOMETRIC_REPRESENTATION_CONTEXT(2)
PARAMETRIC_REPRESENTATION_CONTEXT() REPRESENTATION_CONTEXT('2D SPACE',''
  ) );
#10750 = ORIENTED_EDGE('',*,*,#5267,.F.);
#10751 = ORIENTED_EDGE('',*,*,#10468,.T.);
#10752 = ORIENTED_EDGE('',*,*,#10753,.T.);
#10753 = EDGE_CURVE('',#10469,#10729,#10754,.T.);
#10754 = SURFACE_CURVE('',#10755,(#10759,#10766),.PCURVE_S1.);
#10755 = LINE('',#10756,#10757);
#10756 = CARTESIAN_POINT('',(9.73770546407,36.869191048151,0.));
#10757 = VECTOR('',#10758,1.);
#10758 = DIRECTION('',(-0.984807753012,0.173648177667,0.));
#10759 = PCURVE('',#5282,#10760);
#10760 = DEFINITIONAL_REPRESENTATION('',(#10761),#10765);
#10761 = LINE('',#10762,#10763);
#10762 = CARTESIAN_POINT('',(9.75,1.7763568394E-15));
#10763 = VECTOR('',#10764,1.);
#10764 = DIRECTION('',(0.,1.));
#10765 = ( GEOMETRIC_REPRESENTATION_CONTEXT(2)
PARAMETRIC_REPRESENTATION_CONTEXT() REPRESENTATION_CONTEXT('2D SPACE',''
  ) );
#10766 = PCURVE('',#10534,#10767);
#10767 = DEFINITIONAL_REPRESENTATION('',(#10768),#10772);
#10768 = LINE('',#10769,#10770);
#10769 = CARTESIAN_POINT('',(0.,0.));
#10770 = VECTOR('',#10771,1.);
#10771 = DIRECTION('',(0.,-1.));
#10772 = ( GEOMETRIC_REPRESENTATION_CONTEXT(2)
PARAMETRIC_REPRESENTATION_CONTEXT() REPRESENTATION_CONTEXT('2D SPACE',''
  ) );
#10773 = ADVANCED_FACE('',(#10774),#5315,.F.);
#10774 = FACE_BOUND('',#10775,.F.);
#10775 = EDGE_LOOP('',(#10776,#10777,#10778,#10801));
#10776 = ORIENTED_EDGE('',*,*,#10647,.F.);
#10777 = ORIENTED_EDGE('',*,*,#5300,.F.);
#10778 = ORIENTED_EDGE('',*,*,#10779,.T.);
#10779 = EDGE_CURVE('',#3598,#10780,#10782,.T.);
#10780 = VERTEX_POINT('',#10781);
#10781 = CARTESIAN_POINT('',(3.459556038617,-37.97619818077,0.));
#10782 = SURFACE_CURVE('',#10783,(#10787,#10794),.PCURVE_S1.);
#10783 = LINE('',#10784,#10785);
#10784 = CARTESIAN_POINT('',(1.766486306364,-28.3743225889,0.));
#10785 = VECTOR('',#10786,1.);
#10786 = DIRECTION('',(0.173648177667,-0.984807753012,0.));
#10787 = PCURVE('',#5315,#10788);
#10788 = DEFINITIONAL_REPRESENTATION('',(#10789),#10793);
#10789 = LINE('',#10790,#10791);
#10790 = CARTESIAN_POINT('',(0.,0.));
#10791 = VECTOR('',#10792,1.);
#10792 = DIRECTION('',(1.,0.));
#10793 = ( GEOMETRIC_REPRESENTATION_CONTEXT(2)
PARAMETRIC_REPRESENTATION_CONTEXT() REPRESENTATION_CONTEXT('2D SPACE',''
  ) );
#10794 = PCURVE('',#5475,#10795);
#10795 = DEFINITIONAL_REPRESENTATION('',(#10796),#10800);
#10796 = LINE('',#10797,#10798);
#10797 = CARTESIAN_POINT('',(0.,0.));
#10798 = VECTOR('',#10799,1.);
#10799 = DIRECTION('',(0.,1.));
#10800 = ( GEOMETRIC_REPRESENTATION_CONTEXT(2)
PARAMETRIC_REPRESENTATION_CONTEXT() REPRESENTATION_CONTEXT('2D SPACE',''
  ) );
#10801 = ORIENTED_EDGE('',*,*,#10802,.T.);
#10802 = EDGE_CURVE('',#10780,#10648,#10803,.T.);
#10803 = SURFACE_CURVE('',#10804,(#10808,#10815),.PCURVE_S1.);
#10804 = LINE('',#10805,#10806);
#10805 = CARTESIAN_POINT('',(3.459556038617,-37.97619818077,0.));
#10806 = VECTOR('',#10807,1.);
#10807 = DIRECTION('',(0.984807753012,0.173648177667,0.));
#10808 = PCURVE('',#5315,#10809);
#10809 = DEFINITIONAL_REPRESENTATION('',(#10810),#10814);
#10810 = LINE('',#10811,#10812);
#10811 = CARTESIAN_POINT('',(9.75,4.440892098501E-16));
#10812 = VECTOR('',#10813,1.);
#10813 = DIRECTION('',(0.,1.));
#10814 = ( GEOMETRIC_REPRESENTATION_CONTEXT(2)
PARAMETRIC_REPRESENTATION_CONTEXT() REPRESENTATION_CONTEXT('2D SPACE',''
  ) );
#10815 = PCURVE('',#10713,#10816);
#10816 = DEFINITIONAL_REPRESENTATION('',(#10817),#10821);
#10817 = LINE('',#10818,#10819);
#10818 = CARTESIAN_POINT('',(0.,0.));
#10819 = VECTOR('',#10820,1.);
#10820 = DIRECTION('',(0.,-1.));
#10821 = ( GEOMETRIC_REPRESENTATION_CONTEXT(2)
PARAMETRIC_REPRESENTATION_CONTEXT() REPRESENTATION_CONTEXT('2D SPACE',''
  ) );
#10822 = ADVANCED_FACE('',(#10823),#5397,.F.);
#10823 = FACE_BOUND('',#10824,.F.);
#10824 = EDGE_LOOP('',(#10825,#10848,#10849,#10877));
#10825 = ORIENTED_EDGE('',*,*,#10826,.F.);
#10826 = EDGE_CURVE('',#2671,#10827,#10829,.T.);
#10827 = VERTEX_POINT('',#10828);
#10828 = CARTESIAN_POINT('',(-3.459556038617,37.976198180777,0.));
#10829 = SURFACE_CURVE('',#10830,(#10834,#10841),.PCURVE_S1.);
#10830 = LINE('',#10831,#10832);
#10831 = CARTESIAN_POINT('',(-1.766486306364,28.374322588908,0.));
#10832 = VECTOR('',#10833,1.);
#10833 = DIRECTION('',(-0.173648177667,0.984807753012,0.));
#10834 = PCURVE('',#5397,#10835);
#10835 = DEFINITIONAL_REPRESENTATION('',(#10836),#10840);
#10836 = LINE('',#10837,#10838);
#10837 = CARTESIAN_POINT('',(0.,0.));
#10838 = VECTOR('',#10839,1.);
#10839 = DIRECTION('',(0.,1.));
#10840 = ( GEOMETRIC_REPRESENTATION_CONTEXT(2)
PARAMETRIC_REPRESENTATION_CONTEXT() REPRESENTATION_CONTEXT('2D SPACE',''
  ) );
#10841 = PCURVE('',#5504,#10842);
#10842 = DEFINITIONAL_REPRESENTATION('',(#10843),#10847);
#10843 = LINE('',#10844,#10845);
#10844 = CARTESIAN_POINT('',(0.,0.));
#10845 = VECTOR('',#10846,1.);
#10846 = DIRECTION('',(1.,0.));
#10847 = ( GEOMETRIC_REPRESENTATION_CONTEXT(2)
PARAMETRIC_REPRESENTATION_CONTEXT() REPRESENTATION_CONTEXT('2D SPACE',''
  ) );
#10848 = ORIENTED_EDGE('',*,*,#5384,.T.);
#10849 = ORIENTED_EDGE('',*,*,#10850,.T.);
#10850 = EDGE_CURVE('',#5336,#10851,#10853,.T.);
#10851 = VERTEX_POINT('',#10852);
#10852 = CARTESIAN_POINT('',(-3.459556038617,37.976198180777,8.));
#10853 = SURFACE_CURVE('',#10854,(#10858,#10865),.PCURVE_S1.);
#10854 = LINE('',#10855,#10856);
#10855 = CARTESIAN_POINT('',(-1.766486306364,28.374322588908,8.));
#10856 = VECTOR('',#10857,1.);
#10857 = DIRECTION('',(-0.173648177667,0.984807753012,0.));
#10858 = PCURVE('',#5397,#10859);
#10859 = DEFINITIONAL_REPRESENTATION('',(#10860),#10864);
#10860 = LINE('',#10861,#10862);
#10861 = CARTESIAN_POINT('',(8.,0.));
#10862 = VECTOR('',#10863,1.);
#10863 = DIRECTION('',(0.,1.));
#10864 = ( GEOMETRIC_REPRESENTATION_CONTEXT(2)
PARAMETRIC_REPRESENTATION_CONTEXT() REPRESENTATION_CONTEXT('2D SPACE',''
  ) );
#10865 = PCURVE('',#10866,#10871);
#10866 = PLANE('',#10867);
#10867 = AXIS2_PLACEMENT_3D('',#10868,#10869,#10870);
#10868 = CARTESIAN_POINT('',(-1.766486306364,28.374322588908,8.));
#10869 = DIRECTION('',(0.,0.,1.));
#10870 = DIRECTION('',(-0.173648177667,0.984807753012,0.));
#10871 = DEFINITIONAL_REPRESENTATION('',(#10872),#10876);
#10872 = LINE('',#10873,#10874);
#10873 = CARTESIAN_POINT('',(0.,0.));
#10874 = VECTOR('',#10875,1.);
#10875 = DIRECTION('',(1.,0.));
#10876 = ( GEOMETRIC_REPRESENTATION_CONTEXT(2)
PARAMETRIC_REPRESENTATION_CONTEXT() REPRESENTATION_CONTEXT('2D SPACE',''
  ) );
#10877 = ORIENTED_EDGE('',*,*,#10878,.F.);
#10878 = EDGE_CURVE('',#10827,#10851,#10879,.T.);
#10879 = SURFACE_CURVE('',#10880,(#10884,#10891),.PCURVE_S1.);
#10880 = LINE('',#10881,#10882);
#10881 = CARTESIAN_POINT('',(-3.459556038617,37.976198180777,0.));
#10882 = VECTOR('',#10883,1.);
#10883 = DIRECTION('',(0.,0.,1.));
#10884 = PCURVE('',#5397,#10885);
#10885 = DEFINITIONAL_REPRESENTATION('',(#10886),#10890);
#10886 = LINE('',#10887,#10888);
#10887 = CARTESIAN_POINT('',(0.,9.75));
#10888 = VECTOR('',#10889,1.);
#10889 = DIRECTION('',(1.,0.));
#10890 = ( GEOMETRIC_REPRESENTATION_CONTEXT(2)
PARAMETRIC_REPRESENTATION_CONTEXT() REPRESENTATION_CONTEXT('2D SPACE',''
  ) );
#10891 = PCURVE('',#10892,#10897);
#10892 = PLANE('',#10893);
#10893 = AXIS2_PLACEMENT_3D('',#10894,#10895,#10896);
#10894 = CARTESIAN_POINT('',(-3.459556038617,37.976198180777,0.));
#10895 = DIRECTION('',(-0.173648177667,0.984807753012,0.));
#10896 = DIRECTION('',(0.,0.,1.));
#10897 = DEFINITIONAL_REPRESENTATION('',(#10898),#10902);
#10898 = LINE('',#10899,#10900);
#10899 = CARTESIAN_POINT('',(0.,0.));
#10900 = VECTOR('',#10901,1.);
#10901 = DIRECTION('',(1.,0.));
#10902 = ( GEOMETRIC_REPRESENTATION_CONTEXT(2)
PARAMETRIC_REPRESENTATION_CONTEXT() REPRESENTATION_CONTEXT('2D SPACE',''
  ) );
#10903 = ADVANCED_FACE('',(#10904),#5372,.T.);
#10904 = FACE_BOUND('',#10905,.T.);
#10905 = EDGE_LOOP('',(#10906,#10907,#10908,#10931));
#10906 = ORIENTED_EDGE('',*,*,#10728,.F.);
#10907 = ORIENTED_EDGE('',*,*,#5359,.T.);
#10908 = ORIENTED_EDGE('',*,*,#10909,.T.);
#10909 = EDGE_CURVE('',#5334,#10910,#10912,.T.);
#10910 = VERTEX_POINT('',#10911);
#10911 = CARTESIAN_POINT('',(3.459556038617,37.976198180777,8.));
#10912 = SURFACE_CURVE('',#10913,(#10917,#10924),.PCURVE_S1.);
#10913 = LINE('',#10914,#10915);
#10914 = CARTESIAN_POINT('',(1.766486306364,28.374322588908,8.));
#10915 = VECTOR('',#10916,1.);
#10916 = DIRECTION('',(0.173648177667,0.984807753012,0.));
#10917 = PCURVE('',#5372,#10918);
#10918 = DEFINITIONAL_REPRESENTATION('',(#10919),#10923);
#10919 = LINE('',#10920,#10921);
#10920 = CARTESIAN_POINT('',(8.,0.));
#10921 = VECTOR('',#10922,1.);
#10922 = DIRECTION('',(0.,1.));
#10923 = ( GEOMETRIC_REPRESENTATION_CONTEXT(2)
PARAMETRIC_REPRESENTATION_CONTEXT() REPRESENTATION_CONTEXT('2D SPACE',''
  ) );
#10924 = PCURVE('',#10508,#10925);
#10925 = DEFINITIONAL_REPRESENTATION('',(#10926),#10930);
#10926 = LINE('',#10927,#10928);
#10927 = CARTESIAN_POINT('',(2.442490654175E-15,6.375));
#10928 = VECTOR('',#10929,1.);
#10929 = DIRECTION('',(1.,0.));
#10930 = ( GEOMETRIC_REPRESENTATION_CONTEXT(2)
PARAMETRIC_REPRESENTATION_CONTEXT() REPRESENTATION_CONTEXT('2D SPACE',''
  ) );
#10931 = ORIENTED_EDGE('',*,*,#10932,.F.);
#10932 = EDGE_CURVE('',#10729,#10910,#10933,.T.);
#10933 = SURFACE_CURVE('',#10934,(#10938,#10945),.PCURVE_S1.);
#10934 = LINE('',#10935,#10936);
#10935 = CARTESIAN_POINT('',(3.459556038617,37.976198180777,0.));
#10936 = VECTOR('',#10937,1.);
#10937 = DIRECTION('',(0.,0.,1.));
#10938 = PCURVE('',#5372,#10939);
#10939 = DEFINITIONAL_REPRESENTATION('',(#10940),#10944);
#10940 = LINE('',#10941,#10942);
#10941 = CARTESIAN_POINT('',(0.,9.75));
#10942 = VECTOR('',#10943,1.);
#10943 = DIRECTION('',(1.,0.));
#10944 = ( GEOMETRIC_REPRESENTATION_CONTEXT(2)
PARAMETRIC_REPRESENTATION_CONTEXT() REPRESENTATION_CONTEXT('2D SPACE',''
  ) );
#10945 = PCURVE('',#10534,#10946);
#10946 = DEFINITIONAL_REPRESENTATION('',(#10947),#10951);
#10947 = LINE('',#10948,#10949);
#10948 = CARTESIAN_POINT('',(0.,-6.375));
#10949 = VECTOR('',#10950,1.);
#10950 = DIRECTION('',(1.,0.));
#10951 = ( GEOMETRIC_REPRESENTATION_CONTEXT(2)
PARAMETRIC_REPRESENTATION_CONTEXT() REPRESENTATION_CONTEXT('2D SPACE',''
  ) );
#10952 = ADVANCED_FACE('',(#10953),#5475,.F.);
#10953 = FACE_BOUND('',#10954,.F.);
#10954 = EDGE_LOOP('',(#10955,#10956,#10957,#10980));
#10955 = ORIENTED_EDGE('',*,*,#10779,.F.);
#10956 = ORIENTED_EDGE('',*,*,#5462,.T.);
#10957 = ORIENTED_EDGE('',*,*,#10958,.T.);
#10958 = EDGE_CURVE('',#5414,#10959,#10961,.T.);
#10959 = VERTEX_POINT('',#10960);
#10960 = CARTESIAN_POINT('',(3.459556038617,-37.97619818077,8.));
#10961 = SURFACE_CURVE('',#10962,(#10966,#10973),.PCURVE_S1.);
#10962 = LINE('',#10963,#10964);
#10963 = CARTESIAN_POINT('',(1.766486306364,-28.3743225889,8.));
#10964 = VECTOR('',#10965,1.);
#10965 = DIRECTION('',(0.173648177667,-0.984807753012,0.));
#10966 = PCURVE('',#5475,#10967);
#10967 = DEFINITIONAL_REPRESENTATION('',(#10968),#10972);
#10968 = LINE('',#10969,#10970);
#10969 = CARTESIAN_POINT('',(8.,0.));
#10970 = VECTOR('',#10971,1.);
#10971 = DIRECTION('',(0.,1.));
#10972 = ( GEOMETRIC_REPRESENTATION_CONTEXT(2)
PARAMETRIC_REPRESENTATION_CONTEXT() REPRESENTATION_CONTEXT('2D SPACE',''
  ) );
#10973 = PCURVE('',#10687,#10974);
#10974 = DEFINITIONAL_REPRESENTATION('',(#10975),#10979);
#10975 = LINE('',#10976,#10977);
#10976 = CARTESIAN_POINT('',(0.,0.));
#10977 = VECTOR('',#10978,1.);
#10978 = DIRECTION('',(1.,0.));
#10979 = ( GEOMETRIC_REPRESENTATION_CONTEXT(2)
PARAMETRIC_REPRESENTATION_CONTEXT() REPRESENTATION_CONTEXT('2D SPACE',''
  ) );
#10980 = ORIENTED_EDGE('',*,*,#10981,.F.);
#10981 = EDGE_CURVE('',#10780,#10959,#10982,.T.);
#10982 = SURFACE_CURVE('',#10983,(#10987,#10994),.PCURVE_S1.);
#10983 = LINE('',#10984,#10985);
#10984 = CARTESIAN_POINT('',(3.459556038617,-37.97619818077,0.));
#10985 = VECTOR('',#10986,1.);
#10986 = DIRECTION('',(0.,0.,1.));
#10987 = PCURVE('',#5475,#10988);
#10988 = DEFINITIONAL_REPRESENTATION('',(#10989),#10993);
#10989 = LINE('',#10990,#10991);
#10990 = CARTESIAN_POINT('',(0.,9.75));
#10991 = VECTOR('',#10992,1.);
#10992 = DIRECTION('',(1.,0.));
#10993 = ( GEOMETRIC_REPRESENTATION_CONTEXT(2)
PARAMETRIC_REPRESENTATION_CONTEXT() REPRESENTATION_CONTEXT('2D SPACE',''
  ) );
#10994 = PCURVE('',#10713,#10995);
#10995 = DEFINITIONAL_REPRESENTATION('',(#10996),#11000);
#10996 = LINE('',#10997,#10998);
#10997 = CARTESIAN_POINT('',(0.,0.));
#10998 = VECTOR('',#10999,1.);
#10999 = DIRECTION('',(1.,0.));
#11000 = ( GEOMETRIC_REPRESENTATION_CONTEXT(2)
PARAMETRIC_REPRESENTATION_CONTEXT() REPRESENTATION_CONTEXT('2D SPACE',''
  ) );
#11001 = ADVANCED_FACE('',(#11002),#5450,.T.);
#11002 = FACE_BOUND('',#11003,.T.);
#11003 = EDGE_LOOP('',(#11004,#11027,#11028,#11056));
#11004 = ORIENTED_EDGE('',*,*,#11005,.F.);
#11005 = EDGE_CURVE('',#3575,#11006,#11008,.T.);
#11006 = VERTEX_POINT('',#11007);
#11007 = CARTESIAN_POINT('',(-3.459556038617,-37.97619818077,0.));
#11008 = SURFACE_CURVE('',#11009,(#11013,#11020),.PCURVE_S1.);
#11009 = LINE('',#11010,#11011);
#11010 = CARTESIAN_POINT('',(-1.766486306364,-28.3743225889,0.));
#11011 = VECTOR('',#11012,1.);
#11012 = DIRECTION('',(-0.173648177667,-0.984807753012,0.));
#11013 = PCURVE('',#5450,#11014);
#11014 = DEFINITIONAL_REPRESENTATION('',(#11015),#11019);
#11015 = LINE('',#11016,#11017);
#11016 = CARTESIAN_POINT('',(0.,0.));
#11017 = VECTOR('',#11018,1.);
#11018 = DIRECTION('',(0.,1.));
#11019 = ( GEOMETRIC_REPRESENTATION_CONTEXT(2)
PARAMETRIC_REPRESENTATION_CONTEXT() REPRESENTATION_CONTEXT('2D SPACE',''
  ) );
#11020 = PCURVE('',#5537,#11021);
#11021 = DEFINITIONAL_REPRESENTATION('',(#11022),#11026);
#11022 = LINE('',#11023,#11024);
#11023 = CARTESIAN_POINT('',(3.10862446895E-15,6.375));
#11024 = VECTOR('',#11025,1.);
#11025 = DIRECTION('',(1.,0.));
#11026 = ( GEOMETRIC_REPRESENTATION_CONTEXT(2)
PARAMETRIC_REPRESENTATION_CONTEXT() REPRESENTATION_CONTEXT('2D SPACE',''
  ) );
#11027 = ORIENTED_EDGE('',*,*,#5437,.T.);
#11028 = ORIENTED_EDGE('',*,*,#11029,.T.);
#11029 = EDGE_CURVE('',#5412,#11030,#11032,.T.);
#11030 = VERTEX_POINT('',#11031);
#11031 = CARTESIAN_POINT('',(-3.459556038617,-37.97619818077,8.));
#11032 = SURFACE_CURVE('',#11033,(#11037,#11044),.PCURVE_S1.);
#11033 = LINE('',#11034,#11035);
#11034 = CARTESIAN_POINT('',(-1.766486306364,-28.3743225889,8.));
#11035 = VECTOR('',#11036,1.);
#11036 = DIRECTION('',(-0.173648177667,-0.984807753012,0.));
#11037 = PCURVE('',#5450,#11038);
#11038 = DEFINITIONAL_REPRESENTATION('',(#11039),#11043);
#11039 = LINE('',#11040,#11041);
#11040 = CARTESIAN_POINT('',(8.,0.));
#11041 = VECTOR('',#11042,1.);
#11042 = DIRECTION('',(0.,1.));
#11043 = ( GEOMETRIC_REPRESENTATION_CONTEXT(2)
PARAMETRIC_REPRESENTATION_CONTEXT() REPRESENTATION_CONTEXT('2D SPACE',''
  ) );
#11044 = PCURVE('',#11045,#11050);
#11045 = PLANE('',#11046);
#11046 = AXIS2_PLACEMENT_3D('',#11047,#11048,#11049);
#11047 = CARTESIAN_POINT('',(-8.044635731817,-27.26731545628,8.));
#11048 = DIRECTION('',(0.,0.,1.));
#11049 = DIRECTION('',(-0.173648177667,-0.984807753012,0.));
#11050 = DEFINITIONAL_REPRESENTATION('',(#11051),#11055);
#11051 = LINE('',#11052,#11053);
#11052 = CARTESIAN_POINT('',(3.10862446895E-15,6.375));
#11053 = VECTOR('',#11054,1.);
#11054 = DIRECTION('',(1.,0.));
#11055 = ( GEOMETRIC_REPRESENTATION_CONTEXT(2)
PARAMETRIC_REPRESENTATION_CONTEXT() REPRESENTATION_CONTEXT('2D SPACE',''
  ) );
#11056 = ORIENTED_EDGE('',*,*,#11057,.F.);
#11057 = EDGE_CURVE('',#11006,#11030,#11058,.T.);
#11058 = SURFACE_CURVE('',#11059,(#11063,#11070),.PCURVE_S1.);
#11059 = LINE('',#11060,#11061);
#11060 = CARTESIAN_POINT('',(-3.459556038617,-37.97619818077,0.));
#11061 = VECTOR('',#11062,1.);
#11062 = DIRECTION('',(0.,0.,1.));
#11063 = PCURVE('',#5450,#11064);
#11064 = DEFINITIONAL_REPRESENTATION('',(#11065),#11069);
#11065 = LINE('',#11066,#11067);
#11066 = CARTESIAN_POINT('',(0.,9.75));
#11067 = VECTOR('',#11068,1.);
#11068 = DIRECTION('',(1.,0.));
#11069 = ( GEOMETRIC_REPRESENTATION_CONTEXT(2)
PARAMETRIC_REPRESENTATION_CONTEXT() REPRESENTATION_CONTEXT('2D SPACE',''
  ) );
#11070 = PCURVE('',#11071,#11076);
#11071 = PLANE('',#11072);
#11072 = AXIS2_PLACEMENT_3D('',#11073,#11074,#11075);
#11073 = CARTESIAN_POINT('',(-9.73770546407,-36.86919104815,0.));
#11074 = DIRECTION('',(-0.173648177667,-0.984807753012,0.));
#11075 = DIRECTION('',(0.,0.,1.));
#11076 = DEFINITIONAL_REPRESENTATION('',(#11077),#11081);
#11077 = LINE('',#11078,#11079);
#11078 = CARTESIAN_POINT('',(0.,-6.375));
#11079 = VECTOR('',#11080,1.);
#11080 = DIRECTION('',(1.,0.));
#11081 = ( GEOMETRIC_REPRESENTATION_CONTEXT(2)
PARAMETRIC_REPRESENTATION_CONTEXT() REPRESENTATION_CONTEXT('2D SPACE',''
  ) );
#11082 = ADVANCED_FACE('',(#11083),#5504,.F.);
#11083 = FACE_BOUND('',#11084,.F.);
#11084 = EDGE_LOOP('',(#11085,#11108,#11109,#11110));
#11085 = ORIENTED_EDGE('',*,*,#11086,.F.);
#11086 = EDGE_CURVE('',#2751,#11087,#11089,.T.);
#11087 = VERTEX_POINT('',#11088);
#11088 = CARTESIAN_POINT('',(-9.73770546407,36.869191048151,0.));
#11089 = SURFACE_CURVE('',#11090,(#11094,#11101),.PCURVE_S1.);
#11090 = LINE('',#11091,#11092);
#11091 = CARTESIAN_POINT('',(-8.044635731817,27.267315456282,0.));
#11092 = VECTOR('',#11093,1.);
#11093 = DIRECTION('',(-0.173648177667,0.984807753012,0.));
#11094 = PCURVE('',#5504,#11095);
#11095 = DEFINITIONAL_REPRESENTATION('',(#11096),#11100);
#11096 = LINE('',#11097,#11098);
#11097 = CARTESIAN_POINT('',(-3.10862446895E-15,6.375));
#11098 = VECTOR('',#11099,1.);
#11099 = DIRECTION('',(1.,0.));
#11100 = ( GEOMETRIC_REPRESENTATION_CONTEXT(2)
PARAMETRIC_REPRESENTATION_CONTEXT() REPRESENTATION_CONTEXT('2D SPACE',''
  ) );
#11101 = PCURVE('',#5594,#11102);
#11102 = DEFINITIONAL_REPRESENTATION('',(#11103),#11107);
#11103 = LINE('',#11104,#11105);
#11104 = CARTESIAN_POINT('',(0.,0.));
#11105 = VECTOR('',#11106,1.);
#11106 = DIRECTION('',(0.,1.));
#11107 = ( GEOMETRIC_REPRESENTATION_CONTEXT(2)
PARAMETRIC_REPRESENTATION_CONTEXT() REPRESENTATION_CONTEXT('2D SPACE',''
  ) );
#11108 = ORIENTED_EDGE('',*,*,#5489,.F.);
#11109 = ORIENTED_EDGE('',*,*,#10826,.T.);
#11110 = ORIENTED_EDGE('',*,*,#11111,.T.);
#11111 = EDGE_CURVE('',#10827,#11087,#11112,.T.);
#11112 = SURFACE_CURVE('',#11113,(#11117,#11124),.PCURVE_S1.);
#11113 = LINE('',#11114,#11115);
#11114 = CARTESIAN_POINT('',(-3.459556038617,37.976198180777,0.));
#11115 = VECTOR('',#11116,1.);
#11116 = DIRECTION('',(-0.984807753012,-0.173648177667,0.));
#11117 = PCURVE('',#5504,#11118);
#11118 = DEFINITIONAL_REPRESENTATION('',(#11119),#11123);
#11119 = LINE('',#11120,#11121);
#11120 = CARTESIAN_POINT('',(9.75,4.440892098501E-16));
#11121 = VECTOR('',#11122,1.);
#11122 = DIRECTION('',(0.,1.));
#11123 = ( GEOMETRIC_REPRESENTATION_CONTEXT(2)
PARAMETRIC_REPRESENTATION_CONTEXT() REPRESENTATION_CONTEXT('2D SPACE',''
  ) );
#11124 = PCURVE('',#10892,#11125);
#11125 = DEFINITIONAL_REPRESENTATION('',(#11126),#11130);
#11126 = LINE('',#11127,#11128);
#11127 = CARTESIAN_POINT('',(0.,0.));
#11128 = VECTOR('',#11129,1.);
#11129 = DIRECTION('',(0.,-1.));
#11130 = ( GEOMETRIC_REPRESENTATION_CONTEXT(2)
PARAMETRIC_REPRESENTATION_CONTEXT() REPRESENTATION_CONTEXT('2D SPACE',''
  ) );
#11131 = ADVANCED_FACE('',(#11132),#5537,.F.);
#11132 = FACE_BOUND('',#11133,.F.);
#11133 = EDGE_LOOP('',(#11134,#11135,#11136,#11159));
#11134 = ORIENTED_EDGE('',*,*,#11005,.F.);
#11135 = ORIENTED_EDGE('',*,*,#5522,.F.);
#11136 = ORIENTED_EDGE('',*,*,#11137,.T.);
#11137 = EDGE_CURVE('',#3495,#11138,#11140,.T.);
#11138 = VERTEX_POINT('',#11139);
#11139 = CARTESIAN_POINT('',(-9.73770546407,-36.86919104815,0.));
#11140 = SURFACE_CURVE('',#11141,(#11145,#11152),.PCURVE_S1.);
#11141 = LINE('',#11142,#11143);
#11142 = CARTESIAN_POINT('',(-8.044635731817,-27.26731545628,0.));
#11143 = VECTOR('',#11144,1.);
#11144 = DIRECTION('',(-0.173648177667,-0.984807753012,0.));
#11145 = PCURVE('',#5537,#11146);
#11146 = DEFINITIONAL_REPRESENTATION('',(#11147),#11151);
#11147 = LINE('',#11148,#11149);
#11148 = CARTESIAN_POINT('',(0.,0.));
#11149 = VECTOR('',#11150,1.);
#11150 = DIRECTION('',(1.,0.));
#11151 = ( GEOMETRIC_REPRESENTATION_CONTEXT(2)
PARAMETRIC_REPRESENTATION_CONTEXT() REPRESENTATION_CONTEXT('2D SPACE',''
  ) );
#11152 = PCURVE('',#5697,#11153);
#11153 = DEFINITIONAL_REPRESENTATION('',(#11154),#11158);
#11154 = LINE('',#11155,#11156);
#11155 = CARTESIAN_POINT('',(0.,0.));
#11156 = VECTOR('',#11157,1.);
#11157 = DIRECTION('',(0.,1.));
#11158 = ( GEOMETRIC_REPRESENTATION_CONTEXT(2)
PARAMETRIC_REPRESENTATION_CONTEXT() REPRESENTATION_CONTEXT('2D SPACE',''
  ) );
#11159 = ORIENTED_EDGE('',*,*,#11160,.T.);
#11160 = EDGE_CURVE('',#11138,#11006,#11161,.T.);
#11161 = SURFACE_CURVE('',#11162,(#11166,#11173),.PCURVE_S1.);
#11162 = LINE('',#11163,#11164);
#11163 = CARTESIAN_POINT('',(-9.73770546407,-36.86919104815,0.));
#11164 = VECTOR('',#11165,1.);
#11165 = DIRECTION('',(0.984807753012,-0.173648177667,0.));
#11166 = PCURVE('',#5537,#11167);
#11167 = DEFINITIONAL_REPRESENTATION('',(#11168),#11172);
#11168 = LINE('',#11169,#11170);
#11169 = CARTESIAN_POINT('',(9.75,8.881784197001E-16));
#11170 = VECTOR('',#11171,1.);
#11171 = DIRECTION('',(0.,1.));
#11172 = ( GEOMETRIC_REPRESENTATION_CONTEXT(2)
PARAMETRIC_REPRESENTATION_CONTEXT() REPRESENTATION_CONTEXT('2D SPACE',''
  ) );
#11173 = PCURVE('',#11071,#11174);
#11174 = DEFINITIONAL_REPRESENTATION('',(#11175),#11179);
#11175 = LINE('',#11176,#11177);
#11176 = CARTESIAN_POINT('',(0.,0.));
#11177 = VECTOR('',#11178,1.);
#11178 = DIRECTION('',(0.,-1.));
#11179 = ( GEOMETRIC_REPRESENTATION_CONTEXT(2)
PARAMETRIC_REPRESENTATION_CONTEXT() REPRESENTATION_CONTEXT('2D SPACE',''
  ) );
#11180 = ADVANCED_FACE('',(#11181),#5619,.F.);
#11181 = FACE_BOUND('',#11182,.F.);
#11182 = EDGE_LOOP('',(#11183,#11206,#11207,#11235));
#11183 = ORIENTED_EDGE('',*,*,#11184,.F.);
#11184 = EDGE_CURVE('',#2774,#11185,#11187,.T.);
#11185 = VERTEX_POINT('',#11186);
#11186 = CARTESIAN_POINT('',(-16.23954402543,34.502715343809,0.));
#11187 = SURFACE_CURVE('',#11188,(#11192,#11199),.PCURVE_S1.);
#11188 = LINE('',#11189,#11190);
#11189 = CARTESIAN_POINT('',(-11.36454402543,26.05896765691,0.));
#11190 = VECTOR('',#11191,1.);
#11191 = DIRECTION('',(-0.5,0.866025403784,0.));
#11192 = PCURVE('',#5619,#11193);
#11193 = DEFINITIONAL_REPRESENTATION('',(#11194),#11198);
#11194 = LINE('',#11195,#11196);
#11195 = CARTESIAN_POINT('',(0.,0.));
#11196 = VECTOR('',#11197,1.);
#11197 = DIRECTION('',(0.,1.));
#11198 = ( GEOMETRIC_REPRESENTATION_CONTEXT(2)
PARAMETRIC_REPRESENTATION_CONTEXT() REPRESENTATION_CONTEXT('2D SPACE',''
  ) );
#11199 = PCURVE('',#5726,#11200);
#11200 = DEFINITIONAL_REPRESENTATION('',(#11201),#11205);
#11201 = LINE('',#11202,#11203);
#11202 = CARTESIAN_POINT('',(0.,0.));
#11203 = VECTOR('',#11204,1.);
#11204 = DIRECTION('',(1.,0.));
#11205 = ( GEOMETRIC_REPRESENTATION_CONTEXT(2)
PARAMETRIC_REPRESENTATION_CONTEXT() REPRESENTATION_CONTEXT('2D SPACE',''
  ) );
#11206 = ORIENTED_EDGE('',*,*,#5606,.T.);
#11207 = ORIENTED_EDGE('',*,*,#11208,.T.);
#11208 = EDGE_CURVE('',#5558,#11209,#11211,.T.);
#11209 = VERTEX_POINT('',#11210);
#11210 = CARTESIAN_POINT('',(-16.23954402543,34.502715343809,8.));
#11211 = SURFACE_CURVE('',#11212,(#11216,#11223),.PCURVE_S1.);
#11212 = LINE('',#11213,#11214);
#11213 = CARTESIAN_POINT('',(-11.36454402543,26.05896765691,8.));
#11214 = VECTOR('',#11215,1.);
#11215 = DIRECTION('',(-0.5,0.866025403784,0.));
#11216 = PCURVE('',#5619,#11217);
#11217 = DEFINITIONAL_REPRESENTATION('',(#11218),#11222);
#11218 = LINE('',#11219,#11220);
#11219 = CARTESIAN_POINT('',(8.,0.));
#11220 = VECTOR('',#11221,1.);
#11221 = DIRECTION('',(0.,1.));
#11222 = ( GEOMETRIC_REPRESENTATION_CONTEXT(2)
PARAMETRIC_REPRESENTATION_CONTEXT() REPRESENTATION_CONTEXT('2D SPACE',''
  ) );
#11223 = PCURVE('',#11224,#11229);
#11224 = PLANE('',#11225);
#11225 = AXIS2_PLACEMENT_3D('',#11226,#11227,#11228);
#11226 = CARTESIAN_POINT('',(-11.36454402543,26.05896765691,8.));
#11227 = DIRECTION('',(0.,0.,1.));
#11228 = DIRECTION('',(-0.5,0.866025403784,0.));
#11229 = DEFINITIONAL_REPRESENTATION('',(#11230),#11234);
#11230 = LINE('',#11231,#11232);
#11231 = CARTESIAN_POINT('',(0.,0.));
#11232 = VECTOR('',#11233,1.);
#11233 = DIRECTION('',(1.,0.));
#11234 = ( GEOMETRIC_REPRESENTATION_CONTEXT(2)
PARAMETRIC_REPRESENTATION_CONTEXT() REPRESENTATION_CONTEXT('2D SPACE',''
  ) );
#11235 = ORIENTED_EDGE('',*,*,#11236,.F.);
#11236 = EDGE_CURVE('',#11185,#11209,#11237,.T.);
#11237 = SURFACE_CURVE('',#11238,(#11242,#11249),.PCURVE_S1.);
#11238 = LINE('',#11239,#11240);
#11239 = CARTESIAN_POINT('',(-16.23954402543,34.502715343809,0.));
#11240 = VECTOR('',#11241,1.);
#11241 = DIRECTION('',(0.,0.,1.));
#11242 = PCURVE('',#5619,#11243);
#11243 = DEFINITIONAL_REPRESENTATION('',(#11244),#11248);
#11244 = LINE('',#11245,#11246);
#11245 = CARTESIAN_POINT('',(0.,9.75));
#11246 = VECTOR('',#11247,1.);
#11247 = DIRECTION('',(1.,0.));
#11248 = ( GEOMETRIC_REPRESENTATION_CONTEXT(2)
PARAMETRIC_REPRESENTATION_CONTEXT() REPRESENTATION_CONTEXT('2D SPACE',''
  ) );
#11249 = PCURVE('',#11250,#11255);
#11250 = PLANE('',#11251);
#11251 = AXIS2_PLACEMENT_3D('',#11252,#11253,#11254);
#11252 = CARTESIAN_POINT('',(-16.23954402543,34.502715343809,0.));
#11253 = DIRECTION('',(-0.5,0.866025403784,0.));
#11254 = DIRECTION('',(0.,0.,1.));
#11255 = DEFINITIONAL_REPRESENTATION('',(#11256),#11260);
#11256 = LINE('',#11257,#11258);
#11257 = CARTESIAN_POINT('',(0.,0.));
#11258 = VECTOR('',#11259,1.);
#11259 = DIRECTION('',(1.,0.));
#11260 = ( GEOMETRIC_REPRESENTATION_CONTEXT(2)
PARAMETRIC_REPRESENTATION_CONTEXT() REPRESENTATION_CONTEXT('2D SPACE',''
  ) );
#11261 = ADVANCED_FACE('',(#11262),#5594,.T.);
#11262 = FACE_BOUND('',#11263,.T.);
#11263 = EDGE_LOOP('',(#11264,#11265,#11266,#11289));
#11264 = ORIENTED_EDGE('',*,*,#11086,.F.);
#11265 = ORIENTED_EDGE('',*,*,#5581,.T.);
#11266 = ORIENTED_EDGE('',*,*,#11267,.T.);
#11267 = EDGE_CURVE('',#5556,#11268,#11270,.T.);
#11268 = VERTEX_POINT('',#11269);
#11269 = CARTESIAN_POINT('',(-9.73770546407,36.869191048151,8.));
#11270 = SURFACE_CURVE('',#11271,(#11275,#11282),.PCURVE_S1.);
#11271 = LINE('',#11272,#11273);
#11272 = CARTESIAN_POINT('',(-8.044635731817,27.267315456282,8.));
#11273 = VECTOR('',#11274,1.);
#11274 = DIRECTION('',(-0.173648177667,0.984807753012,0.));
#11275 = PCURVE('',#5594,#11276);
#11276 = DEFINITIONAL_REPRESENTATION('',(#11277),#11281);
#11277 = LINE('',#11278,#11279);
#11278 = CARTESIAN_POINT('',(8.,0.));
#11279 = VECTOR('',#11280,1.);
#11280 = DIRECTION('',(0.,1.));
#11281 = ( GEOMETRIC_REPRESENTATION_CONTEXT(2)
PARAMETRIC_REPRESENTATION_CONTEXT() REPRESENTATION_CONTEXT('2D SPACE',''
  ) );
#11282 = PCURVE('',#10866,#11283);
#11283 = DEFINITIONAL_REPRESENTATION('',(#11284),#11288);
#11284 = LINE('',#11285,#11286);
#11285 = CARTESIAN_POINT('',(-3.10862446895E-15,6.375));
#11286 = VECTOR('',#11287,1.);
#11287 = DIRECTION('',(1.,0.));
#11288 = ( GEOMETRIC_REPRESENTATION_CONTEXT(2)
PARAMETRIC_REPRESENTATION_CONTEXT() REPRESENTATION_CONTEXT('2D SPACE',''
  ) );
#11289 = ORIENTED_EDGE('',*,*,#11290,.F.);
#11290 = EDGE_CURVE('',#11087,#11268,#11291,.T.);
#11291 = SURFACE_CURVE('',#11292,(#11296,#11303),.PCURVE_S1.);
#11292 = LINE('',#11293,#11294);
#11293 = CARTESIAN_POINT('',(-9.73770546407,36.869191048151,0.));
#11294 = VECTOR('',#11295,1.);
#11295 = DIRECTION('',(0.,0.,1.));
#11296 = PCURVE('',#5594,#11297);
#11297 = DEFINITIONAL_REPRESENTATION('',(#11298),#11302);
#11298 = LINE('',#11299,#11300);
#11299 = CARTESIAN_POINT('',(0.,9.75));
#11300 = VECTOR('',#11301,1.);
#11301 = DIRECTION('',(1.,0.));
#11302 = ( GEOMETRIC_REPRESENTATION_CONTEXT(2)
PARAMETRIC_REPRESENTATION_CONTEXT() REPRESENTATION_CONTEXT('2D SPACE',''
  ) );
#11303 = PCURVE('',#10892,#11304);
#11304 = DEFINITIONAL_REPRESENTATION('',(#11305),#11309);
#11305 = LINE('',#11306,#11307);
#11306 = CARTESIAN_POINT('',(0.,-6.375));
#11307 = VECTOR('',#11308,1.);
#11308 = DIRECTION('',(1.,0.));
#11309 = ( GEOMETRIC_REPRESENTATION_CONTEXT(2)
PARAMETRIC_REPRESENTATION_CONTEXT() REPRESENTATION_CONTEXT('2D SPACE',''
  ) );
#11310 = ADVANCED_FACE('',(#11311),#5697,.F.);
#11311 = FACE_BOUND('',#11312,.F.);
#11312 = EDGE_LOOP('',(#11313,#11314,#11315,#11338));
#11313 = ORIENTED_EDGE('',*,*,#11137,.F.);
#11314 = ORIENTED_EDGE('',*,*,#5684,.T.);
#11315 = ORIENTED_EDGE('',*,*,#11316,.T.);
#11316 = EDGE_CURVE('',#5636,#11317,#11319,.T.);
#11317 = VERTEX_POINT('',#11318);
#11318 = CARTESIAN_POINT('',(-9.73770546407,-36.86919104815,8.));
#11319 = SURFACE_CURVE('',#11320,(#11324,#11331),.PCURVE_S1.);
#11320 = LINE('',#11321,#11322);
#11321 = CARTESIAN_POINT('',(-8.044635731817,-27.26731545628,8.));
#11322 = VECTOR('',#11323,1.);
#11323 = DIRECTION('',(-0.173648177667,-0.984807753012,0.));
#11324 = PCURVE('',#5697,#11325);
#11325 = DEFINITIONAL_REPRESENTATION('',(#11326),#11330);
#11326 = LINE('',#11327,#11328);
#11327 = CARTESIAN_POINT('',(8.,0.));
#11328 = VECTOR('',#11329,1.);
#11329 = DIRECTION('',(0.,1.));
#11330 = ( GEOMETRIC_REPRESENTATION_CONTEXT(2)
PARAMETRIC_REPRESENTATION_CONTEXT() REPRESENTATION_CONTEXT('2D SPACE',''
  ) );
#11331 = PCURVE('',#11045,#11332);
#11332 = DEFINITIONAL_REPRESENTATION('',(#11333),#11337);
#11333 = LINE('',#11334,#11335);
#11334 = CARTESIAN_POINT('',(0.,0.));
#11335 = VECTOR('',#11336,1.);
#11336 = DIRECTION('',(1.,0.));
#11337 = ( GEOMETRIC_REPRESENTATION_CONTEXT(2)
PARAMETRIC_REPRESENTATION_CONTEXT() REPRESENTATION_CONTEXT('2D SPACE',''
  ) );
#11338 = ORIENTED_EDGE('',*,*,#11339,.F.);
#11339 = EDGE_CURVE('',#11138,#11317,#11340,.T.);
#11340 = SURFACE_CURVE('',#11341,(#11345,#11352),.PCURVE_S1.);
#11341 = LINE('',#11342,#11343);
#11342 = CARTESIAN_POINT('',(-9.73770546407,-36.86919104815,0.));
#11343 = VECTOR('',#11344,1.);
#11344 = DIRECTION('',(0.,0.,1.));
#11345 = PCURVE('',#5697,#11346);
#11346 = DEFINITIONAL_REPRESENTATION('',(#11347),#11351);
#11347 = LINE('',#11348,#11349);
#11348 = CARTESIAN_POINT('',(0.,9.75));
#11349 = VECTOR('',#11350,1.);
#11350 = DIRECTION('',(1.,0.));
#11351 = ( GEOMETRIC_REPRESENTATION_CONTEXT(2)
PARAMETRIC_REPRESENTATION_CONTEXT() REPRESENTATION_CONTEXT('2D SPACE',''
  ) );
#11352 = PCURVE('',#11071,#11353);
#11353 = DEFINITIONAL_REPRESENTATION('',(#11354),#11358);
#11354 = LINE('',#11355,#11356);
#11355 = CARTESIAN_POINT('',(0.,0.));
#11356 = VECTOR('',#11357,1.);
#11357 = DIRECTION('',(1.,0.));
#11358 = ( GEOMETRIC_REPRESENTATION_CONTEXT(2)
PARAMETRIC_REPRESENTATION_CONTEXT() REPRESENTATION_CONTEXT('2D SPACE',''
  ) );
#11359 = ADVANCED_FACE('',(#11360),#5672,.T.);
#11360 = FACE_BOUND('',#11361,.T.);
#11361 = EDGE_LOOP('',(#11362,#11385,#11386,#11414));
#11362 = ORIENTED_EDGE('',*,*,#11363,.F.);
#11363 = EDGE_CURVE('',#3472,#11364,#11366,.T.);
#11364 = VERTEX_POINT('',#11365);
#11365 = CARTESIAN_POINT('',(-16.23954402543,-34.5027153438,0.));
#11366 = SURFACE_CURVE('',#11367,(#11371,#11378),.PCURVE_S1.);
#11367 = LINE('',#11368,#11369);
#11368 = CARTESIAN_POINT('',(-11.36454402543,-26.05896765691,0.));
#11369 = VECTOR('',#11370,1.);
#11370 = DIRECTION('',(-0.5,-0.866025403784,0.));
#11371 = PCURVE('',#5672,#11372);
#11372 = DEFINITIONAL_REPRESENTATION('',(#11373),#11377);
#11373 = LINE('',#11374,#11375);
#11374 = CARTESIAN_POINT('',(0.,0.));
#11375 = VECTOR('',#11376,1.);
#11376 = DIRECTION('',(0.,1.));
#11377 = ( GEOMETRIC_REPRESENTATION_CONTEXT(2)
PARAMETRIC_REPRESENTATION_CONTEXT() REPRESENTATION_CONTEXT('2D SPACE',''
  ) );
#11378 = PCURVE('',#5759,#11379);
#11379 = DEFINITIONAL_REPRESENTATION('',(#11380),#11384);
#11380 = LINE('',#11381,#11382);
#11381 = CARTESIAN_POINT('',(-2.6645352591E-15,6.375));
#11382 = VECTOR('',#11383,1.);
#11383 = DIRECTION('',(1.,0.));
#11384 = ( GEOMETRIC_REPRESENTATION_CONTEXT(2)
PARAMETRIC_REPRESENTATION_CONTEXT() REPRESENTATION_CONTEXT('2D SPACE',''
  ) );
#11385 = ORIENTED_EDGE('',*,*,#5659,.T.);
#11386 = ORIENTED_EDGE('',*,*,#11387,.T.);
#11387 = EDGE_CURVE('',#5634,#11388,#11390,.T.);
#11388 = VERTEX_POINT('',#11389);
#11389 = CARTESIAN_POINT('',(-16.23954402543,-34.5027153438,8.));
#11390 = SURFACE_CURVE('',#11391,(#11395,#11402),.PCURVE_S1.);
#11391 = LINE('',#11392,#11393);
#11392 = CARTESIAN_POINT('',(-11.36454402543,-26.05896765691,8.));
#11393 = VECTOR('',#11394,1.);
#11394 = DIRECTION('',(-0.5,-0.866025403784,0.));
#11395 = PCURVE('',#5672,#11396);
#11396 = DEFINITIONAL_REPRESENTATION('',(#11397),#11401);
#11397 = LINE('',#11398,#11399);
#11398 = CARTESIAN_POINT('',(8.,0.));
#11399 = VECTOR('',#11400,1.);
#11400 = DIRECTION('',(0.,1.));
#11401 = ( GEOMETRIC_REPRESENTATION_CONTEXT(2)
PARAMETRIC_REPRESENTATION_CONTEXT() REPRESENTATION_CONTEXT('2D SPACE',''
  ) );
#11402 = PCURVE('',#11403,#11408);
#11403 = PLANE('',#11404);
#11404 = AXIS2_PLACEMENT_3D('',#11405,#11406,#11407);
#11405 = CARTESIAN_POINT('',(-16.88545597456,-22.87146765691,8.));
#11406 = DIRECTION('',(0.,0.,1.));
#11407 = DIRECTION('',(-0.5,-0.866025403784,0.));
#11408 = DEFINITIONAL_REPRESENTATION('',(#11409),#11413);
#11409 = LINE('',#11410,#11411);
#11410 = CARTESIAN_POINT('',(-2.6645352591E-15,6.375));
#11411 = VECTOR('',#11412,1.);
#11412 = DIRECTION('',(1.,0.));
#11413 = ( GEOMETRIC_REPRESENTATION_CONTEXT(2)
PARAMETRIC_REPRESENTATION_CONTEXT() REPRESENTATION_CONTEXT('2D SPACE',''
  ) );
#11414 = ORIENTED_EDGE('',*,*,#11415,.F.);
#11415 = EDGE_CURVE('',#11364,#11388,#11416,.T.);
#11416 = SURFACE_CURVE('',#11417,(#11421,#11428),.PCURVE_S1.);
#11417 = LINE('',#11418,#11419);
#11418 = CARTESIAN_POINT('',(-16.23954402543,-34.5027153438,0.));
#11419 = VECTOR('',#11420,1.);
#11420 = DIRECTION('',(0.,0.,1.));
#11421 = PCURVE('',#5672,#11422);
#11422 = DEFINITIONAL_REPRESENTATION('',(#11423),#11427);
#11423 = LINE('',#11424,#11425);
#11424 = CARTESIAN_POINT('',(0.,9.75));
#11425 = VECTOR('',#11426,1.);
#11426 = DIRECTION('',(1.,0.));
#11427 = ( GEOMETRIC_REPRESENTATION_CONTEXT(2)
PARAMETRIC_REPRESENTATION_CONTEXT() REPRESENTATION_CONTEXT('2D SPACE',''
  ) );
#11428 = PCURVE('',#11429,#11434);
#11429 = PLANE('',#11430);
#11430 = AXIS2_PLACEMENT_3D('',#11431,#11432,#11433);
#11431 = CARTESIAN_POINT('',(-21.76045597456,-31.3152153438,0.));
#11432 = DIRECTION('',(-0.5,-0.866025403784,0.));
#11433 = DIRECTION('',(0.,0.,1.));
#11434 = DEFINITIONAL_REPRESENTATION('',(#11435),#11439);
#11435 = LINE('',#11436,#11437);
#11436 = CARTESIAN_POINT('',(0.,-6.375));
#11437 = VECTOR('',#11438,1.);
#11438 = DIRECTION('',(1.,0.));
#11439 = ( GEOMETRIC_REPRESENTATION_CONTEXT(2)
PARAMETRIC_REPRESENTATION_CONTEXT() REPRESENTATION_CONTEXT('2D SPACE',''
  ) );
#11440 = ADVANCED_FACE('',(#11441),#5726,.F.);
#11441 = FACE_BOUND('',#11442,.F.);
#11442 = EDGE_LOOP('',(#11443,#11466,#11467,#11468));
#11443 = ORIENTED_EDGE('',*,*,#11444,.F.);
#11444 = EDGE_CURVE('',#2854,#11445,#11447,.T.);
#11445 = VERTEX_POINT('',#11446);
#11446 = CARTESIAN_POINT('',(-21.76045597456,31.315215343809,0.));
#11447 = SURFACE_CURVE('',#11448,(#11452,#11459),.PCURVE_S1.);
#11448 = LINE('',#11449,#11450);
#11449 = CARTESIAN_POINT('',(-16.88545597456,22.87146765691,0.));
#11450 = VECTOR('',#11451,1.);
#11451 = DIRECTION('',(-0.5,0.866025403784,0.));
#11452 = PCURVE('',#5726,#11453);
#11453 = DEFINITIONAL_REPRESENTATION('',(#11454),#11458);
#11454 = LINE('',#11455,#11456);
#11455 = CARTESIAN_POINT('',(-1.33226762955E-15,6.375));
#11456 = VECTOR('',#11457,1.);
#11457 = DIRECTION('',(1.,0.));
#11458 = ( GEOMETRIC_REPRESENTATION_CONTEXT(2)
PARAMETRIC_REPRESENTATION_CONTEXT() REPRESENTATION_CONTEXT('2D SPACE',''
  ) );
#11459 = PCURVE('',#5816,#11460);
#11460 = DEFINITIONAL_REPRESENTATION('',(#11461),#11465);
#11461 = LINE('',#11462,#11463);
#11462 = CARTESIAN_POINT('',(0.,0.));
#11463 = VECTOR('',#11464,1.);
#11464 = DIRECTION('',(0.,1.));
#11465 = ( GEOMETRIC_REPRESENTATION_CONTEXT(2)
PARAMETRIC_REPRESENTATION_CONTEXT() REPRESENTATION_CONTEXT('2D SPACE',''
  ) );
#11466 = ORIENTED_EDGE('',*,*,#5711,.F.);
#11467 = ORIENTED_EDGE('',*,*,#11184,.T.);
#11468 = ORIENTED_EDGE('',*,*,#11469,.T.);
#11469 = EDGE_CURVE('',#11185,#11445,#11470,.T.);
#11470 = SURFACE_CURVE('',#11471,(#11475,#11482),.PCURVE_S1.);
#11471 = LINE('',#11472,#11473);
#11472 = CARTESIAN_POINT('',(-16.23954402543,34.502715343809,0.));
#11473 = VECTOR('',#11474,1.);
#11474 = DIRECTION('',(-0.866025403784,-0.5,0.));
#11475 = PCURVE('',#5726,#11476);
#11476 = DEFINITIONAL_REPRESENTATION('',(#11477),#11481);
#11477 = LINE('',#11478,#11479);
#11478 = CARTESIAN_POINT('',(9.75,8.881784197001E-16));
#11479 = VECTOR('',#11480,1.);
#11480 = DIRECTION('',(0.,1.));
#11481 = ( GEOMETRIC_REPRESENTATION_CONTEXT(2)
PARAMETRIC_REPRESENTATION_CONTEXT() REPRESENTATION_CONTEXT('2D SPACE',''
  ) );
#11482 = PCURVE('',#11250,#11483);
#11483 = DEFINITIONAL_REPRESENTATION('',(#11484),#11488);
#11484 = LINE('',#11485,#11486);
#11485 = CARTESIAN_POINT('',(0.,0.));
#11486 = VECTOR('',#11487,1.);
#11487 = DIRECTION('',(0.,-1.));
#11488 = ( GEOMETRIC_REPRESENTATION_CONTEXT(2)
PARAMETRIC_REPRESENTATION_CONTEXT() REPRESENTATION_CONTEXT('2D SPACE',''
  ) );
#11489 = ADVANCED_FACE('',(#11490),#5759,.F.);
#11490 = FACE_BOUND('',#11491,.F.);
#11491 = EDGE_LOOP('',(#11492,#11493,#11494,#11517));
#11492 = ORIENTED_EDGE('',*,*,#11363,.F.);
#11493 = ORIENTED_EDGE('',*,*,#5744,.F.);
#11494 = ORIENTED_EDGE('',*,*,#11495,.T.);
#11495 = EDGE_CURVE('',#3392,#11496,#11498,.T.);
#11496 = VERTEX_POINT('',#11497);
#11497 = CARTESIAN_POINT('',(-21.76045597456,-31.3152153438,0.));
#11498 = SURFACE_CURVE('',#11499,(#11503,#11510),.PCURVE_S1.);
#11499 = LINE('',#11500,#11501);
#11500 = CARTESIAN_POINT('',(-16.88545597456,-22.87146765691,0.));
#11501 = VECTOR('',#11502,1.);
#11502 = DIRECTION('',(-0.5,-0.866025403784,0.));
#11503 = PCURVE('',#5759,#11504);
#11504 = DEFINITIONAL_REPRESENTATION('',(#11505),#11509);
#11505 = LINE('',#11506,#11507);
#11506 = CARTESIAN_POINT('',(0.,0.));
#11507 = VECTOR('',#11508,1.);
#11508 = DIRECTION('',(1.,0.));
#11509 = ( GEOMETRIC_REPRESENTATION_CONTEXT(2)
PARAMETRIC_REPRESENTATION_CONTEXT() REPRESENTATION_CONTEXT('2D SPACE',''
  ) );
#11510 = PCURVE('',#5919,#11511);
#11511 = DEFINITIONAL_REPRESENTATION('',(#11512),#11516);
#11512 = LINE('',#11513,#11514);
#11513 = CARTESIAN_POINT('',(0.,0.));
#11514 = VECTOR('',#11515,1.);
#11515 = DIRECTION('',(0.,1.));
#11516 = ( GEOMETRIC_REPRESENTATION_CONTEXT(2)
PARAMETRIC_REPRESENTATION_CONTEXT() REPRESENTATION_CONTEXT('2D SPACE',''
  ) );
#11517 = ORIENTED_EDGE('',*,*,#11518,.T.);
#11518 = EDGE_CURVE('',#11496,#11364,#11519,.T.);
#11519 = SURFACE_CURVE('',#11520,(#11524,#11531),.PCURVE_S1.);
#11520 = LINE('',#11521,#11522);
#11521 = CARTESIAN_POINT('',(-21.76045597456,-31.3152153438,0.));
#11522 = VECTOR('',#11523,1.);
#11523 = DIRECTION('',(0.866025403784,-0.5,0.));
#11524 = PCURVE('',#5759,#11525);
#11525 = DEFINITIONAL_REPRESENTATION('',(#11526),#11530);
#11526 = LINE('',#11527,#11528);
#11527 = CARTESIAN_POINT('',(9.75,-8.881784197001E-16));
#11528 = VECTOR('',#11529,1.);
#11529 = DIRECTION('',(0.,1.));
#11530 = ( GEOMETRIC_REPRESENTATION_CONTEXT(2)
PARAMETRIC_REPRESENTATION_CONTEXT() REPRESENTATION_CONTEXT('2D SPACE',''
  ) );
#11531 = PCURVE('',#11429,#11532);
#11532 = DEFINITIONAL_REPRESENTATION('',(#11533),#11537);
#11533 = LINE('',#11534,#11535);
#11534 = CARTESIAN_POINT('',(0.,0.));
#11535 = VECTOR('',#11536,1.);
#11536 = DIRECTION('',(0.,-1.));
#11537 = ( GEOMETRIC_REPRESENTATION_CONTEXT(2)
PARAMETRIC_REPRESENTATION_CONTEXT() REPRESENTATION_CONTEXT('2D SPACE',''
  ) );
#11538 = ADVANCED_FACE('',(#11539),#5841,.F.);
#11539 = FACE_BOUND('',#11540,.F.);
#11540 = EDGE_LOOP('',(#11541,#11564,#11565,#11593));
#11541 = ORIENTED_EDGE('',*,*,#11542,.F.);
#11542 = EDGE_CURVE('',#2877,#11543,#11545,.T.);
#11543 = VERTEX_POINT('',#11544);
#11544 = CARTESIAN_POINT('',(-27.06080333264,26.86769583053,0.));
#11545 = SURFACE_CURVE('',#11546,(#11550,#11557),.PCURVE_S1.);
#11546 = LINE('',#11547,#11548);
#11547 = CARTESIAN_POINT('',(-19.59187001223,20.600516636086,0.));
#11548 = VECTOR('',#11549,1.);
#11549 = DIRECTION('',(-0.766044443119,0.642787609687,0.));
#11550 = PCURVE('',#5841,#11551);
#11551 = DEFINITIONAL_REPRESENTATION('',(#11552),#11556);
#11552 = LINE('',#11553,#11554);
#11553 = CARTESIAN_POINT('',(0.,0.));
#11554 = VECTOR('',#11555,1.);
#11555 = DIRECTION('',(0.,1.));
#11556 = ( GEOMETRIC_REPRESENTATION_CONTEXT(2)
PARAMETRIC_REPRESENTATION_CONTEXT() REPRESENTATION_CONTEXT('2D SPACE',''
  ) );
#11557 = PCURVE('',#5948,#11558);
#11558 = DEFINITIONAL_REPRESENTATION('',(#11559),#11563);
#11559 = LINE('',#11560,#11561);
#11560 = CARTESIAN_POINT('',(0.,0.));
#11561 = VECTOR('',#11562,1.);
#11562 = DIRECTION('',(1.,0.));
#11563 = ( GEOMETRIC_REPRESENTATION_CONTEXT(2)
PARAMETRIC_REPRESENTATION_CONTEXT() REPRESENTATION_CONTEXT('2D SPACE',''
  ) );
#11564 = ORIENTED_EDGE('',*,*,#5828,.T.);
#11565 = ORIENTED_EDGE('',*,*,#11566,.T.);
#11566 = EDGE_CURVE('',#5780,#11567,#11569,.T.);
#11567 = VERTEX_POINT('',#11568);
#11568 = CARTESIAN_POINT('',(-27.06080333264,26.86769583053,8.));
#11569 = SURFACE_CURVE('',#11570,(#11574,#11581),.PCURVE_S1.);
#11570 = LINE('',#11571,#11572);
#11571 = CARTESIAN_POINT('',(-19.59187001223,20.600516636086,8.));
#11572 = VECTOR('',#11573,1.);
#11573 = DIRECTION('',(-0.766044443119,0.642787609687,0.));
#11574 = PCURVE('',#5841,#11575);
#11575 = DEFINITIONAL_REPRESENTATION('',(#11576),#11580);
#11576 = LINE('',#11577,#11578);
#11577 = CARTESIAN_POINT('',(8.,0.));
#11578 = VECTOR('',#11579,1.);
#11579 = DIRECTION('',(0.,1.));
#11580 = ( GEOMETRIC_REPRESENTATION_CONTEXT(2)
PARAMETRIC_REPRESENTATION_CONTEXT() REPRESENTATION_CONTEXT('2D SPACE',''
  ) );
#11581 = PCURVE('',#11582,#11587);
#11582 = PLANE('',#11583);
#11583 = AXIS2_PLACEMENT_3D('',#11584,#11585,#11586);
#11584 = CARTESIAN_POINT('',(-19.59187001223,20.600516636086,8.));
#11585 = DIRECTION('',(0.,0.,1.));
#11586 = DIRECTION('',(-0.766044443119,0.642787609687,0.));
#11587 = DEFINITIONAL_REPRESENTATION('',(#11588),#11592);
#11588 = LINE('',#11589,#11590);
#11589 = CARTESIAN_POINT('',(0.,0.));
#11590 = VECTOR('',#11591,1.);
#11591 = DIRECTION('',(1.,0.));
#11592 = ( GEOMETRIC_REPRESENTATION_CONTEXT(2)
PARAMETRIC_REPRESENTATION_CONTEXT() REPRESENTATION_CONTEXT('2D SPACE',''
  ) );
#11593 = ORIENTED_EDGE('',*,*,#11594,.F.);
#11594 = EDGE_CURVE('',#11543,#11567,#11595,.T.);
#11595 = SURFACE_CURVE('',#11596,(#11600,#11607),.PCURVE_S1.);
#11596 = LINE('',#11597,#11598);
#11597 = CARTESIAN_POINT('',(-27.06080333264,26.86769583053,0.));
#11598 = VECTOR('',#11599,1.);
#11599 = DIRECTION('',(0.,0.,1.));
#11600 = PCURVE('',#5841,#11601);
#11601 = DEFINITIONAL_REPRESENTATION('',(#11602),#11606);
#11602 = LINE('',#11603,#11604);
#11603 = CARTESIAN_POINT('',(0.,9.75));
#11604 = VECTOR('',#11605,1.);
#11605 = DIRECTION('',(1.,0.));
#11606 = ( GEOMETRIC_REPRESENTATION_CONTEXT(2)
PARAMETRIC_REPRESENTATION_CONTEXT() REPRESENTATION_CONTEXT('2D SPACE',''
  ) );
#11607 = PCURVE('',#11608,#11613);
#11608 = PLANE('',#11609);
#11609 = AXIS2_PLACEMENT_3D('',#11610,#11611,#11612);
#11610 = CARTESIAN_POINT('',(-27.06080333264,26.86769583053,0.));
#11611 = DIRECTION('',(-0.766044443119,0.642787609687,0.));
#11612 = DIRECTION('',(0.,0.,1.));
#11613 = DEFINITIONAL_REPRESENTATION('',(#11614),#11618);
#11614 = LINE('',#11615,#11616);
#11615 = CARTESIAN_POINT('',(0.,0.));
#11616 = VECTOR('',#11617,1.);
#11617 = DIRECTION('',(1.,0.));
#11618 = ( GEOMETRIC_REPRESENTATION_CONTEXT(2)
PARAMETRIC_REPRESENTATION_CONTEXT() REPRESENTATION_CONTEXT('2D SPACE',''
  ) );
#11619 = ADVANCED_FACE('',(#11620),#5816,.T.);
#11620 = FACE_BOUND('',#11621,.T.);
#11621 = EDGE_LOOP('',(#11622,#11623,#11624,#11647));
#11622 = ORIENTED_EDGE('',*,*,#11444,.F.);
#11623 = ORIENTED_EDGE('',*,*,#5803,.T.);
#11624 = ORIENTED_EDGE('',*,*,#11625,.T.);
#11625 = EDGE_CURVE('',#5778,#11626,#11628,.T.);
#11626 = VERTEX_POINT('',#11627);
#11627 = CARTESIAN_POINT('',(-21.76045597456,31.315215343809,8.));
#11628 = SURFACE_CURVE('',#11629,(#11633,#11640),.PCURVE_S1.);
#11629 = LINE('',#11630,#11631);
#11630 = CARTESIAN_POINT('',(-16.88545597456,22.87146765691,8.));
#11631 = VECTOR('',#11632,1.);
#11632 = DIRECTION('',(-0.5,0.866025403784,0.));
#11633 = PCURVE('',#5816,#11634);
#11634 = DEFINITIONAL_REPRESENTATION('',(#11635),#11639);
#11635 = LINE('',#11636,#11637);
#11636 = CARTESIAN_POINT('',(8.,0.));
#11637 = VECTOR('',#11638,1.);
#11638 = DIRECTION('',(0.,1.));
#11639 = ( GEOMETRIC_REPRESENTATION_CONTEXT(2)
PARAMETRIC_REPRESENTATION_CONTEXT() REPRESENTATION_CONTEXT('2D SPACE',''
  ) );
#11640 = PCURVE('',#11224,#11641);
#11641 = DEFINITIONAL_REPRESENTATION('',(#11642),#11646);
#11642 = LINE('',#11643,#11644);
#11643 = CARTESIAN_POINT('',(-1.33226762955E-15,6.375));
#11644 = VECTOR('',#11645,1.);
#11645 = DIRECTION('',(1.,0.));
#11646 = ( GEOMETRIC_REPRESENTATION_CONTEXT(2)
PARAMETRIC_REPRESENTATION_CONTEXT() REPRESENTATION_CONTEXT('2D SPACE',''
  ) );
#11647 = ORIENTED_EDGE('',*,*,#11648,.F.);
#11648 = EDGE_CURVE('',#11445,#11626,#11649,.T.);
#11649 = SURFACE_CURVE('',#11650,(#11654,#11661),.PCURVE_S1.);
#11650 = LINE('',#11651,#11652);
#11651 = CARTESIAN_POINT('',(-21.76045597456,31.315215343809,0.));
#11652 = VECTOR('',#11653,1.);
#11653 = DIRECTION('',(0.,0.,1.));
#11654 = PCURVE('',#5816,#11655);
#11655 = DEFINITIONAL_REPRESENTATION('',(#11656),#11660);
#11656 = LINE('',#11657,#11658);
#11657 = CARTESIAN_POINT('',(0.,9.75));
#11658 = VECTOR('',#11659,1.);
#11659 = DIRECTION('',(1.,0.));
#11660 = ( GEOMETRIC_REPRESENTATION_CONTEXT(2)
PARAMETRIC_REPRESENTATION_CONTEXT() REPRESENTATION_CONTEXT('2D SPACE',''
  ) );
#11661 = PCURVE('',#11250,#11662);
#11662 = DEFINITIONAL_REPRESENTATION('',(#11663),#11667);
#11663 = LINE('',#11664,#11665);
#11664 = CARTESIAN_POINT('',(0.,-6.375));
#11665 = VECTOR('',#11666,1.);
#11666 = DIRECTION('',(1.,0.));
#11667 = ( GEOMETRIC_REPRESENTATION_CONTEXT(2)
PARAMETRIC_REPRESENTATION_CONTEXT() REPRESENTATION_CONTEXT('2D SPACE',''
  ) );
#11668 = ADVANCED_FACE('',(#11669),#5919,.F.);
#11669 = FACE_BOUND('',#11670,.F.);
#11670 = EDGE_LOOP('',(#11671,#11672,#11673,#11696));
#11671 = ORIENTED_EDGE('',*,*,#11495,.F.);
#11672 = ORIENTED_EDGE('',*,*,#5906,.T.);
#11673 = ORIENTED_EDGE('',*,*,#11674,.T.);
#11674 = EDGE_CURVE('',#5858,#11675,#11677,.T.);
#11675 = VERTEX_POINT('',#11676);
#11676 = CARTESIAN_POINT('',(-21.76045597456,-31.3152153438,8.));
#11677 = SURFACE_CURVE('',#11678,(#11682,#11689),.PCURVE_S1.);
#11678 = LINE('',#11679,#11680);
#11679 = CARTESIAN_POINT('',(-16.88545597456,-22.87146765691,8.));
#11680 = VECTOR('',#11681,1.);
#11681 = DIRECTION('',(-0.5,-0.866025403784,0.));
#11682 = PCURVE('',#5919,#11683);
#11683 = DEFINITIONAL_REPRESENTATION('',(#11684),#11688);
#11684 = LINE('',#11685,#11686);
#11685 = CARTESIAN_POINT('',(8.,0.));
#11686 = VECTOR('',#11687,1.);
#11687 = DIRECTION('',(0.,1.));
#11688 = ( GEOMETRIC_REPRESENTATION_CONTEXT(2)
PARAMETRIC_REPRESENTATION_CONTEXT() REPRESENTATION_CONTEXT('2D SPACE',''
  ) );
#11689 = PCURVE('',#11403,#11690);
#11690 = DEFINITIONAL_REPRESENTATION('',(#11691),#11695);
#11691 = LINE('',#11692,#11693);
#11692 = CARTESIAN_POINT('',(0.,0.));
#11693 = VECTOR('',#11694,1.);
#11694 = DIRECTION('',(1.,0.));
#11695 = ( GEOMETRIC_REPRESENTATION_CONTEXT(2)
PARAMETRIC_REPRESENTATION_CONTEXT() REPRESENTATION_CONTEXT('2D SPACE',''
  ) );
#11696 = ORIENTED_EDGE('',*,*,#11697,.F.);
#11697 = EDGE_CURVE('',#11496,#11675,#11698,.T.);
#11698 = SURFACE_CURVE('',#11699,(#11703,#11710),.PCURVE_S1.);
#11699 = LINE('',#11700,#11701);
#11700 = CARTESIAN_POINT('',(-21.76045597456,-31.3152153438,0.));
#11701 = VECTOR('',#11702,1.);
#11702 = DIRECTION('',(0.,0.,1.));
#11703 = PCURVE('',#5919,#11704);
#11704 = DEFINITIONAL_REPRESENTATION('',(#11705),#11709);
#11705 = LINE('',#11706,#11707);
#11706 = CARTESIAN_POINT('',(0.,9.75));
#11707 = VECTOR('',#11708,1.);
#11708 = DIRECTION('',(1.,0.));
#11709 = ( GEOMETRIC_REPRESENTATION_CONTEXT(2)
PARAMETRIC_REPRESENTATION_CONTEXT() REPRESENTATION_CONTEXT('2D SPACE',''
  ) );
#11710 = PCURVE('',#11429,#11711);
#11711 = DEFINITIONAL_REPRESENTATION('',(#11712),#11716);
#11712 = LINE('',#11713,#11714);
#11713 = CARTESIAN_POINT('',(0.,0.));
#11714 = VECTOR('',#11715,1.);
#11715 = DIRECTION('',(1.,0.));
#11716 = ( GEOMETRIC_REPRESENTATION_CONTEXT(2)
PARAMETRIC_REPRESENTATION_CONTEXT() REPRESENTATION_CONTEXT('2D SPACE',''
  ) );
#11717 = ADVANCED_FACE('',(#11718),#5894,.T.);
#11718 = FACE_BOUND('',#11719,.T.);
#11719 = EDGE_LOOP('',(#11720,#11743,#11744,#11772));
#11720 = ORIENTED_EDGE('',*,*,#11721,.F.);
#11721 = EDGE_CURVE('',#3369,#11722,#11724,.T.);
#11722 = VERTEX_POINT('',#11723);
#11723 = CARTESIAN_POINT('',(-27.06080333264,-26.86769583053,0.));
#11724 = SURFACE_CURVE('',#11725,(#11729,#11736),.PCURVE_S1.);
#11725 = LINE('',#11726,#11727);
#11726 = CARTESIAN_POINT('',(-19.59187001223,-20.60051663608,0.));
#11727 = VECTOR('',#11728,1.);
#11728 = DIRECTION('',(-0.766044443119,-0.642787609687,0.));
#11729 = PCURVE('',#5894,#11730);
#11730 = DEFINITIONAL_REPRESENTATION('',(#11731),#11735);
#11731 = LINE('',#11732,#11733);
#11732 = CARTESIAN_POINT('',(0.,0.));
#11733 = VECTOR('',#11734,1.);
#11734 = DIRECTION('',(0.,1.));
#11735 = ( GEOMETRIC_REPRESENTATION_CONTEXT(2)
PARAMETRIC_REPRESENTATION_CONTEXT() REPRESENTATION_CONTEXT('2D SPACE',''
  ) );
#11736 = PCURVE('',#5981,#11737);
#11737 = DEFINITIONAL_REPRESENTATION('',(#11738),#11742);
#11738 = LINE('',#11739,#11740);
#11739 = CARTESIAN_POINT('',(-4.440892098501E-16,6.375));
#11740 = VECTOR('',#11741,1.);
#11741 = DIRECTION('',(1.,0.));
#11742 = ( GEOMETRIC_REPRESENTATION_CONTEXT(2)
PARAMETRIC_REPRESENTATION_CONTEXT() REPRESENTATION_CONTEXT('2D SPACE',''
  ) );
#11743 = ORIENTED_EDGE('',*,*,#5881,.T.);
#11744 = ORIENTED_EDGE('',*,*,#11745,.T.);
#11745 = EDGE_CURVE('',#5856,#11746,#11748,.T.);
#11746 = VERTEX_POINT('',#11747);
#11747 = CARTESIAN_POINT('',(-27.06080333264,-26.86769583053,8.));
#11748 = SURFACE_CURVE('',#11749,(#11753,#11760),.PCURVE_S1.);
#11749 = LINE('',#11750,#11751);
#11750 = CARTESIAN_POINT('',(-19.59187001223,-20.60051663608,8.));
#11751 = VECTOR('',#11752,1.);
#11752 = DIRECTION('',(-0.766044443119,-0.642787609687,0.));
#11753 = PCURVE('',#5894,#11754);
#11754 = DEFINITIONAL_REPRESENTATION('',(#11755),#11759);
#11755 = LINE('',#11756,#11757);
#11756 = CARTESIAN_POINT('',(8.,0.));
#11757 = VECTOR('',#11758,1.);
#11758 = DIRECTION('',(0.,1.));
#11759 = ( GEOMETRIC_REPRESENTATION_CONTEXT(2)
PARAMETRIC_REPRESENTATION_CONTEXT() REPRESENTATION_CONTEXT('2D SPACE',''
  ) );
#11760 = PCURVE('',#11761,#11766);
#11761 = PLANE('',#11762);
#11762 = AXIS2_PLACEMENT_3D('',#11763,#11764,#11765);
#11763 = CARTESIAN_POINT('',(-23.68964102398,-15.7169833112,8.));
#11764 = DIRECTION('',(0.,0.,1.));
#11765 = DIRECTION('',(-0.766044443119,-0.642787609687,0.));
#11766 = DEFINITIONAL_REPRESENTATION('',(#11767),#11771);
#11767 = LINE('',#11768,#11769);
#11768 = CARTESIAN_POINT('',(-4.440892098501E-16,6.375));
#11769 = VECTOR('',#11770,1.);
#11770 = DIRECTION('',(1.,0.));
#11771 = ( GEOMETRIC_REPRESENTATION_CONTEXT(2)
PARAMETRIC_REPRESENTATION_CONTEXT() REPRESENTATION_CONTEXT('2D SPACE',''
  ) );
#11772 = ORIENTED_EDGE('',*,*,#11773,.F.);
#11773 = EDGE_CURVE('',#11722,#11746,#11774,.T.);
#11774 = SURFACE_CURVE('',#11775,(#11779,#11786),.PCURVE_S1.);
#11775 = LINE('',#11776,#11777);
#11776 = CARTESIAN_POINT('',(-27.06080333264,-26.86769583053,0.));
#11777 = VECTOR('',#11778,1.);
#11778 = DIRECTION('',(0.,0.,1.));
#11779 = PCURVE('',#5894,#11780);
#11780 = DEFINITIONAL_REPRESENTATION('',(#11781),#11785);
#11781 = LINE('',#11782,#11783);
#11782 = CARTESIAN_POINT('',(0.,9.75));
#11783 = VECTOR('',#11784,1.);
#11784 = DIRECTION('',(1.,0.));
#11785 = ( GEOMETRIC_REPRESENTATION_CONTEXT(2)
PARAMETRIC_REPRESENTATION_CONTEXT() REPRESENTATION_CONTEXT('2D SPACE',''
  ) );
#11786 = PCURVE('',#11787,#11792);
#11787 = PLANE('',#11788);
#11788 = AXIS2_PLACEMENT_3D('',#11789,#11790,#11791);
#11789 = CARTESIAN_POINT('',(-31.15857434439,-21.98416250564,0.));
#11790 = DIRECTION('',(-0.766044443119,-0.642787609687,0.));
#11791 = DIRECTION('',(0.,0.,1.));
#11792 = DEFINITIONAL_REPRESENTATION('',(#11793),#11797);
#11793 = LINE('',#11794,#11795);
#11794 = CARTESIAN_POINT('',(0.,-6.375));
#11795 = VECTOR('',#11796,1.);
#11796 = DIRECTION('',(1.,0.));
#11797 = ( GEOMETRIC_REPRESENTATION_CONTEXT(2)
PARAMETRIC_REPRESENTATION_CONTEXT() REPRESENTATION_CONTEXT('2D SPACE',''
  ) );
#11798 = ADVANCED_FACE('',(#11799),#5948,.F.);
#11799 = FACE_BOUND('',#11800,.F.);
#11800 = EDGE_LOOP('',(#11801,#11824,#11825,#11826));
#11801 = ORIENTED_EDGE('',*,*,#11802,.F.);
#11802 = EDGE_CURVE('',#2957,#11803,#11805,.T.);
#11803 = VERTEX_POINT('',#11804);
#11804 = CARTESIAN_POINT('',(-31.15857434439,21.984162505647,0.));
#11805 = SURFACE_CURVE('',#11806,(#11810,#11817),.PCURVE_S1.);
#11806 = LINE('',#11807,#11808);
#11807 = CARTESIAN_POINT('',(-23.68964102398,15.716983311203,0.));
#11808 = VECTOR('',#11809,1.);
#11809 = DIRECTION('',(-0.766044443119,0.642787609687,0.));
#11810 = PCURVE('',#5948,#11811);
#11811 = DEFINITIONAL_REPRESENTATION('',(#11812),#11816);
#11812 = LINE('',#11813,#11814);
#11813 = CARTESIAN_POINT('',(-8.881784197001E-16,6.375));
#11814 = VECTOR('',#11815,1.);
#11815 = DIRECTION('',(1.,0.));
#11816 = ( GEOMETRIC_REPRESENTATION_CONTEXT(2)
PARAMETRIC_REPRESENTATION_CONTEXT() REPRESENTATION_CONTEXT('2D SPACE',''
  ) );
#11817 = PCURVE('',#6038,#11818);
#11818 = DEFINITIONAL_REPRESENTATION('',(#11819),#11823);
#11819 = LINE('',#11820,#11821);
#11820 = CARTESIAN_POINT('',(0.,0.));
#11821 = VECTOR('',#11822,1.);
#11822 = DIRECTION('',(0.,1.));
#11823 = ( GEOMETRIC_REPRESENTATION_CONTEXT(2)
PARAMETRIC_REPRESENTATION_CONTEXT() REPRESENTATION_CONTEXT('2D SPACE',''
  ) );
#11824 = ORIENTED_EDGE('',*,*,#5933,.F.);
#11825 = ORIENTED_EDGE('',*,*,#11542,.T.);
#11826 = ORIENTED_EDGE('',*,*,#11827,.T.);
#11827 = EDGE_CURVE('',#11543,#11803,#11828,.T.);
#11828 = SURFACE_CURVE('',#11829,(#11833,#11840),.PCURVE_S1.);
#11829 = LINE('',#11830,#11831);
#11830 = CARTESIAN_POINT('',(-27.06080333264,26.86769583053,0.));
#11831 = VECTOR('',#11832,1.);
#11832 = DIRECTION('',(-0.642787609687,-0.766044443119,0.));
#11833 = PCURVE('',#5948,#11834);
#11834 = DEFINITIONAL_REPRESENTATION('',(#11835),#11839);
#11835 = LINE('',#11836,#11837);
#11836 = CARTESIAN_POINT('',(9.75,-2.6645352591E-15));
#11837 = VECTOR('',#11838,1.);
#11838 = DIRECTION('',(0.,1.));
#11839 = ( GEOMETRIC_REPRESENTATION_CONTEXT(2)
PARAMETRIC_REPRESENTATION_CONTEXT() REPRESENTATION_CONTEXT('2D SPACE',''
  ) );
#11840 = PCURVE('',#11608,#11841);
#11841 = DEFINITIONAL_REPRESENTATION('',(#11842),#11846);
#11842 = LINE('',#11843,#11844);
#11843 = CARTESIAN_POINT('',(0.,0.));
#11844 = VECTOR('',#11845,1.);
#11845 = DIRECTION('',(0.,-1.));
#11846 = ( GEOMETRIC_REPRESENTATION_CONTEXT(2)
PARAMETRIC_REPRESENTATION_CONTEXT() REPRESENTATION_CONTEXT('2D SPACE',''
  ) );
#11847 = ADVANCED_FACE('',(#11848),#5981,.F.);
#11848 = FACE_BOUND('',#11849,.F.);
#11849 = EDGE_LOOP('',(#11850,#11851,#11852,#11875));
#11850 = ORIENTED_EDGE('',*,*,#11721,.F.);
#11851 = ORIENTED_EDGE('',*,*,#5966,.F.);
#11852 = ORIENTED_EDGE('',*,*,#11853,.T.);
#11853 = EDGE_CURVE('',#3289,#11854,#11856,.T.);
#11854 = VERTEX_POINT('',#11855);
#11855 = CARTESIAN_POINT('',(-31.15857434439,-21.98416250564,0.));
#11856 = SURFACE_CURVE('',#11857,(#11861,#11868),.PCURVE_S1.);
#11857 = LINE('',#11858,#11859);
#11858 = CARTESIAN_POINT('',(-23.68964102398,-15.7169833112,0.));
#11859 = VECTOR('',#11860,1.);
#11860 = DIRECTION('',(-0.766044443119,-0.642787609687,0.));
#11861 = PCURVE('',#5981,#11862);
#11862 = DEFINITIONAL_REPRESENTATION('',(#11863),#11867);
#11863 = LINE('',#11864,#11865);
#11864 = CARTESIAN_POINT('',(0.,0.));
#11865 = VECTOR('',#11866,1.);
#11866 = DIRECTION('',(1.,0.));
#11867 = ( GEOMETRIC_REPRESENTATION_CONTEXT(2)
PARAMETRIC_REPRESENTATION_CONTEXT() REPRESENTATION_CONTEXT('2D SPACE',''
  ) );
#11868 = PCURVE('',#6141,#11869);
#11869 = DEFINITIONAL_REPRESENTATION('',(#11870),#11874);
#11870 = LINE('',#11871,#11872);
#11871 = CARTESIAN_POINT('',(0.,0.));
#11872 = VECTOR('',#11873,1.);
#11873 = DIRECTION('',(0.,1.));
#11874 = ( GEOMETRIC_REPRESENTATION_CONTEXT(2)
PARAMETRIC_REPRESENTATION_CONTEXT() REPRESENTATION_CONTEXT('2D SPACE',''
  ) );
#11875 = ORIENTED_EDGE('',*,*,#11876,.T.);
#11876 = EDGE_CURVE('',#11854,#11722,#11877,.T.);
#11877 = SURFACE_CURVE('',#11878,(#11882,#11889),.PCURVE_S1.);
#11878 = LINE('',#11879,#11880);
#11879 = CARTESIAN_POINT('',(-31.15857434439,-21.98416250564,0.));
#11880 = VECTOR('',#11881,1.);
#11881 = DIRECTION('',(0.642787609687,-0.766044443119,0.));
#11882 = PCURVE('',#5981,#11883);
#11883 = DEFINITIONAL_REPRESENTATION('',(#11884),#11888);
#11884 = LINE('',#11885,#11886);
#11885 = CARTESIAN_POINT('',(9.75,-1.7763568394E-15));
#11886 = VECTOR('',#11887,1.);
#11887 = DIRECTION('',(0.,1.));
#11888 = ( GEOMETRIC_REPRESENTATION_CONTEXT(2)
PARAMETRIC_REPRESENTATION_CONTEXT() REPRESENTATION_CONTEXT('2D SPACE',''
  ) );
#11889 = PCURVE('',#11787,#11890);
#11890 = DEFINITIONAL_REPRESENTATION('',(#11891),#11895);
#11891 = LINE('',#11892,#11893);
#11892 = CARTESIAN_POINT('',(0.,0.));
#11893 = VECTOR('',#11894,1.);
#11894 = DIRECTION('',(0.,-1.));
#11895 = ( GEOMETRIC_REPRESENTATION_CONTEXT(2)
PARAMETRIC_REPRESENTATION_CONTEXT() REPRESENTATION_CONTEXT('2D SPACE',''
  ) );
#11896 = ADVANCED_FACE('',(#11897),#6063,.F.);
#11897 = FACE_BOUND('',#11898,.F.);
#11898 = EDGE_LOOP('',(#11899,#11922,#11923,#11951));
#11899 = ORIENTED_EDGE('',*,*,#11900,.F.);
#11900 = EDGE_CURVE('',#2980,#11901,#11903,.T.);
#11901 = VERTEX_POINT('',#11902);
#11902 = CARTESIAN_POINT('',(-34.61813038301,15.992035675131,0.));
#11903 = SURFACE_CURVE('',#11904,(#11908,#11915),.PCURVE_S1.);
#11904 = LINE('',#11905,#11906);
#11905 = CARTESIAN_POINT('',(-25.45612733035,12.657339277705,0.));
#11906 = VECTOR('',#11907,1.);
#11907 = DIRECTION('',(-0.939692620786,0.342020143326,0.));
#11908 = PCURVE('',#6063,#11909);
#11909 = DEFINITIONAL_REPRESENTATION('',(#11910),#11914);
#11910 = LINE('',#11911,#11912);
#11911 = CARTESIAN_POINT('',(0.,0.));
#11912 = VECTOR('',#11913,1.);
#11913 = DIRECTION('',(0.,1.));
#11914 = ( GEOMETRIC_REPRESENTATION_CONTEXT(2)
PARAMETRIC_REPRESENTATION_CONTEXT() REPRESENTATION_CONTEXT('2D SPACE',''
  ) );
#11915 = PCURVE('',#6170,#11916);
#11916 = DEFINITIONAL_REPRESENTATION('',(#11917),#11921);
#11917 = LINE('',#11918,#11919);
#11918 = CARTESIAN_POINT('',(0.,0.));
#11919 = VECTOR('',#11920,1.);
#11920 = DIRECTION('',(1.,0.));
#11921 = ( GEOMETRIC_REPRESENTATION_CONTEXT(2)
PARAMETRIC_REPRESENTATION_CONTEXT() REPRESENTATION_CONTEXT('2D SPACE',''
  ) );
#11922 = ORIENTED_EDGE('',*,*,#6050,.T.);
#11923 = ORIENTED_EDGE('',*,*,#11924,.T.);
#11924 = EDGE_CURVE('',#6002,#11925,#11927,.T.);
#11925 = VERTEX_POINT('',#11926);
#11926 = CARTESIAN_POINT('',(-34.61813038301,15.992035675131,8.));
#11927 = SURFACE_CURVE('',#11928,(#11932,#11939),.PCURVE_S1.);
#11928 = LINE('',#11929,#11930);
#11929 = CARTESIAN_POINT('',(-25.45612733035,12.657339277705,8.));
#11930 = VECTOR('',#11931,1.);
#11931 = DIRECTION('',(-0.939692620786,0.342020143326,0.));
#11932 = PCURVE('',#6063,#11933);
#11933 = DEFINITIONAL_REPRESENTATION('',(#11934),#11938);
#11934 = LINE('',#11935,#11936);
#11935 = CARTESIAN_POINT('',(8.,0.));
#11936 = VECTOR('',#11937,1.);
#11937 = DIRECTION('',(0.,1.));
#11938 = ( GEOMETRIC_REPRESENTATION_CONTEXT(2)
PARAMETRIC_REPRESENTATION_CONTEXT() REPRESENTATION_CONTEXT('2D SPACE',''
  ) );
#11939 = PCURVE('',#11940,#11945);
#11940 = PLANE('',#11941);
#11941 = AXIS2_PLACEMENT_3D('',#11942,#11943,#11944);
#11942 = CARTESIAN_POINT('',(-25.45612733035,12.657339277705,8.));
#11943 = DIRECTION('',(0.,0.,1.));
#11944 = DIRECTION('',(-0.939692620786,0.342020143326,0.));
#11945 = DEFINITIONAL_REPRESENTATION('',(#11946),#11950);
#11946 = LINE('',#11947,#11948);
#11947 = CARTESIAN_POINT('',(0.,0.));
#11948 = VECTOR('',#11949,1.);
#11949 = DIRECTION('',(1.,0.));
#11950 = ( GEOMETRIC_REPRESENTATION_CONTEXT(2)
PARAMETRIC_REPRESENTATION_CONTEXT() REPRESENTATION_CONTEXT('2D SPACE',''
  ) );
#11951 = ORIENTED_EDGE('',*,*,#11952,.F.);
#11952 = EDGE_CURVE('',#11901,#11925,#11953,.T.);
#11953 = SURFACE_CURVE('',#11954,(#11958,#11965),.PCURVE_S1.);
#11954 = LINE('',#11955,#11956);
#11955 = CARTESIAN_POINT('',(-34.61813038301,15.992035675131,0.));
#11956 = VECTOR('',#11957,1.);
#11957 = DIRECTION('',(0.,0.,1.));
#11958 = PCURVE('',#6063,#11959);
#11959 = DEFINITIONAL_REPRESENTATION('',(#11960),#11964);
#11960 = LINE('',#11961,#11962);
#11961 = CARTESIAN_POINT('',(0.,9.75));
#11962 = VECTOR('',#11963,1.);
#11963 = DIRECTION('',(1.,0.));
#11964 = ( GEOMETRIC_REPRESENTATION_CONTEXT(2)
PARAMETRIC_REPRESENTATION_CONTEXT() REPRESENTATION_CONTEXT('2D SPACE',''
  ) );
#11965 = PCURVE('',#11966,#11971);
#11966 = PLANE('',#11967);
#11967 = AXIS2_PLACEMENT_3D('',#11968,#11969,#11970);
#11968 = CARTESIAN_POINT('',(-34.61813038301,15.992035675131,0.));
#11969 = DIRECTION('',(-0.939692620786,0.342020143326,0.));
#11970 = DIRECTION('',(0.,0.,1.));
#11971 = DEFINITIONAL_REPRESENTATION('',(#11972),#11976);
#11972 = LINE('',#11973,#11974);
#11973 = CARTESIAN_POINT('',(0.,0.));
#11974 = VECTOR('',#11975,1.);
#11975 = DIRECTION('',(1.,0.));
#11976 = ( GEOMETRIC_REPRESENTATION_CONTEXT(2)
PARAMETRIC_REPRESENTATION_CONTEXT() REPRESENTATION_CONTEXT('2D SPACE',''
  ) );
#11977 = ADVANCED_FACE('',(#11978),#6038,.T.);
#11978 = FACE_BOUND('',#11979,.T.);
#11979 = EDGE_LOOP('',(#11980,#11981,#11982,#12005));
#11980 = ORIENTED_EDGE('',*,*,#11802,.F.);
#11981 = ORIENTED_EDGE('',*,*,#6025,.T.);
#11982 = ORIENTED_EDGE('',*,*,#11983,.T.);
#11983 = EDGE_CURVE('',#6000,#11984,#11986,.T.);
#11984 = VERTEX_POINT('',#11985);
#11985 = CARTESIAN_POINT('',(-31.15857434439,21.984162505647,8.));
#11986 = SURFACE_CURVE('',#11987,(#11991,#11998),.PCURVE_S1.);
#11987 = LINE('',#11988,#11989);
#11988 = CARTESIAN_POINT('',(-23.68964102398,15.716983311203,8.));
#11989 = VECTOR('',#11990,1.);
#11990 = DIRECTION('',(-0.766044443119,0.642787609687,0.));
#11991 = PCURVE('',#6038,#11992);
#11992 = DEFINITIONAL_REPRESENTATION('',(#11993),#11997);
#11993 = LINE('',#11994,#11995);
#11994 = CARTESIAN_POINT('',(8.,0.));
#11995 = VECTOR('',#11996,1.);
#11996 = DIRECTION('',(0.,1.));
#11997 = ( GEOMETRIC_REPRESENTATION_CONTEXT(2)
PARAMETRIC_REPRESENTATION_CONTEXT() REPRESENTATION_CONTEXT('2D SPACE',''
  ) );
#11998 = PCURVE('',#11582,#11999);
#11999 = DEFINITIONAL_REPRESENTATION('',(#12000),#12004);
#12000 = LINE('',#12001,#12002);
#12001 = CARTESIAN_POINT('',(-8.881784197001E-16,6.375));
#12002 = VECTOR('',#12003,1.);
#12003 = DIRECTION('',(1.,0.));
#12004 = ( GEOMETRIC_REPRESENTATION_CONTEXT(2)
PARAMETRIC_REPRESENTATION_CONTEXT() REPRESENTATION_CONTEXT('2D SPACE',''
  ) );
#12005 = ORIENTED_EDGE('',*,*,#12006,.F.);
#12006 = EDGE_CURVE('',#11803,#11984,#12007,.T.);
#12007 = SURFACE_CURVE('',#12008,(#12012,#12019),.PCURVE_S1.);
#12008 = LINE('',#12009,#12010);
#12009 = CARTESIAN_POINT('',(-31.15857434439,21.984162505647,0.));
#12010 = VECTOR('',#12011,1.);
#12011 = DIRECTION('',(0.,0.,1.));
#12012 = PCURVE('',#6038,#12013);
#12013 = DEFINITIONAL_REPRESENTATION('',(#12014),#12018);
#12014 = LINE('',#12015,#12016);
#12015 = CARTESIAN_POINT('',(0.,9.75));
#12016 = VECTOR('',#12017,1.);
#12017 = DIRECTION('',(1.,0.));
#12018 = ( GEOMETRIC_REPRESENTATION_CONTEXT(2)
PARAMETRIC_REPRESENTATION_CONTEXT() REPRESENTATION_CONTEXT('2D SPACE',''
  ) );
#12019 = PCURVE('',#11608,#12020);
#12020 = DEFINITIONAL_REPRESENTATION('',(#12021),#12025);
#12021 = LINE('',#12022,#12023);
#12022 = CARTESIAN_POINT('',(0.,-6.375));
#12023 = VECTOR('',#12024,1.);
#12024 = DIRECTION('',(1.,0.));
#12025 = ( GEOMETRIC_REPRESENTATION_CONTEXT(2)
PARAMETRIC_REPRESENTATION_CONTEXT() REPRESENTATION_CONTEXT('2D SPACE',''
  ) );
#12026 = ADVANCED_FACE('',(#12027),#6141,.F.);
#12027 = FACE_BOUND('',#12028,.F.);
#12028 = EDGE_LOOP('',(#12029,#12030,#12031,#12054));
#12029 = ORIENTED_EDGE('',*,*,#11853,.F.);
#12030 = ORIENTED_EDGE('',*,*,#6128,.T.);
#12031 = ORIENTED_EDGE('',*,*,#12032,.T.);
#12032 = EDGE_CURVE('',#6080,#12033,#12035,.T.);
#12033 = VERTEX_POINT('',#12034);
#12034 = CARTESIAN_POINT('',(-31.15857434439,-21.98416250564,8.));
#12035 = SURFACE_CURVE('',#12036,(#12040,#12047),.PCURVE_S1.);
#12036 = LINE('',#12037,#12038);
#12037 = CARTESIAN_POINT('',(-23.68964102398,-15.7169833112,8.));
#12038 = VECTOR('',#12039,1.);
#12039 = DIRECTION('',(-0.766044443119,-0.642787609687,0.));
#12040 = PCURVE('',#6141,#12041);
#12041 = DEFINITIONAL_REPRESENTATION('',(#12042),#12046);
#12042 = LINE('',#12043,#12044);
#12043 = CARTESIAN_POINT('',(8.,0.));
#12044 = VECTOR('',#12045,1.);
#12045 = DIRECTION('',(0.,1.));
#12046 = ( GEOMETRIC_REPRESENTATION_CONTEXT(2)
PARAMETRIC_REPRESENTATION_CONTEXT() REPRESENTATION_CONTEXT('2D SPACE',''
  ) );
#12047 = PCURVE('',#11761,#12048);
#12048 = DEFINITIONAL_REPRESENTATION('',(#12049),#12053);
#12049 = LINE('',#12050,#12051);
#12050 = CARTESIAN_POINT('',(0.,0.));
#12051 = VECTOR('',#12052,1.);
#12052 = DIRECTION('',(1.,0.));
#12053 = ( GEOMETRIC_REPRESENTATION_CONTEXT(2)
PARAMETRIC_REPRESENTATION_CONTEXT() REPRESENTATION_CONTEXT('2D SPACE',''
  ) );
#12054 = ORIENTED_EDGE('',*,*,#12055,.F.);
#12055 = EDGE_CURVE('',#11854,#12033,#12056,.T.);
#12056 = SURFACE_CURVE('',#12057,(#12061,#12068),.PCURVE_S1.);
#12057 = LINE('',#12058,#12059);
#12058 = CARTESIAN_POINT('',(-31.15857434439,-21.98416250564,0.));
#12059 = VECTOR('',#12060,1.);
#12060 = DIRECTION('',(0.,0.,1.));
#12061 = PCURVE('',#6141,#12062);
#12062 = DEFINITIONAL_REPRESENTATION('',(#12063),#12067);
#12063 = LINE('',#12064,#12065);
#12064 = CARTESIAN_POINT('',(0.,9.75));
#12065 = VECTOR('',#12066,1.);
#12066 = DIRECTION('',(1.,0.));
#12067 = ( GEOMETRIC_REPRESENTATION_CONTEXT(2)
PARAMETRIC_REPRESENTATION_CONTEXT() REPRESENTATION_CONTEXT('2D SPACE',''
  ) );
#12068 = PCURVE('',#11787,#12069);
#12069 = DEFINITIONAL_REPRESENTATION('',(#12070),#12074);
#12070 = LINE('',#12071,#12072);
#12071 = CARTESIAN_POINT('',(0.,0.));
#12072 = VECTOR('',#12073,1.);
#12073 = DIRECTION('',(1.,0.));
#12074 = ( GEOMETRIC_REPRESENTATION_CONTEXT(2)
PARAMETRIC_REPRESENTATION_CONTEXT() REPRESENTATION_CONTEXT('2D SPACE',''
  ) );
#12075 = ADVANCED_FACE('',(#12076),#6116,.T.);
#12076 = FACE_BOUND('',#12077,.T.);
#12077 = EDGE_LOOP('',(#12078,#12101,#12102,#12130));
#12078 = ORIENTED_EDGE('',*,*,#12079,.F.);
#12079 = EDGE_CURVE('',#3266,#12080,#12082,.T.);
#12080 = VERTEX_POINT('',#12081);
#12081 = CARTESIAN_POINT('',(-34.61813038301,-15.99203567513,0.));
#12082 = SURFACE_CURVE('',#12083,(#12087,#12094),.PCURVE_S1.);
#12083 = LINE('',#12084,#12085);
#12084 = CARTESIAN_POINT('',(-25.45612733035,-12.6573392777,0.));
#12085 = VECTOR('',#12086,1.);
#12086 = DIRECTION('',(-0.939692620786,-0.342020143326,0.));
#12087 = PCURVE('',#6116,#12088);
#12088 = DEFINITIONAL_REPRESENTATION('',(#12089),#12093);
#12089 = LINE('',#12090,#12091);
#12090 = CARTESIAN_POINT('',(0.,0.));
#12091 = VECTOR('',#12092,1.);
#12092 = DIRECTION('',(0.,1.));
#12093 = ( GEOMETRIC_REPRESENTATION_CONTEXT(2)
PARAMETRIC_REPRESENTATION_CONTEXT() REPRESENTATION_CONTEXT('2D SPACE',''
  ) );
#12094 = PCURVE('',#6203,#12095);
#12095 = DEFINITIONAL_REPRESENTATION('',(#12096),#12100);
#12096 = LINE('',#12097,#12098);
#12097 = CARTESIAN_POINT('',(3.10862446895E-15,6.375));
#12098 = VECTOR('',#12099,1.);
#12099 = DIRECTION('',(1.,0.));
#12100 = ( GEOMETRIC_REPRESENTATION_CONTEXT(2)
PARAMETRIC_REPRESENTATION_CONTEXT() REPRESENTATION_CONTEXT('2D SPACE',''
  ) );
#12101 = ORIENTED_EDGE('',*,*,#6103,.T.);
#12102 = ORIENTED_EDGE('',*,*,#12103,.T.);
#12103 = EDGE_CURVE('',#6078,#12104,#12106,.T.);
#12104 = VERTEX_POINT('',#12105);
#12105 = CARTESIAN_POINT('',(-34.61813038301,-15.99203567513,8.));
#12106 = SURFACE_CURVE('',#12107,(#12111,#12118),.PCURVE_S1.);
#12107 = LINE('',#12108,#12109);
#12108 = CARTESIAN_POINT('',(-25.45612733035,-12.6573392777,8.));
#12109 = VECTOR('',#12110,1.);
#12110 = DIRECTION('',(-0.939692620786,-0.342020143326,0.));
#12111 = PCURVE('',#6116,#12112);
#12112 = DEFINITIONAL_REPRESENTATION('',(#12113),#12117);
#12113 = LINE('',#12114,#12115);
#12114 = CARTESIAN_POINT('',(8.,0.));
#12115 = VECTOR('',#12116,1.);
#12116 = DIRECTION('',(0.,1.));
#12117 = ( GEOMETRIC_REPRESENTATION_CONTEXT(2)
PARAMETRIC_REPRESENTATION_CONTEXT() REPRESENTATION_CONTEXT('2D SPACE',''
  ) );
#12118 = PCURVE('',#12119,#12124);
#12119 = PLANE('',#12120);
#12120 = AXIS2_PLACEMENT_3D('',#12121,#12122,#12123);
#12121 = CARTESIAN_POINT('',(-27.63650574405,-6.666798820195,8.));
#12122 = DIRECTION('',(0.,0.,1.));
#12123 = DIRECTION('',(-0.939692620786,-0.342020143326,0.));
#12124 = DEFINITIONAL_REPRESENTATION('',(#12125),#12129);
#12125 = LINE('',#12126,#12127);
#12126 = CARTESIAN_POINT('',(3.10862446895E-15,6.375));
#12127 = VECTOR('',#12128,1.);
#12128 = DIRECTION('',(1.,0.));
#12129 = ( GEOMETRIC_REPRESENTATION_CONTEXT(2)
PARAMETRIC_REPRESENTATION_CONTEXT() REPRESENTATION_CONTEXT('2D SPACE',''
  ) );
#12130 = ORIENTED_EDGE('',*,*,#12131,.F.);
#12131 = EDGE_CURVE('',#12080,#12104,#12132,.T.);
#12132 = SURFACE_CURVE('',#12133,(#12137,#12144),.PCURVE_S1.);
#12133 = LINE('',#12134,#12135);
#12134 = CARTESIAN_POINT('',(-34.61813038301,-15.99203567513,0.));
#12135 = VECTOR('',#12136,1.);
#12136 = DIRECTION('',(0.,0.,1.));
#12137 = PCURVE('',#6116,#12138);
#12138 = DEFINITIONAL_REPRESENTATION('',(#12139),#12143);
#12139 = LINE('',#12140,#12141);
#12140 = CARTESIAN_POINT('',(0.,9.75));
#12141 = VECTOR('',#12142,1.);
#12142 = DIRECTION('',(1.,0.));
#12143 = ( GEOMETRIC_REPRESENTATION_CONTEXT(2)
PARAMETRIC_REPRESENTATION_CONTEXT() REPRESENTATION_CONTEXT('2D SPACE',''
  ) );
#12144 = PCURVE('',#12145,#12150);
#12145 = PLANE('',#12146);
#12146 = AXIS2_PLACEMENT_3D('',#12147,#12148,#12149);
#12147 = CARTESIAN_POINT('',(-36.79850879671,-10.00149521762,0.));
#12148 = DIRECTION('',(-0.939692620786,-0.342020143326,0.));
#12149 = DIRECTION('',(0.,0.,1.));
#12150 = DEFINITIONAL_REPRESENTATION('',(#12151),#12155);
#12151 = LINE('',#12152,#12153);
#12152 = CARTESIAN_POINT('',(0.,-6.375));
#12153 = VECTOR('',#12154,1.);
#12154 = DIRECTION('',(1.,0.));
#12155 = ( GEOMETRIC_REPRESENTATION_CONTEXT(2)
PARAMETRIC_REPRESENTATION_CONTEXT() REPRESENTATION_CONTEXT('2D SPACE',''
  ) );
#12156 = ADVANCED_FACE('',(#12157),#6170,.F.);
#12157 = FACE_BOUND('',#12158,.F.);
#12158 = EDGE_LOOP('',(#12159,#12182,#12183,#12184));
#12159 = ORIENTED_EDGE('',*,*,#12160,.F.);
#12160 = EDGE_CURVE('',#3060,#12161,#12163,.T.);
#12161 = VERTEX_POINT('',#12162);
#12162 = CARTESIAN_POINT('',(-36.79850879671,10.00149521762,0.));
#12163 = SURFACE_CURVE('',#12164,(#12168,#12175),.PCURVE_S1.);
#12164 = LINE('',#12165,#12166);
#12165 = CARTESIAN_POINT('',(-27.63650574405,6.666798820195,0.));
#12166 = VECTOR('',#12167,1.);
#12167 = DIRECTION('',(-0.939692620786,0.342020143326,0.));
#12168 = PCURVE('',#6170,#12169);
#12169 = DEFINITIONAL_REPRESENTATION('',(#12170),#12174);
#12170 = LINE('',#12171,#12172);
#12171 = CARTESIAN_POINT('',(2.22044604925E-15,6.375));
#12172 = VECTOR('',#12173,1.);
#12173 = DIRECTION('',(1.,0.));
#12174 = ( GEOMETRIC_REPRESENTATION_CONTEXT(2)
PARAMETRIC_REPRESENTATION_CONTEXT() REPRESENTATION_CONTEXT('2D SPACE',''
  ) );
#12175 = PCURVE('',#6260,#12176);
#12176 = DEFINITIONAL_REPRESENTATION('',(#12177),#12181);
#12177 = LINE('',#12178,#12179);
#12178 = CARTESIAN_POINT('',(0.,0.));
#12179 = VECTOR('',#12180,1.);
#12180 = DIRECTION('',(0.,1.));
#12181 = ( GEOMETRIC_REPRESENTATION_CONTEXT(2)
PARAMETRIC_REPRESENTATION_CONTEXT() REPRESENTATION_CONTEXT('2D SPACE',''
  ) );
#12182 = ORIENTED_EDGE('',*,*,#6155,.F.);
#12183 = ORIENTED_EDGE('',*,*,#11900,.T.);
#12184 = ORIENTED_EDGE('',*,*,#12185,.T.);
#12185 = EDGE_CURVE('',#11901,#12161,#12186,.T.);
#12186 = SURFACE_CURVE('',#12187,(#12191,#12198),.PCURVE_S1.);
#12187 = LINE('',#12188,#12189);
#12188 = CARTESIAN_POINT('',(-34.61813038301,15.992035675131,0.));
#12189 = VECTOR('',#12190,1.);
#12190 = DIRECTION('',(-0.342020143326,-0.939692620786,0.));
#12191 = PCURVE('',#6170,#12192);
#12192 = DEFINITIONAL_REPRESENTATION('',(#12193),#12197);
#12193 = LINE('',#12194,#12195);
#12194 = CARTESIAN_POINT('',(9.75,2.6645352591E-15));
#12195 = VECTOR('',#12196,1.);
#12196 = DIRECTION('',(0.,1.));
#12197 = ( GEOMETRIC_REPRESENTATION_CONTEXT(2)
PARAMETRIC_REPRESENTATION_CONTEXT() REPRESENTATION_CONTEXT('2D SPACE',''
  ) );
#12198 = PCURVE('',#11966,#12199);
#12199 = DEFINITIONAL_REPRESENTATION('',(#12200),#12204);
#12200 = LINE('',#12201,#12202);
#12201 = CARTESIAN_POINT('',(0.,0.));
#12202 = VECTOR('',#12203,1.);
#12203 = DIRECTION('',(0.,-1.));
#12204 = ( GEOMETRIC_REPRESENTATION_CONTEXT(2)
PARAMETRIC_REPRESENTATION_CONTEXT() REPRESENTATION_CONTEXT('2D SPACE',''
  ) );
#12205 = ADVANCED_FACE('',(#12206),#6203,.F.);
#12206 = FACE_BOUND('',#12207,.F.);
#12207 = EDGE_LOOP('',(#12208,#12209,#12210,#12233));
#12208 = ORIENTED_EDGE('',*,*,#12079,.F.);
#12209 = ORIENTED_EDGE('',*,*,#6188,.F.);
#12210 = ORIENTED_EDGE('',*,*,#12211,.T.);
#12211 = EDGE_CURVE('',#3186,#12212,#12214,.T.);
#12212 = VERTEX_POINT('',#12213);
#12213 = CARTESIAN_POINT('',(-36.79850879671,-10.00149521762,0.));
#12214 = SURFACE_CURVE('',#12215,(#12219,#12226),.PCURVE_S1.);
#12215 = LINE('',#12216,#12217);
#12216 = CARTESIAN_POINT('',(-27.63650574405,-6.666798820195,0.));
#12217 = VECTOR('',#12218,1.);
#12218 = DIRECTION('',(-0.939692620786,-0.342020143326,0.));
#12219 = PCURVE('',#6203,#12220);
#12220 = DEFINITIONAL_REPRESENTATION('',(#12221),#12225);
#12221 = LINE('',#12222,#12223);
#12222 = CARTESIAN_POINT('',(0.,0.));
#12223 = VECTOR('',#12224,1.);
#12224 = DIRECTION('',(1.,0.));
#12225 = ( GEOMETRIC_REPRESENTATION_CONTEXT(2)
PARAMETRIC_REPRESENTATION_CONTEXT() REPRESENTATION_CONTEXT('2D SPACE',''
  ) );
#12226 = PCURVE('',#6363,#12227);
#12227 = DEFINITIONAL_REPRESENTATION('',(#12228),#12232);
#12228 = LINE('',#12229,#12230);
#12229 = CARTESIAN_POINT('',(0.,0.));
#12230 = VECTOR('',#12231,1.);
#12231 = DIRECTION('',(0.,1.));
#12232 = ( GEOMETRIC_REPRESENTATION_CONTEXT(2)
PARAMETRIC_REPRESENTATION_CONTEXT() REPRESENTATION_CONTEXT('2D SPACE',''
  ) );
#12233 = ORIENTED_EDGE('',*,*,#12234,.T.);
#12234 = EDGE_CURVE('',#12212,#12080,#12235,.T.);
#12235 = SURFACE_CURVE('',#12236,(#12240,#12247),.PCURVE_S1.);
#12236 = LINE('',#12237,#12238);
#12237 = CARTESIAN_POINT('',(-36.79850879671,-10.00149521762,0.));
#12238 = VECTOR('',#12239,1.);
#12239 = DIRECTION('',(0.342020143326,-0.939692620786,0.));
#12240 = PCURVE('',#6203,#12241);
#12241 = DEFINITIONAL_REPRESENTATION('',(#12242),#12246);
#12242 = LINE('',#12243,#12244);
#12243 = CARTESIAN_POINT('',(9.75,4.440892098501E-16));
#12244 = VECTOR('',#12245,1.);
#12245 = DIRECTION('',(0.,1.));
#12246 = ( GEOMETRIC_REPRESENTATION_CONTEXT(2)
PARAMETRIC_REPRESENTATION_CONTEXT() REPRESENTATION_CONTEXT('2D SPACE',''
  ) );
#12247 = PCURVE('',#12145,#12248);
#12248 = DEFINITIONAL_REPRESENTATION('',(#12249),#12253);
#12249 = LINE('',#12250,#12251);
#12250 = CARTESIAN_POINT('',(0.,0.));
#12251 = VECTOR('',#12252,1.);
#12252 = DIRECTION('',(0.,-1.));
#12253 = ( GEOMETRIC_REPRESENTATION_CONTEXT(2)
PARAMETRIC_REPRESENTATION_CONTEXT() REPRESENTATION_CONTEXT('2D SPACE',''
  ) );
#12254 = ADVANCED_FACE('',(#12255),#6285,.F.);
#12255 = FACE_BOUND('',#12256,.F.);
#12256 = EDGE_LOOP('',(#12257,#12280,#12281,#12309));
#12257 = ORIENTED_EDGE('',*,*,#12258,.F.);
#12258 = EDGE_CURVE('',#3083,#12259,#12261,.T.);
#12259 = VERTEX_POINT('',#12260);
#12260 = CARTESIAN_POINT('',(-38.,3.1875,0.));
#12261 = SURFACE_CURVE('',#12262,(#12266,#12273),.PCURVE_S1.);
#12262 = LINE('',#12263,#12264);
#12263 = CARTESIAN_POINT('',(-28.25,3.1875,0.));
#12264 = VECTOR('',#12265,1.);
#12265 = DIRECTION('',(-1.,1.224646799147E-16,0.));
#12266 = PCURVE('',#6285,#12267);
#12267 = DEFINITIONAL_REPRESENTATION('',(#12268),#12272);
#12268 = LINE('',#12269,#12270);
#12269 = CARTESIAN_POINT('',(0.,0.));
#12270 = VECTOR('',#12271,1.);
#12271 = DIRECTION('',(0.,1.));
#12272 = ( GEOMETRIC_REPRESENTATION_CONTEXT(2)
PARAMETRIC_REPRESENTATION_CONTEXT() REPRESENTATION_CONTEXT('2D SPACE',''
  ) );
#12273 = PCURVE('',#6392,#12274);
#12274 = DEFINITIONAL_REPRESENTATION('',(#12275),#12279);
#12275 = LINE('',#12276,#12277);
#12276 = CARTESIAN_POINT('',(0.,0.));
#12277 = VECTOR('',#12278,1.);
#12278 = DIRECTION('',(1.,0.));
#12279 = ( GEOMETRIC_REPRESENTATION_CONTEXT(2)
PARAMETRIC_REPRESENTATION_CONTEXT() REPRESENTATION_CONTEXT('2D SPACE',''
  ) );
#12280 = ORIENTED_EDGE('',*,*,#6272,.T.);
#12281 = ORIENTED_EDGE('',*,*,#12282,.T.);
#12282 = EDGE_CURVE('',#6224,#12283,#12285,.T.);
#12283 = VERTEX_POINT('',#12284);
#12284 = CARTESIAN_POINT('',(-38.,3.1875,8.));
#12285 = SURFACE_CURVE('',#12286,(#12290,#12297),.PCURVE_S1.);
#12286 = LINE('',#12287,#12288);
#12287 = CARTESIAN_POINT('',(-28.25,3.1875,8.));
#12288 = VECTOR('',#12289,1.);
#12289 = DIRECTION('',(-1.,1.224646799147E-16,0.));
#12290 = PCURVE('',#6285,#12291);
#12291 = DEFINITIONAL_REPRESENTATION('',(#12292),#12296);
#12292 = LINE('',#12293,#12294);
#12293 = CARTESIAN_POINT('',(8.,0.));
#12294 = VECTOR('',#12295,1.);
#12295 = DIRECTION('',(0.,1.));
#12296 = ( GEOMETRIC_REPRESENTATION_CONTEXT(2)
PARAMETRIC_REPRESENTATION_CONTEXT() REPRESENTATION_CONTEXT('2D SPACE',''
  ) );
#12297 = PCURVE('',#12298,#12303);
#12298 = PLANE('',#12299);
#12299 = AXIS2_PLACEMENT_3D('',#12300,#12301,#12302);
#12300 = CARTESIAN_POINT('',(-28.25,3.1875,8.));
#12301 = DIRECTION('',(0.,0.,1.));
#12302 = DIRECTION('',(-1.,1.224646799147E-16,0.));
#12303 = DEFINITIONAL_REPRESENTATION('',(#12304),#12308);
#12304 = LINE('',#12305,#12306);
#12305 = CARTESIAN_POINT('',(0.,0.));
#12306 = VECTOR('',#12307,1.);
#12307 = DIRECTION('',(1.,0.));
#12308 = ( GEOMETRIC_REPRESENTATION_CONTEXT(2)
PARAMETRIC_REPRESENTATION_CONTEXT() REPRESENTATION_CONTEXT('2D SPACE',''
  ) );
#12309 = ORIENTED_EDGE('',*,*,#12310,.F.);
#12310 = EDGE_CURVE('',#12259,#12283,#12311,.T.);
#12311 = SURFACE_CURVE('',#12312,(#12316,#12323),.PCURVE_S1.);
#12312 = LINE('',#12313,#12314);
#12313 = CARTESIAN_POINT('',(-38.,3.1875,0.));
#12314 = VECTOR('',#12315,1.);
#12315 = DIRECTION('',(0.,0.,1.));
#12316 = PCURVE('',#6285,#12317);
#12317 = DEFINITIONAL_REPRESENTATION('',(#12318),#12322);
#12318 = LINE('',#12319,#12320);
#12319 = CARTESIAN_POINT('',(0.,9.75));
#12320 = VECTOR('',#12321,1.);
#12321 = DIRECTION('',(1.,0.));
#12322 = ( GEOMETRIC_REPRESENTATION_CONTEXT(2)
PARAMETRIC_REPRESENTATION_CONTEXT() REPRESENTATION_CONTEXT('2D SPACE',''
  ) );
#12323 = PCURVE('',#12324,#12329);
#12324 = PLANE('',#12325);
#12325 = AXIS2_PLACEMENT_3D('',#12326,#12327,#12328);
#12326 = CARTESIAN_POINT('',(-38.,3.1875,0.));
#12327 = DIRECTION('',(-1.,1.224646799147E-16,0.));
#12328 = DIRECTION('',(0.,0.,1.));
#12329 = DEFINITIONAL_REPRESENTATION('',(#12330),#12334);
#12330 = LINE('',#12331,#12332);
#12331 = CARTESIAN_POINT('',(0.,0.));
#12332 = VECTOR('',#12333,1.);
#12333 = DIRECTION('',(1.,0.));
#12334 = ( GEOMETRIC_REPRESENTATION_CONTEXT(2)
PARAMETRIC_REPRESENTATION_CONTEXT() REPRESENTATION_CONTEXT('2D SPACE',''
  ) );
#12335 = ADVANCED_FACE('',(#12336),#6260,.T.);
#12336 = FACE_BOUND('',#12337,.T.);
#12337 = EDGE_LOOP('',(#12338,#12339,#12340,#12363));
#12338 = ORIENTED_EDGE('',*,*,#12160,.F.);
#12339 = ORIENTED_EDGE('',*,*,#6247,.T.);
#12340 = ORIENTED_EDGE('',*,*,#12341,.T.);
#12341 = EDGE_CURVE('',#6222,#12342,#12344,.T.);
#12342 = VERTEX_POINT('',#12343);
#12343 = CARTESIAN_POINT('',(-36.79850879671,10.00149521762,8.));
#12344 = SURFACE_CURVE('',#12345,(#12349,#12356),.PCURVE_S1.);
#12345 = LINE('',#12346,#12347);
#12346 = CARTESIAN_POINT('',(-27.63650574405,6.666798820195,8.));
#12347 = VECTOR('',#12348,1.);
#12348 = DIRECTION('',(-0.939692620786,0.342020143326,0.));
#12349 = PCURVE('',#6260,#12350);
#12350 = DEFINITIONAL_REPRESENTATION('',(#12351),#12355);
#12351 = LINE('',#12352,#12353);
#12352 = CARTESIAN_POINT('',(8.,0.));
#12353 = VECTOR('',#12354,1.);
#12354 = DIRECTION('',(0.,1.));
#12355 = ( GEOMETRIC_REPRESENTATION_CONTEXT(2)
PARAMETRIC_REPRESENTATION_CONTEXT() REPRESENTATION_CONTEXT('2D SPACE',''
  ) );
#12356 = PCURVE('',#11940,#12357);
#12357 = DEFINITIONAL_REPRESENTATION('',(#12358),#12362);
#12358 = LINE('',#12359,#12360);
#12359 = CARTESIAN_POINT('',(2.22044604925E-15,6.375));
#12360 = VECTOR('',#12361,1.);
#12361 = DIRECTION('',(1.,0.));
#12362 = ( GEOMETRIC_REPRESENTATION_CONTEXT(2)
PARAMETRIC_REPRESENTATION_CONTEXT() REPRESENTATION_CONTEXT('2D SPACE',''
  ) );
#12363 = ORIENTED_EDGE('',*,*,#12364,.F.);
#12364 = EDGE_CURVE('',#12161,#12342,#12365,.T.);
#12365 = SURFACE_CURVE('',#12366,(#12370,#12377),.PCURVE_S1.);
#12366 = LINE('',#12367,#12368);
#12367 = CARTESIAN_POINT('',(-36.79850879671,10.00149521762,0.));
#12368 = VECTOR('',#12369,1.);
#12369 = DIRECTION('',(0.,0.,1.));
#12370 = PCURVE('',#6260,#12371);
#12371 = DEFINITIONAL_REPRESENTATION('',(#12372),#12376);
#12372 = LINE('',#12373,#12374);
#12373 = CARTESIAN_POINT('',(0.,9.75));
#12374 = VECTOR('',#12375,1.);
#12375 = DIRECTION('',(1.,0.));
#12376 = ( GEOMETRIC_REPRESENTATION_CONTEXT(2)
PARAMETRIC_REPRESENTATION_CONTEXT() REPRESENTATION_CONTEXT('2D SPACE',''
  ) );
#12377 = PCURVE('',#11966,#12378);
#12378 = DEFINITIONAL_REPRESENTATION('',(#12379),#12383);
#12379 = LINE('',#12380,#12381);
#12380 = CARTESIAN_POINT('',(0.,-6.375));
#12381 = VECTOR('',#12382,1.);
#12382 = DIRECTION('',(1.,0.));
#12383 = ( GEOMETRIC_REPRESENTATION_CONTEXT(2)
PARAMETRIC_REPRESENTATION_CONTEXT() REPRESENTATION_CONTEXT('2D SPACE',''
  ) );
#12384 = ADVANCED_FACE('',(#12385),#6363,.F.);
#12385 = FACE_BOUND('',#12386,.F.);
#12386 = EDGE_LOOP('',(#12387,#12388,#12389,#12412));
#12387 = ORIENTED_EDGE('',*,*,#12211,.F.);
#12388 = ORIENTED_EDGE('',*,*,#6350,.T.);
#12389 = ORIENTED_EDGE('',*,*,#12390,.T.);
#12390 = EDGE_CURVE('',#6302,#12391,#12393,.T.);
#12391 = VERTEX_POINT('',#12392);
#12392 = CARTESIAN_POINT('',(-36.79850879671,-10.00149521762,8.));
#12393 = SURFACE_CURVE('',#12394,(#12398,#12405),.PCURVE_S1.);
#12394 = LINE('',#12395,#12396);
#12395 = CARTESIAN_POINT('',(-27.63650574405,-6.666798820195,8.));
#12396 = VECTOR('',#12397,1.);
#12397 = DIRECTION('',(-0.939692620786,-0.342020143326,0.));
#12398 = PCURVE('',#6363,#12399);
#12399 = DEFINITIONAL_REPRESENTATION('',(#12400),#12404);
#12400 = LINE('',#12401,#12402);
#12401 = CARTESIAN_POINT('',(8.,0.));
#12402 = VECTOR('',#12403,1.);
#12403 = DIRECTION('',(0.,1.));
#12404 = ( GEOMETRIC_REPRESENTATION_CONTEXT(2)
PARAMETRIC_REPRESENTATION_CONTEXT() REPRESENTATION_CONTEXT('2D SPACE',''
  ) );
#12405 = PCURVE('',#12119,#12406);
#12406 = DEFINITIONAL_REPRESENTATION('',(#12407),#12411);
#12407 = LINE('',#12408,#12409);
#12408 = CARTESIAN_POINT('',(0.,0.));
#12409 = VECTOR('',#12410,1.);
#12410 = DIRECTION('',(1.,0.));
#12411 = ( GEOMETRIC_REPRESENTATION_CONTEXT(2)
PARAMETRIC_REPRESENTATION_CONTEXT() REPRESENTATION_CONTEXT('2D SPACE',''
  ) );
#12412 = ORIENTED_EDGE('',*,*,#12413,.F.);
#12413 = EDGE_CURVE('',#12212,#12391,#12414,.T.);
#12414 = SURFACE_CURVE('',#12415,(#12419,#12426),.PCURVE_S1.);
#12415 = LINE('',#12416,#12417);
#12416 = CARTESIAN_POINT('',(-36.79850879671,-10.00149521762,0.));
#12417 = VECTOR('',#12418,1.);
#12418 = DIRECTION('',(0.,0.,1.));
#12419 = PCURVE('',#6363,#12420);
#12420 = DEFINITIONAL_REPRESENTATION('',(#12421),#12425);
#12421 = LINE('',#12422,#12423);
#12422 = CARTESIAN_POINT('',(0.,9.75));
#12423 = VECTOR('',#12424,1.);
#12424 = DIRECTION('',(1.,0.));
#12425 = ( GEOMETRIC_REPRESENTATION_CONTEXT(2)
PARAMETRIC_REPRESENTATION_CONTEXT() REPRESENTATION_CONTEXT('2D SPACE',''
  ) );
#12426 = PCURVE('',#12145,#12427);
#12427 = DEFINITIONAL_REPRESENTATION('',(#12428),#12432);
#12428 = LINE('',#12429,#12430);
#12429 = CARTESIAN_POINT('',(0.,0.));
#12430 = VECTOR('',#12431,1.);
#12431 = DIRECTION('',(1.,0.));
#12432 = ( GEOMETRIC_REPRESENTATION_CONTEXT(2)
PARAMETRIC_REPRESENTATION_CONTEXT() REPRESENTATION_CONTEXT('2D SPACE',''
  ) );
#12433 = ADVANCED_FACE('',(#12434),#6338,.T.);
#12434 = FACE_BOUND('',#12435,.T.);
#12435 = EDGE_LOOP('',(#12436,#12459,#12460,#12483));
#12436 = ORIENTED_EDGE('',*,*,#12437,.F.);
#12437 = EDGE_CURVE('',#3163,#12438,#12440,.T.);
#12438 = VERTEX_POINT('',#12439);
#12439 = CARTESIAN_POINT('',(-38.,-3.1875,0.));
#12440 = SURFACE_CURVE('',#12441,(#12445,#12452),.PCURVE_S1.);
#12441 = LINE('',#12442,#12443);
#12442 = CARTESIAN_POINT('',(-28.25,-3.1875,0.));
#12443 = VECTOR('',#12444,1.);
#12444 = DIRECTION('',(-1.,1.224646799147E-16,0.));
#12445 = PCURVE('',#6338,#12446);
#12446 = DEFINITIONAL_REPRESENTATION('',(#12447),#12451);
#12447 = LINE('',#12448,#12449);
#12448 = CARTESIAN_POINT('',(0.,0.));
#12449 = VECTOR('',#12450,1.);
#12450 = DIRECTION('',(0.,1.));
#12451 = ( GEOMETRIC_REPRESENTATION_CONTEXT(2)
PARAMETRIC_REPRESENTATION_CONTEXT() REPRESENTATION_CONTEXT('2D SPACE',''
  ) );
#12452 = PCURVE('',#6392,#12453);
#12453 = DEFINITIONAL_REPRESENTATION('',(#12454),#12458);
#12454 = LINE('',#12455,#12456);
#12455 = CARTESIAN_POINT('',(-7.807123344564E-16,6.375));
#12456 = VECTOR('',#12457,1.);
#12457 = DIRECTION('',(1.,0.));
#12458 = ( GEOMETRIC_REPRESENTATION_CONTEXT(2)
PARAMETRIC_REPRESENTATION_CONTEXT() REPRESENTATION_CONTEXT('2D SPACE',''
  ) );
#12459 = ORIENTED_EDGE('',*,*,#6325,.T.);
#12460 = ORIENTED_EDGE('',*,*,#12461,.T.);
#12461 = EDGE_CURVE('',#6300,#12462,#12464,.T.);
#12462 = VERTEX_POINT('',#12463);
#12463 = CARTESIAN_POINT('',(-38.,-3.1875,8.));
#12464 = SURFACE_CURVE('',#12465,(#12469,#12476),.PCURVE_S1.);
#12465 = LINE('',#12466,#12467);
#12466 = CARTESIAN_POINT('',(-28.25,-3.1875,8.));
#12467 = VECTOR('',#12468,1.);
#12468 = DIRECTION('',(-1.,1.224646799147E-16,0.));
#12469 = PCURVE('',#6338,#12470);
#12470 = DEFINITIONAL_REPRESENTATION('',(#12471),#12475);
#12471 = LINE('',#12472,#12473);
#12472 = CARTESIAN_POINT('',(8.,0.));
#12473 = VECTOR('',#12474,1.);
#12474 = DIRECTION('',(0.,1.));
#12475 = ( GEOMETRIC_REPRESENTATION_CONTEXT(2)
PARAMETRIC_REPRESENTATION_CONTEXT() REPRESENTATION_CONTEXT('2D SPACE',''
  ) );
#12476 = PCURVE('',#12298,#12477);
#12477 = DEFINITIONAL_REPRESENTATION('',(#12478),#12482);
#12478 = LINE('',#12479,#12480);
#12479 = CARTESIAN_POINT('',(-7.807123344564E-16,6.375));
#12480 = VECTOR('',#12481,1.);
#12481 = DIRECTION('',(1.,0.));
#12482 = ( GEOMETRIC_REPRESENTATION_CONTEXT(2)
PARAMETRIC_REPRESENTATION_CONTEXT() REPRESENTATION_CONTEXT('2D SPACE',''
  ) );
#12483 = ORIENTED_EDGE('',*,*,#12484,.F.);
#12484 = EDGE_CURVE('',#12438,#12462,#12485,.T.);
#12485 = SURFACE_CURVE('',#12486,(#12490,#12497),.PCURVE_S1.);
#12486 = LINE('',#12487,#12488);
#12487 = CARTESIAN_POINT('',(-38.,-3.1875,0.));
#12488 = VECTOR('',#12489,1.);
#12489 = DIRECTION('',(0.,0.,1.));
#12490 = PCURVE('',#6338,#12491);
#12491 = DEFINITIONAL_REPRESENTATION('',(#12492),#12496);
#12492 = LINE('',#12493,#12494);
#12493 = CARTESIAN_POINT('',(0.,9.75));
#12494 = VECTOR('',#12495,1.);
#12495 = DIRECTION('',(1.,0.));
#12496 = ( GEOMETRIC_REPRESENTATION_CONTEXT(2)
PARAMETRIC_REPRESENTATION_CONTEXT() REPRESENTATION_CONTEXT('2D SPACE',''
  ) );
#12497 = PCURVE('',#12324,#12498);
#12498 = DEFINITIONAL_REPRESENTATION('',(#12499),#12503);
#12499 = LINE('',#12500,#12501);
#12500 = CARTESIAN_POINT('',(0.,-6.375));
#12501 = VECTOR('',#12502,1.);
#12502 = DIRECTION('',(1.,0.));
#12503 = ( GEOMETRIC_REPRESENTATION_CONTEXT(2)
PARAMETRIC_REPRESENTATION_CONTEXT() REPRESENTATION_CONTEXT('2D SPACE',''
  ) );
#12504 = ADVANCED_FACE('',(#12505),#6392,.F.);
#12505 = FACE_BOUND('',#12506,.F.);
#12506 = EDGE_LOOP('',(#12507,#12508,#12509,#12510));
#12507 = ORIENTED_EDGE('',*,*,#12437,.F.);
#12508 = ORIENTED_EDGE('',*,*,#6377,.F.);
#12509 = ORIENTED_EDGE('',*,*,#12258,.T.);
#12510 = ORIENTED_EDGE('',*,*,#12511,.T.);
#12511 = EDGE_CURVE('',#12259,#12438,#12512,.T.);
#12512 = SURFACE_CURVE('',#12513,(#12517,#12524),.PCURVE_S1.);
#12513 = LINE('',#12514,#12515);
#12514 = CARTESIAN_POINT('',(-38.,3.1875,0.));
#12515 = VECTOR('',#12516,1.);
#12516 = DIRECTION('',(-1.224646799147E-16,-1.,0.));
#12517 = PCURVE('',#6392,#12518);
#12518 = DEFINITIONAL_REPRESENTATION('',(#12519),#12523);
#12519 = LINE('',#12520,#12521);
#12520 = CARTESIAN_POINT('',(9.75,3.058522094685E-16));
#12521 = VECTOR('',#12522,1.);
#12522 = DIRECTION('',(0.,1.));
#12523 = ( GEOMETRIC_REPRESENTATION_CONTEXT(2)
PARAMETRIC_REPRESENTATION_CONTEXT() REPRESENTATION_CONTEXT('2D SPACE',''
  ) );
#12524 = PCURVE('',#12324,#12525);
#12525 = DEFINITIONAL_REPRESENTATION('',(#12526),#12530);
#12526 = LINE('',#12527,#12528);
#12527 = CARTESIAN_POINT('',(0.,0.));
#12528 = VECTOR('',#12529,1.);
#12529 = DIRECTION('',(0.,-1.));
#12530 = ( GEOMETRIC_REPRESENTATION_CONTEXT(2)
PARAMETRIC_REPRESENTATION_CONTEXT() REPRESENTATION_CONTEXT('2D SPACE',''
  ) );
#12531 = ADVANCED_FACE('',(#12532),#6450,.F.);
#12532 = FACE_BOUND('',#12533,.F.);
#12533 = EDGE_LOOP('',(#12534,#12535,#12536));
#12534 = ORIENTED_EDGE('',*,*,#6433,.T.);
#12535 = ORIENTED_EDGE('',*,*,#6533,.T.);
#12536 = ORIENTED_EDGE('',*,*,#12537,.T.);
#12537 = EDGE_CURVE('',#6513,#6434,#12538,.T.);
#12538 = SURFACE_CURVE('',#12539,(#12543,#12549),.PCURVE_S1.);
#12539 = LINE('',#12540,#12541);
#12540 = CARTESIAN_POINT('',(-16.93837406944,-6.664029523589,9.));
#12541 = VECTOR('',#12542,1.);
#12542 = DIRECTION('',(0.499916824138,-0.866073420066,0.));
#12543 = PCURVE('',#6450,#12544);
#12544 = DEFINITIONAL_REPRESENTATION('',(#12545),#12548);
#12545 = B_SPLINE_CURVE_WITH_KNOTS('',1,(#12546,#12547),.UNSPECIFIED.,
  .F.,.F.,(2,2),(4.464594799509,11.669526685686),
  .PIECEWISE_BEZIER_KNOTS.);
#12546 = CARTESIAN_POINT('',(-1.055751605401,3.12));
#12547 = CARTESIAN_POINT('',(2.546115061266,-3.12));
#12548 = ( GEOMETRIC_REPRESENTATION_CONTEXT(2)
PARAMETRIC_REPRESENTATION_CONTEXT() REPRESENTATION_CONTEXT('2D SPACE',''
  ) );
#12549 = PCURVE('',#6477,#12550);
#12550 = DEFINITIONAL_REPRESENTATION('',(#12551),#12554);
#12551 = B_SPLINE_CURVE_WITH_KNOTS('',1,(#12552,#12553),.UNSPECIFIED.,
  .F.,.F.,(2,2),(4.464594799509,11.669526685686),
  .PIECEWISE_BEZIER_KNOTS.);
#12552 = CARTESIAN_POINT('',(12.159126659273,-1.5));
#12553 = CARTESIAN_POINT('',(19.36405854545,-1.5));
#12554 = ( GEOMETRIC_REPRESENTATION_CONTEXT(2)
PARAMETRIC_REPRESENTATION_CONTEXT() REPRESENTATION_CONTEXT('2D SPACE',''
  ) );
#12555 = ADVANCED_FACE('',(#12556),#6477,.F.);
#12556 = FACE_BOUND('',#12557,.F.);
#12557 = EDGE_LOOP('',(#12558,#12579,#12580,#12581,#12582,#12583,#12584,
    #12585,#12606,#12627));
#12558 = ORIENTED_EDGE('',*,*,#12559,.F.);
#12559 = EDGE_CURVE('',#9202,#7603,#12560,.T.);
#12560 = SURFACE_CURVE('',#12561,(#12565,#12572),.PCURVE_S1.);
#12561 = LINE('',#12562,#12563);
#12562 = CARTESIAN_POINT('',(-10.395,-18.,7.5));
#12563 = VECTOR('',#12564,1.);
#12564 = DIRECTION('',(0.,0.,1.));
#12565 = PCURVE('',#6477,#12566);
#12566 = DEFINITIONAL_REPRESENTATION('',(#12567),#12571);
#12567 = LINE('',#12568,#12569);
#12568 = CARTESIAN_POINT('',(20.783457363971,0.));
#12569 = VECTOR('',#12570,1.);
#12570 = DIRECTION('',(0.,-1.));
#12571 = ( GEOMETRIC_REPRESENTATION_CONTEXT(2)
PARAMETRIC_REPRESENTATION_CONTEXT() REPRESENTATION_CONTEXT('2D SPACE',''
  ) );
#12572 = PCURVE('',#6606,#12573);
#12573 = DEFINITIONAL_REPRESENTATION('',(#12574),#12578);
#12574 = LINE('',#12575,#12576);
#12575 = CARTESIAN_POINT('',(0.,0.));
#12576 = VECTOR('',#12577,1.);
#12577 = DIRECTION('',(0.,-1.));
#12578 = ( GEOMETRIC_REPRESENTATION_CONTEXT(2)
PARAMETRIC_REPRESENTATION_CONTEXT() REPRESENTATION_CONTEXT('2D SPACE',''
  ) );
#12579 = ORIENTED_EDGE('',*,*,#9222,.T.);
#12580 = ORIENTED_EDGE('',*,*,#6462,.T.);
#12581 = ORIENTED_EDGE('',*,*,#12537,.F.);
#12582 = ORIENTED_EDGE('',*,*,#6512,.F.);
#12583 = ORIENTED_EDGE('',*,*,#9242,.T.);
#12584 = ORIENTED_EDGE('',*,*,#7062,.T.);
#12585 = ORIENTED_EDGE('',*,*,#12586,.F.);
#12586 = EDGE_CURVE('',#12587,#7034,#12589,.T.);
#12587 = VERTEX_POINT('',#12588);
#12588 = CARTESIAN_POINT('',(-20.785,0.,9.));
#12589 = SURFACE_CURVE('',#12590,(#12594,#12600),.PCURVE_S1.);
#12590 = LINE('',#12591,#12592);
#12591 = CARTESIAN_POINT('',(-20.60006154501,-0.320393858486,9.));
#12592 = VECTOR('',#12593,1.);
#12593 = DIRECTION('',(0.499916824138,-0.866073420066,0.));
#12594 = PCURVE('',#6477,#12595);
#12595 = DEFINITIONAL_REPRESENTATION('',(#12596),#12599);
#12596 = B_SPLINE_CURVE_WITH_KNOTS('',1,(#12597,#12598),.UNSPECIFIED.,
  .F.,.F.,(2,2),(-0.369938449862,3.232527493226),
  .PIECEWISE_BEZIER_KNOTS.);
#12597 = CARTESIAN_POINT('',(0.,-1.5));
#12598 = CARTESIAN_POINT('',(3.602465943088,-1.5));
#12599 = ( GEOMETRIC_REPRESENTATION_CONTEXT(2)
PARAMETRIC_REPRESENTATION_CONTEXT() REPRESENTATION_CONTEXT('2D SPACE',''
  ) );
#12600 = PCURVE('',#7050,#12601);
#12601 = DEFINITIONAL_REPRESENTATION('',(#12602),#12605);
#12602 = B_SPLINE_CURVE_WITH_KNOTS('',1,(#12603,#12604),.UNSPECIFIED.,
  .F.,.F.,(2,2),(-0.369938449862,3.232527493226),
  .PIECEWISE_BEZIER_KNOTS.);
#12603 = CARTESIAN_POINT('',(-1.48,-2.386979502944E-15));
#12604 = CARTESIAN_POINT('',(0.320933333333,-3.12));
#12605 = ( GEOMETRIC_REPRESENTATION_CONTEXT(2)
PARAMETRIC_REPRESENTATION_CONTEXT() REPRESENTATION_CONTEXT('2D SPACE',''
  ) );
#12606 = ORIENTED_EDGE('',*,*,#12607,.T.);
#12607 = EDGE_CURVE('',#12587,#7601,#12608,.T.);
#12608 = SURFACE_CURVE('',#12609,(#12613,#12620),.PCURVE_S1.);
#12609 = LINE('',#12610,#12611);
#12610 = CARTESIAN_POINT('',(-20.785,0.,7.5));
#12611 = VECTOR('',#12612,1.);
#12612 = DIRECTION('',(0.,0.,1.));
#12613 = PCURVE('',#6477,#12614);
#12614 = DEFINITIONAL_REPRESENTATION('',(#12615),#12619);
#12615 = LINE('',#12616,#12617);
#12616 = CARTESIAN_POINT('',(0.,0.));
#12617 = VECTOR('',#12618,1.);
#12618 = DIRECTION('',(0.,-1.));
#12619 = ( GEOMETRIC_REPRESENTATION_CONTEXT(2)
PARAMETRIC_REPRESENTATION_CONTEXT() REPRESENTATION_CONTEXT('2D SPACE',''
  ) );
#12620 = PCURVE('',#7122,#12621);
#12621 = DEFINITIONAL_REPRESENTATION('',(#12622),#12626);
#12622 = LINE('',#12623,#12624);
#12623 = CARTESIAN_POINT('',(20.783457363971,0.));
#12624 = VECTOR('',#12625,1.);
#12625 = DIRECTION('',(0.,-1.));
#12626 = ( GEOMETRIC_REPRESENTATION_CONTEXT(2)
PARAMETRIC_REPRESENTATION_CONTEXT() REPRESENTATION_CONTEXT('2D SPACE',''
  ) );
#12627 = ORIENTED_EDGE('',*,*,#7600,.T.);
#12628 = ADVANCED_FACE('',(#12629),#6579,.F.);
#12629 = FACE_BOUND('',#12630,.F.);
#12630 = EDGE_LOOP('',(#12631,#12650));
#12631 = ORIENTED_EDGE('',*,*,#12632,.T.);
#12632 = EDGE_CURVE('',#6563,#6561,#12633,.T.);
#12633 = SURFACE_CURVE('',#12634,(#12638,#12644),.PCURVE_S1.);
#12634 = LINE('',#12635,#12636);
#12635 = CARTESIAN_POINT('',(-5.1975,-18.,9.));
#12636 = VECTOR('',#12637,1.);
#12637 = DIRECTION('',(1.,0.,0.));
#12638 = PCURVE('',#6579,#12639);
#12639 = DEFINITIONAL_REPRESENTATION('',(#12640),#12643);
#12640 = B_SPLINE_CURVE_WITH_KNOTS('',1,(#12641,#12642),.UNSPECIFIED.,
  .F.,.F.,(2,2),(2.0775,8.3175),.PIECEWISE_BEZIER_KNOTS.);
#12641 = CARTESIAN_POINT('',(-3.12,1.305));
#12642 = CARTESIAN_POINT('',(3.12,1.305));
#12643 = ( GEOMETRIC_REPRESENTATION_CONTEXT(2)
PARAMETRIC_REPRESENTATION_CONTEXT() REPRESENTATION_CONTEXT('2D SPACE',''
  ) );
#12644 = PCURVE('',#6606,#12645);
#12645 = DEFINITIONAL_REPRESENTATION('',(#12646),#12649);
#12646 = B_SPLINE_CURVE_WITH_KNOTS('',1,(#12647,#12648),.UNSPECIFIED.,
  .F.,.F.,(2,2),(2.0775,8.3175),.PIECEWISE_BEZIER_KNOTS.);
#12647 = CARTESIAN_POINT('',(7.275,-1.5));
#12648 = CARTESIAN_POINT('',(13.515,-1.5));
#12649 = ( GEOMETRIC_REPRESENTATION_CONTEXT(2)
PARAMETRIC_REPRESENTATION_CONTEXT() REPRESENTATION_CONTEXT('2D SPACE',''
  ) );
#12650 = ORIENTED_EDGE('',*,*,#6560,.T.);
#12651 = ADVANCED_FACE('',(#12652),#6606,.F.);
#12652 = FACE_BOUND('',#12653,.F.);
#12653 = EDGE_LOOP('',(#12654,#12675,#12676,#12677,#12678,#12679,#12680,
    #12681));
#12654 = ORIENTED_EDGE('',*,*,#12655,.F.);
#12655 = EDGE_CURVE('',#9160,#7626,#12656,.T.);
#12656 = SURFACE_CURVE('',#12657,(#12661,#12668),.PCURVE_S1.);
#12657 = LINE('',#12658,#12659);
#12658 = CARTESIAN_POINT('',(10.395,-18.,7.5));
#12659 = VECTOR('',#12660,1.);
#12660 = DIRECTION('',(0.,0.,1.));
#12661 = PCURVE('',#6606,#12662);
#12662 = DEFINITIONAL_REPRESENTATION('',(#12663),#12667);
#12663 = LINE('',#12664,#12665);
#12664 = CARTESIAN_POINT('',(20.79,0.));
#12665 = VECTOR('',#12666,1.);
#12666 = DIRECTION('',(0.,-1.));
#12667 = ( GEOMETRIC_REPRESENTATION_CONTEXT(2)
PARAMETRIC_REPRESENTATION_CONTEXT() REPRESENTATION_CONTEXT('2D SPACE',''
  ) );
#12668 = PCURVE('',#6756,#12669);
#12669 = DEFINITIONAL_REPRESENTATION('',(#12670),#12674);
#12670 = LINE('',#12671,#12672);
#12671 = CARTESIAN_POINT('',(0.,0.));
#12672 = VECTOR('',#12673,1.);
#12673 = DIRECTION('',(0.,-1.));
#12674 = ( GEOMETRIC_REPRESENTATION_CONTEXT(2)
PARAMETRIC_REPRESENTATION_CONTEXT() REPRESENTATION_CONTEXT('2D SPACE',''
  ) );
#12675 = ORIENTED_EDGE('',*,*,#9180,.T.);
#12676 = ORIENTED_EDGE('',*,*,#6591,.T.);
#12677 = ORIENTED_EDGE('',*,*,#12632,.F.);
#12678 = ORIENTED_EDGE('',*,*,#6688,.F.);
#12679 = ORIENTED_EDGE('',*,*,#9201,.T.);
#12680 = ORIENTED_EDGE('',*,*,#12559,.T.);
#12681 = ORIENTED_EDGE('',*,*,#7625,.T.);
#12682 = ADVANCED_FACE('',(#12683),#6729,.F.);
#12683 = FACE_BOUND('',#12684,.F.);
#12684 = EDGE_LOOP('',(#12685,#12704));
#12685 = ORIENTED_EDGE('',*,*,#12686,.T.);
#12686 = EDGE_CURVE('',#6713,#6711,#12687,.T.);
#12687 = SURFACE_CURVE('',#12688,(#12692,#12698),.PCURVE_S1.);
#12688 = LINE('',#12689,#12690);
#12689 = CARTESIAN_POINT('',(11.74337406944,-15.66402952358,9.));
#12690 = VECTOR('',#12691,1.);
#12691 = DIRECTION('',(0.499916824138,0.866073420066,-0.));
#12692 = PCURVE('',#6729,#12693);
#12693 = DEFINITIONAL_REPRESENTATION('',(#12694),#12697);
#12694 = B_SPLINE_CURVE_WITH_KNOTS('',1,(#12695,#12696),.UNSPECIFIED.,
  .F.,.F.,(2,2),(-1.2777980037,5.927133882476),
  .PIECEWISE_BEZIER_KNOTS.);
#12695 = CARTESIAN_POINT('',(-2.546115061266,-3.12));
#12696 = CARTESIAN_POINT('',(1.055751605401,3.12));
#12697 = ( GEOMETRIC_REPRESENTATION_CONTEXT(2)
PARAMETRIC_REPRESENTATION_CONTEXT() REPRESENTATION_CONTEXT('2D SPACE',''
  ) );
#12698 = PCURVE('',#6756,#12699);
#12699 = DEFINITIONAL_REPRESENTATION('',(#12700),#12703);
#12700 = B_SPLINE_CURVE_WITH_KNOTS('',1,(#12701,#12702),.UNSPECIFIED.,
  .F.,.F.,(2,2),(-1.2777980037,5.927133882476),
  .PIECEWISE_BEZIER_KNOTS.);
#12701 = CARTESIAN_POINT('',(1.419398818521,-1.5));
#12702 = CARTESIAN_POINT('',(8.624330704698,-1.5));
#12703 = ( GEOMETRIC_REPRESENTATION_CONTEXT(2)
PARAMETRIC_REPRESENTATION_CONTEXT() REPRESENTATION_CONTEXT('2D SPACE',''
  ) );
#12704 = ORIENTED_EDGE('',*,*,#6710,.T.);
#12705 = ADVANCED_FACE('',(#12706),#6756,.F.);
#12706 = FACE_BOUND('',#12707,.F.);
#12707 = EDGE_LOOP('',(#12708,#12709,#12710,#12711,#12712,#12713,#12714,
    #12715,#12716,#12739));
#12708 = ORIENTED_EDGE('',*,*,#6988,.F.);
#12709 = ORIENTED_EDGE('',*,*,#9138,.T.);
#12710 = ORIENTED_EDGE('',*,*,#6741,.T.);
#12711 = ORIENTED_EDGE('',*,*,#12686,.F.);
#12712 = ORIENTED_EDGE('',*,*,#6838,.F.);
#12713 = ORIENTED_EDGE('',*,*,#9159,.T.);
#12714 = ORIENTED_EDGE('',*,*,#12655,.T.);
#12715 = ORIENTED_EDGE('',*,*,#7648,.T.);
#12716 = ORIENTED_EDGE('',*,*,#12717,.F.);
#12717 = EDGE_CURVE('',#12718,#7649,#12720,.T.);
#12718 = VERTEX_POINT('',#12719);
#12719 = CARTESIAN_POINT('',(20.785,0.,9.));
#12720 = SURFACE_CURVE('',#12721,(#12725,#12732),.PCURVE_S1.);
#12721 = LINE('',#12722,#12723);
#12722 = CARTESIAN_POINT('',(20.785,0.,7.5));
#12723 = VECTOR('',#12724,1.);
#12724 = DIRECTION('',(0.,0.,1.));
#12725 = PCURVE('',#6756,#12726);
#12726 = DEFINITIONAL_REPRESENTATION('',(#12727),#12731);
#12727 = LINE('',#12728,#12729);
#12728 = CARTESIAN_POINT('',(20.783457363971,0.));
#12729 = VECTOR('',#12730,1.);
#12730 = DIRECTION('',(0.,-1.));
#12731 = ( GEOMETRIC_REPRESENTATION_CONTEXT(2)
PARAMETRIC_REPRESENTATION_CONTEXT() REPRESENTATION_CONTEXT('2D SPACE',''
  ) );
#12732 = PCURVE('',#6906,#12733);
#12733 = DEFINITIONAL_REPRESENTATION('',(#12734),#12738);
#12734 = LINE('',#12735,#12736);
#12735 = CARTESIAN_POINT('',(0.,0.));
#12736 = VECTOR('',#12737,1.);
#12737 = DIRECTION('',(0.,-1.));
#12738 = ( GEOMETRIC_REPRESENTATION_CONTEXT(2)
PARAMETRIC_REPRESENTATION_CONTEXT() REPRESENTATION_CONTEXT('2D SPACE',''
  ) );
#12739 = ORIENTED_EDGE('',*,*,#12740,.F.);
#12740 = EDGE_CURVE('',#6863,#12718,#12741,.T.);
#12741 = SURFACE_CURVE('',#12742,(#12746,#12752),.PCURVE_S1.);
#12742 = LINE('',#12743,#12744);
#12743 = CARTESIAN_POINT('',(15.405061545019,-9.320393858486,9.));
#12744 = VECTOR('',#12745,1.);
#12745 = DIRECTION('',(0.499916824138,0.866073420066,-0.));
#12746 = PCURVE('',#6756,#12747);
#12747 = DEFINITIONAL_REPRESENTATION('',(#12748),#12751);
#12748 = B_SPLINE_CURVE_WITH_KNOTS('',1,(#12749,#12750),.UNSPECIFIED.,
  .F.,.F.,(2,2),(7.159201188759,10.761667131847),
  .PIECEWISE_BEZIER_KNOTS.);
#12749 = CARTESIAN_POINT('',(17.180991420883,-1.5));
#12750 = CARTESIAN_POINT('',(20.783457363971,-1.5));
#12751 = ( GEOMETRIC_REPRESENTATION_CONTEXT(2)
PARAMETRIC_REPRESENTATION_CONTEXT() REPRESENTATION_CONTEXT('2D SPACE',''
  ) );
#12752 = PCURVE('',#6879,#12753);
#12753 = DEFINITIONAL_REPRESENTATION('',(#12754),#12757);
#12754 = B_SPLINE_CURVE_WITH_KNOTS('',1,(#12755,#12756),.UNSPECIFIED.,
  .F.,.F.,(2,2),(7.159201188759,10.761667131847),
  .PIECEWISE_BEZIER_KNOTS.);
#12755 = CARTESIAN_POINT('',(-0.320933333333,-3.12));
#12756 = CARTESIAN_POINT('',(1.48,-1.7763568394E-15));
#12757 = ( GEOMETRIC_REPRESENTATION_CONTEXT(2)
PARAMETRIC_REPRESENTATION_CONTEXT() REPRESENTATION_CONTEXT('2D SPACE',''
  ) );
#12758 = ADVANCED_FACE('',(#12759),#6879,.F.);
#12759 = FACE_BOUND('',#12760,.F.);
#12760 = EDGE_LOOP('',(#12761,#12780,#12781));
#12761 = ORIENTED_EDGE('',*,*,#12762,.T.);
#12762 = EDGE_CURVE('',#12718,#6861,#12763,.T.);
#12763 = SURFACE_CURVE('',#12764,(#12768,#12774),.PCURVE_S1.);
#12764 = LINE('',#12765,#12766);
#12765 = CARTESIAN_POINT('',(20.600061545019,0.320393858486,9.));
#12766 = VECTOR('',#12767,1.);
#12767 = DIRECTION('',(-0.499916824138,0.866073420066,0.));
#12768 = PCURVE('',#6879,#12769);
#12769 = DEFINITIONAL_REPRESENTATION('',(#12770),#12773);
#12770 = B_SPLINE_CURVE_WITH_KNOTS('',1,(#12771,#12772),.UNSPECIFIED.,
  .F.,.F.,(2,2),(-0.369938449862,3.232527493226),
  .PIECEWISE_BEZIER_KNOTS.);
#12771 = CARTESIAN_POINT('',(1.48,2.775557561563E-16));
#12772 = CARTESIAN_POINT('',(-0.320933333333,3.12));
#12773 = ( GEOMETRIC_REPRESENTATION_CONTEXT(2)
PARAMETRIC_REPRESENTATION_CONTEXT() REPRESENTATION_CONTEXT('2D SPACE',''
  ) );
#12774 = PCURVE('',#6906,#12775);
#12775 = DEFINITIONAL_REPRESENTATION('',(#12776),#12779);
#12776 = B_SPLINE_CURVE_WITH_KNOTS('',1,(#12777,#12778),.UNSPECIFIED.,
  .F.,.F.,(2,2),(-0.369938449862,3.232527493226),
  .PIECEWISE_BEZIER_KNOTS.);
#12777 = CARTESIAN_POINT('',(0.,-1.5));
#12778 = CARTESIAN_POINT('',(3.602465943088,-1.5));
#12779 = ( GEOMETRIC_REPRESENTATION_CONTEXT(2)
PARAMETRIC_REPRESENTATION_CONTEXT() REPRESENTATION_CONTEXT('2D SPACE',''
  ) );
#12780 = ORIENTED_EDGE('',*,*,#6860,.T.);
#12781 = ORIENTED_EDGE('',*,*,#12740,.T.);
#12782 = ADVANCED_FACE('',(#12783),#6906,.F.);
#12783 = FACE_BOUND('',#12784,.F.);
#12784 = EDGE_LOOP('',(#12785,#12806,#12807,#12808,#12827,#12828,#12829,
    #12830,#12831,#12832));
#12785 = ORIENTED_EDGE('',*,*,#12786,.F.);
#12786 = EDGE_CURVE('',#9325,#7672,#12787,.T.);
#12787 = SURFACE_CURVE('',#12788,(#12792,#12799),.PCURVE_S1.);
#12788 = LINE('',#12789,#12790);
#12789 = CARTESIAN_POINT('',(10.395,18.,7.5));
#12790 = VECTOR('',#12791,1.);
#12791 = DIRECTION('',(0.,0.,1.));
#12792 = PCURVE('',#6906,#12793);
#12793 = DEFINITIONAL_REPRESENTATION('',(#12794),#12798);
#12794 = LINE('',#12795,#12796);
#12795 = CARTESIAN_POINT('',(20.783457363971,0.));
#12796 = VECTOR('',#12797,1.);
#12797 = DIRECTION('',(0.,-1.));
#12798 = ( GEOMETRIC_REPRESENTATION_CONTEXT(2)
PARAMETRIC_REPRESENTATION_CONTEXT() REPRESENTATION_CONTEXT('2D SPACE',''
  ) );
#12799 = PCURVE('',#7351,#12800);
#12800 = DEFINITIONAL_REPRESENTATION('',(#12801),#12805);
#12801 = LINE('',#12802,#12803);
#12802 = CARTESIAN_POINT('',(0.,-0.));
#12803 = VECTOR('',#12804,1.);
#12804 = DIRECTION('',(0.,-1.));
#12805 = ( GEOMETRIC_REPRESENTATION_CONTEXT(2)
PARAMETRIC_REPRESENTATION_CONTEXT() REPRESENTATION_CONTEXT('2D SPACE',''
  ) );
#12806 = ORIENTED_EDGE('',*,*,#9345,.T.);
#12807 = ORIENTED_EDGE('',*,*,#7486,.T.);
#12808 = ORIENTED_EDGE('',*,*,#12809,.F.);
#12809 = EDGE_CURVE('',#7458,#7456,#12810,.T.);
#12810 = SURFACE_CURVE('',#12811,(#12815,#12821),.PCURVE_S1.);
#12811 = LINE('',#12812,#12813);
#12812 = CARTESIAN_POINT('',(16.93837406944,6.664029523589,9.));
#12813 = VECTOR('',#12814,1.);
#12814 = DIRECTION('',(-0.499916824138,0.866073420066,0.));
#12815 = PCURVE('',#6906,#12816);
#12816 = DEFINITIONAL_REPRESENTATION('',(#12817),#12820);
#12817 = B_SPLINE_CURVE_WITH_KNOTS('',1,(#12818,#12819),.UNSPECIFIED.,
  .F.,.F.,(2,2),(4.464594799509,11.669526685686),
  .PIECEWISE_BEZIER_KNOTS.);
#12818 = CARTESIAN_POINT('',(12.159126659273,-1.5));
#12819 = CARTESIAN_POINT('',(19.36405854545,-1.5));
#12820 = ( GEOMETRIC_REPRESENTATION_CONTEXT(2)
PARAMETRIC_REPRESENTATION_CONTEXT() REPRESENTATION_CONTEXT('2D SPACE',''
  ) );
#12821 = PCURVE('',#7474,#12822);
#12822 = DEFINITIONAL_REPRESENTATION('',(#12823),#12826);
#12823 = B_SPLINE_CURVE_WITH_KNOTS('',1,(#12824,#12825),.UNSPECIFIED.,
  .F.,.F.,(2,2),(4.464594799509,11.669526685686),
  .PIECEWISE_BEZIER_KNOTS.);
#12824 = CARTESIAN_POINT('',(1.055751605401,-3.12));
#12825 = CARTESIAN_POINT('',(-2.546115061266,3.12));
#12826 = ( GEOMETRIC_REPRESENTATION_CONTEXT(2)
PARAMETRIC_REPRESENTATION_CONTEXT() REPRESENTATION_CONTEXT('2D SPACE',''
  ) );
#12827 = ORIENTED_EDGE('',*,*,#7578,.F.);
#12828 = ORIENTED_EDGE('',*,*,#9366,.T.);
#12829 = ORIENTED_EDGE('',*,*,#6891,.T.);
#12830 = ORIENTED_EDGE('',*,*,#12762,.F.);
#12831 = ORIENTED_EDGE('',*,*,#12717,.T.);
#12832 = ORIENTED_EDGE('',*,*,#7671,.T.);
#12833 = ADVANCED_FACE('',(#12834),#7050,.F.);
#12834 = FACE_BOUND('',#12835,.F.);
#12835 = EDGE_LOOP('',(#12836,#12837,#12838,#12857));
#12836 = ORIENTED_EDGE('',*,*,#7033,.T.);
#12837 = ORIENTED_EDGE('',*,*,#7133,.T.);
#12838 = ORIENTED_EDGE('',*,*,#12839,.T.);
#12839 = EDGE_CURVE('',#7108,#12587,#12840,.T.);
#12840 = SURFACE_CURVE('',#12841,(#12845,#12851),.PCURVE_S1.);
#12841 = LINE('',#12842,#12843);
#12842 = CARTESIAN_POINT('',(-15.40506154501,9.320393858486,9.));
#12843 = VECTOR('',#12844,1.);
#12844 = DIRECTION('',(-0.499916824138,-0.866073420066,0.));
#12845 = PCURVE('',#7050,#12846);
#12846 = DEFINITIONAL_REPRESENTATION('',(#12847),#12850);
#12847 = B_SPLINE_CURVE_WITH_KNOTS('',1,(#12848,#12849),.UNSPECIFIED.,
  .F.,.F.,(2,2),(7.159201188759,10.761667131847),
  .PIECEWISE_BEZIER_KNOTS.);
#12848 = CARTESIAN_POINT('',(0.320933333333,3.12));
#12849 = CARTESIAN_POINT('',(-1.48,-1.7763568394E-15));
#12850 = ( GEOMETRIC_REPRESENTATION_CONTEXT(2)
PARAMETRIC_REPRESENTATION_CONTEXT() REPRESENTATION_CONTEXT('2D SPACE',''
  ) );
#12851 = PCURVE('',#7122,#12852);
#12852 = DEFINITIONAL_REPRESENTATION('',(#12853),#12856);
#12853 = B_SPLINE_CURVE_WITH_KNOTS('',1,(#12854,#12855),.UNSPECIFIED.,
  .F.,.F.,(2,2),(7.159201188759,10.761667131847),
  .PIECEWISE_BEZIER_KNOTS.);
#12854 = CARTESIAN_POINT('',(17.180991420883,-1.5));
#12855 = CARTESIAN_POINT('',(20.783457363971,-1.5));
#12856 = ( GEOMETRIC_REPRESENTATION_CONTEXT(2)
PARAMETRIC_REPRESENTATION_CONTEXT() REPRESENTATION_CONTEXT('2D SPACE',''
  ) );
#12857 = ORIENTED_EDGE('',*,*,#12586,.T.);
#12858 = ADVANCED_FACE('',(#12859),#7122,.F.);
#12859 = FACE_BOUND('',#12860,.F.);
#12860 = EDGE_LOOP('',(#12861,#12862,#12863,#12864,#12865,#12866,#12885,
    #12886,#12887,#12908));
#12861 = ORIENTED_EDGE('',*,*,#12607,.F.);
#12862 = ORIENTED_EDGE('',*,*,#12839,.F.);
#12863 = ORIENTED_EDGE('',*,*,#7107,.F.);
#12864 = ORIENTED_EDGE('',*,*,#9262,.T.);
#12865 = ORIENTED_EDGE('',*,*,#7212,.T.);
#12866 = ORIENTED_EDGE('',*,*,#12867,.F.);
#12867 = EDGE_CURVE('',#7258,#7184,#12868,.T.);
#12868 = SURFACE_CURVE('',#12869,(#12873,#12879),.PCURVE_S1.);
#12869 = LINE('',#12870,#12871);
#12870 = CARTESIAN_POINT('',(-11.74337406944,15.664029523589,9.));
#12871 = VECTOR('',#12872,1.);
#12872 = DIRECTION('',(-0.499916824138,-0.866073420066,0.));
#12873 = PCURVE('',#7122,#12874);
#12874 = DEFINITIONAL_REPRESENTATION('',(#12875),#12878);
#12875 = B_SPLINE_CURVE_WITH_KNOTS('',1,(#12876,#12877),.UNSPECIFIED.,
  .F.,.F.,(2,2),(-1.2777980037,5.927133882476),
  .PIECEWISE_BEZIER_KNOTS.);
#12876 = CARTESIAN_POINT('',(1.419398818521,-1.5));
#12877 = CARTESIAN_POINT('',(8.624330704698,-1.5));
#12878 = ( GEOMETRIC_REPRESENTATION_CONTEXT(2)
PARAMETRIC_REPRESENTATION_CONTEXT() REPRESENTATION_CONTEXT('2D SPACE',''
  ) );
#12879 = PCURVE('',#7200,#12880);
#12880 = DEFINITIONAL_REPRESENTATION('',(#12881),#12884);
#12881 = B_SPLINE_CURVE_WITH_KNOTS('',1,(#12882,#12883),.UNSPECIFIED.,
  .F.,.F.,(2,2),(-1.2777980037,5.927133882476),
  .PIECEWISE_BEZIER_KNOTS.);
#12882 = CARTESIAN_POINT('',(2.546115061266,3.12));
#12883 = CARTESIAN_POINT('',(-1.055751605401,-3.12));
#12884 = ( GEOMETRIC_REPRESENTATION_CONTEXT(2)
PARAMETRIC_REPRESENTATION_CONTEXT() REPRESENTATION_CONTEXT('2D SPACE',''
  ) );
#12885 = ORIENTED_EDGE('',*,*,#7257,.F.);
#12886 = ORIENTED_EDGE('',*,*,#9282,.T.);
#12887 = ORIENTED_EDGE('',*,*,#12888,.T.);
#12888 = EDGE_CURVE('',#9283,#7695,#12889,.T.);
#12889 = SURFACE_CURVE('',#12890,(#12894,#12901),.PCURVE_S1.);
#12890 = LINE('',#12891,#12892);
#12891 = CARTESIAN_POINT('',(-10.395,18.,7.5));
#12892 = VECTOR('',#12893,1.);
#12893 = DIRECTION('',(0.,0.,1.));
#12894 = PCURVE('',#7122,#12895);
#12895 = DEFINITIONAL_REPRESENTATION('',(#12896),#12900);
#12896 = LINE('',#12897,#12898);
#12897 = CARTESIAN_POINT('',(0.,0.));
#12898 = VECTOR('',#12899,1.);
#12899 = DIRECTION('',(0.,-1.));
#12900 = ( GEOMETRIC_REPRESENTATION_CONTEXT(2)
PARAMETRIC_REPRESENTATION_CONTEXT() REPRESENTATION_CONTEXT('2D SPACE',''
  ) );
#12901 = PCURVE('',#7351,#12902);
#12902 = DEFINITIONAL_REPRESENTATION('',(#12903),#12907);
#12903 = LINE('',#12904,#12905);
#12904 = CARTESIAN_POINT('',(20.79,0.));
#12905 = VECTOR('',#12906,1.);
#12906 = DIRECTION('',(0.,-1.));
#12907 = ( GEOMETRIC_REPRESENTATION_CONTEXT(2)
PARAMETRIC_REPRESENTATION_CONTEXT() REPRESENTATION_CONTEXT('2D SPACE',''
  ) );
#12908 = ORIENTED_EDGE('',*,*,#7717,.T.);
#12909 = ADVANCED_FACE('',(#12910),#7200,.F.);
#12910 = FACE_BOUND('',#12911,.F.);
#12911 = EDGE_LOOP('',(#12912,#12913,#12914));
#12912 = ORIENTED_EDGE('',*,*,#7183,.T.);
#12913 = ORIENTED_EDGE('',*,*,#7278,.T.);
#12914 = ORIENTED_EDGE('',*,*,#12867,.T.);
#12915 = ADVANCED_FACE('',(#12916),#7324,.F.);
#12916 = FACE_BOUND('',#12917,.F.);
#12917 = EDGE_LOOP('',(#12918,#12937));
#12918 = ORIENTED_EDGE('',*,*,#12919,.T.);
#12919 = EDGE_CURVE('',#7308,#7306,#12920,.T.);
#12920 = SURFACE_CURVE('',#12921,(#12925,#12931),.PCURVE_S1.);
#12921 = LINE('',#12922,#12923);
#12922 = CARTESIAN_POINT('',(5.1975,18.,9.));
#12923 = VECTOR('',#12924,1.);
#12924 = DIRECTION('',(-1.,0.,0.));
#12925 = PCURVE('',#7324,#12926);
#12926 = DEFINITIONAL_REPRESENTATION('',(#12927),#12930);
#12927 = B_SPLINE_CURVE_WITH_KNOTS('',1,(#12928,#12929),.UNSPECIFIED.,
  .F.,.F.,(2,2),(2.0775,8.3175),.PIECEWISE_BEZIER_KNOTS.);
#12928 = CARTESIAN_POINT('',(3.12,-1.305));
#12929 = CARTESIAN_POINT('',(-3.12,-1.305));
#12930 = ( GEOMETRIC_REPRESENTATION_CONTEXT(2)
PARAMETRIC_REPRESENTATION_CONTEXT() REPRESENTATION_CONTEXT('2D SPACE',''
  ) );
#12931 = PCURVE('',#7351,#12932);
#12932 = DEFINITIONAL_REPRESENTATION('',(#12933),#12936);
#12933 = B_SPLINE_CURVE_WITH_KNOTS('',1,(#12934,#12935),.UNSPECIFIED.,
  .F.,.F.,(2,2),(2.0775,8.3175),.PIECEWISE_BEZIER_KNOTS.);
#12934 = CARTESIAN_POINT('',(7.275,-1.5));
#12935 = CARTESIAN_POINT('',(13.515,-1.5));
#12936 = ( GEOMETRIC_REPRESENTATION_CONTEXT(2)
PARAMETRIC_REPRESENTATION_CONTEXT() REPRESENTATION_CONTEXT('2D SPACE',''
  ) );
#12937 = ORIENTED_EDGE('',*,*,#7305,.T.);
#12938 = ADVANCED_FACE('',(#12939),#7351,.F.);
#12939 = FACE_BOUND('',#12940,.F.);
#12940 = EDGE_LOOP('',(#12941,#12942,#12943,#12944,#12945,#12946,#12947,
    #12948));
#12941 = ORIENTED_EDGE('',*,*,#12888,.F.);
#12942 = ORIENTED_EDGE('',*,*,#9303,.T.);
#12943 = ORIENTED_EDGE('',*,*,#7336,.T.);
#12944 = ORIENTED_EDGE('',*,*,#12919,.F.);
#12945 = ORIENTED_EDGE('',*,*,#7433,.F.);
#12946 = ORIENTED_EDGE('',*,*,#9324,.T.);
#12947 = ORIENTED_EDGE('',*,*,#12786,.T.);
#12948 = ORIENTED_EDGE('',*,*,#7694,.T.);
#12949 = ADVANCED_FACE('',(#12950),#7474,.F.);
#12950 = FACE_BOUND('',#12951,.F.);
#12951 = EDGE_LOOP('',(#12952,#12953));
#12952 = ORIENTED_EDGE('',*,*,#12809,.T.);
#12953 = ORIENTED_EDGE('',*,*,#7455,.T.);
#12954 = ADVANCED_FACE('',(#12955),#7806,.T.);
#12955 = FACE_BOUND('',#12956,.T.);
#12956 = EDGE_LOOP('',(#12957,#12958,#12959,#12960));
#12957 = ORIENTED_EDGE('',*,*,#9549,.F.);
#12958 = ORIENTED_EDGE('',*,*,#7792,.T.);
#12959 = ORIENTED_EDGE('',*,*,#9500,.T.);
#12960 = ORIENTED_EDGE('',*,*,#12961,.F.);
#12961 = EDGE_CURVE('',#9527,#9473,#12962,.T.);
#12962 = SURFACE_CURVE('',#12963,(#12967,#12974),.PCURVE_S1.);
#12963 = LINE('',#12964,#12965);
#12964 = CARTESIAN_POINT('',(38.,-3.1875,8.));
#12965 = VECTOR('',#12966,1.);
#12966 = DIRECTION('',(0.,1.,0.));
#12967 = PCURVE('',#7806,#12968);
#12968 = DEFINITIONAL_REPRESENTATION('',(#12969),#12973);
#12969 = LINE('',#12970,#12971);
#12970 = CARTESIAN_POINT('',(8.,0.));
#12971 = VECTOR('',#12972,1.);
#12972 = DIRECTION('',(0.,-1.));
#12973 = ( GEOMETRIC_REPRESENTATION_CONTEXT(2)
PARAMETRIC_REPRESENTATION_CONTEXT() REPRESENTATION_CONTEXT('2D SPACE',''
  ) );
#12974 = PCURVE('',#9488,#12975);
#12975 = DEFINITIONAL_REPRESENTATION('',(#12976),#12980);
#12976 = LINE('',#12977,#12978);
#12977 = CARTESIAN_POINT('',(9.75,0.));
#12978 = VECTOR('',#12979,1.);
#12979 = DIRECTION('',(0.,1.));
#12980 = ( GEOMETRIC_REPRESENTATION_CONTEXT(2)
PARAMETRIC_REPRESENTATION_CONTEXT() REPRESENTATION_CONTEXT('2D SPACE',''
  ) );
#12981 = ADVANCED_FACE('',(#12982),#7839,.T.);
#12982 = FACE_BOUND('',#12983,.T.);
#12983 = EDGE_LOOP('',(#12984,#13008,#13030,#13031,#13032));
#12984 = ORIENTED_EDGE('',*,*,#12985,.T.);
#12985 = EDGE_CURVE('',#4526,#12986,#12988,.T.);
#12986 = VERTEX_POINT('',#12987);
#12987 = CARTESIAN_POINT('',(29.25,-7.164183775012E-15,8.));
#12988 = SURFACE_CURVE('',#12989,(#12994,#13001),.PCURVE_S1.);
#12989 = CIRCLE('',#12990,29.25);
#12990 = AXIS2_PLACEMENT_3D('',#12991,#12992,#12993);
#12991 = CARTESIAN_POINT('',(0.,0.,8.));
#12992 = DIRECTION('',(0.,0.,1.));
#12993 = DIRECTION('',(1.,0.,-0.));
#12994 = PCURVE('',#7839,#12995);
#12995 = DEFINITIONAL_REPRESENTATION('',(#12996),#13000);
#12996 = CIRCLE('',#12997,29.25);
#12997 = AXIS2_PLACEMENT_2D('',#12998,#12999);
#12998 = CARTESIAN_POINT('',(0.,0.));
#12999 = DIRECTION('',(1.,0.));
#13000 = ( GEOMETRIC_REPRESENTATION_CONTEXT(2)
PARAMETRIC_REPRESENTATION_CONTEXT() REPRESENTATION_CONTEXT('2D SPACE',''
  ) );
#13001 = PCURVE('',#9488,#13002);
#13002 = DEFINITIONAL_REPRESENTATION('',(#13003),#13007);
#13003 = CIRCLE('',#13004,29.25);
#13004 = AXIS2_PLACEMENT_2D('',#13005,#13006);
#13005 = CARTESIAN_POINT('',(-28.25,3.1875));
#13006 = DIRECTION('',(1.,0.));
#13007 = ( GEOMETRIC_REPRESENTATION_CONTEXT(2)
PARAMETRIC_REPRESENTATION_CONTEXT() REPRESENTATION_CONTEXT('2D SPACE',''
  ) );
#13008 = ORIENTED_EDGE('',*,*,#13009,.T.);
#13009 = EDGE_CURVE('',#12986,#4441,#13010,.T.);
#13010 = SURFACE_CURVE('',#13011,(#13016,#13023),.PCURVE_S1.);
#13011 = CIRCLE('',#13012,29.25);
#13012 = AXIS2_PLACEMENT_3D('',#13013,#13014,#13015);
#13013 = CARTESIAN_POINT('',(0.,0.,8.));
#13014 = DIRECTION('',(0.,0.,1.));
#13015 = DIRECTION('',(1.,0.,-0.));
#13016 = PCURVE('',#7839,#13017);
#13017 = DEFINITIONAL_REPRESENTATION('',(#13018),#13022);
#13018 = CIRCLE('',#13019,29.25);
#13019 = AXIS2_PLACEMENT_2D('',#13020,#13021);
#13020 = CARTESIAN_POINT('',(0.,0.));
#13021 = DIRECTION('',(1.,0.));
#13022 = ( GEOMETRIC_REPRESENTATION_CONTEXT(2)
PARAMETRIC_REPRESENTATION_CONTEXT() REPRESENTATION_CONTEXT('2D SPACE',''
  ) );
#13023 = PCURVE('',#9488,#13024);
#13024 = DEFINITIONAL_REPRESENTATION('',(#13025),#13029);
#13025 = CIRCLE('',#13026,29.25);
#13026 = AXIS2_PLACEMENT_2D('',#13027,#13028);
#13027 = CARTESIAN_POINT('',(-28.25,3.1875));
#13028 = DIRECTION('',(1.,0.));
#13029 = ( GEOMETRIC_REPRESENTATION_CONTEXT(2)
PARAMETRIC_REPRESENTATION_CONTEXT() REPRESENTATION_CONTEXT('2D SPACE',''
  ) );
#13030 = ORIENTED_EDGE('',*,*,#7851,.F.);
#13031 = ORIENTED_EDGE('',*,*,#7821,.F.);
#13032 = ORIENTED_EDGE('',*,*,#9114,.T.);
#13033 = ADVANCED_FACE('',(#13034),#7889,.T.);
#13034 = FACE_BOUND('',#13035,.T.);
#13035 = EDGE_LOOP('',(#13036,#13037,#13059,#13060));
#13036 = ORIENTED_EDGE('',*,*,#7873,.T.);
#13037 = ORIENTED_EDGE('',*,*,#13038,.T.);
#13038 = EDGE_CURVE('',#4443,#4668,#13039,.T.);
#13039 = SURFACE_CURVE('',#13040,(#13045,#13052),.PCURVE_S1.);
#13040 = CIRCLE('',#13041,29.25);
#13041 = AXIS2_PLACEMENT_3D('',#13042,#13043,#13044);
#13042 = CARTESIAN_POINT('',(0.,0.,8.));
#13043 = DIRECTION('',(0.,0.,1.));
#13044 = DIRECTION('',(1.,0.,-0.));
#13045 = PCURVE('',#7889,#13046);
#13046 = DEFINITIONAL_REPRESENTATION('',(#13047),#13051);
#13047 = CIRCLE('',#13048,29.25);
#13048 = AXIS2_PLACEMENT_2D('',#13049,#13050);
#13049 = CARTESIAN_POINT('',(0.,0.));
#13050 = DIRECTION('',(1.,0.));
#13051 = ( GEOMETRIC_REPRESENTATION_CONTEXT(2)
PARAMETRIC_REPRESENTATION_CONTEXT() REPRESENTATION_CONTEXT('2D SPACE',''
  ) );
#13052 = PCURVE('',#9429,#13053);
#13053 = DEFINITIONAL_REPRESENTATION('',(#13054),#13058);
#13054 = CIRCLE('',#13055,29.25);
#13055 = AXIS2_PLACEMENT_2D('',#13056,#13057);
#13056 = CARTESIAN_POINT('',(-28.25,3.1875));
#13057 = DIRECTION('',(0.939692620786,-0.342020143326));
#13058 = ( GEOMETRIC_REPRESENTATION_CONTEXT(2)
PARAMETRIC_REPRESENTATION_CONTEXT() REPRESENTATION_CONTEXT('2D SPACE',''
  ) );
#13059 = ORIENTED_EDGE('',*,*,#7924,.F.);
#13060 = ORIENTED_EDGE('',*,*,#7901,.F.);
#13061 = ADVANCED_FACE('',(#13062),#9057,.T.);
#13062 = FACE_BOUND('',#13063,.T.);
#13063 = EDGE_LOOP('',(#13064,#13086,#13087,#13088));
#13064 = ORIENTED_EDGE('',*,*,#13065,.T.);
#13065 = EDGE_CURVE('',#4748,#4524,#13066,.T.);
#13066 = SURFACE_CURVE('',#13067,(#13072,#13079),.PCURVE_S1.);
#13067 = CIRCLE('',#13068,29.25);
#13068 = AXIS2_PLACEMENT_3D('',#13069,#13070,#13071);
#13069 = CARTESIAN_POINT('',(0.,0.,8.));
#13070 = DIRECTION('',(0.,0.,1.));
#13071 = DIRECTION('',(1.,0.,-0.));
#13072 = PCURVE('',#9057,#13073);
#13073 = DEFINITIONAL_REPRESENTATION('',(#13074),#13078);
#13074 = CIRCLE('',#13075,29.25);
#13075 = AXIS2_PLACEMENT_2D('',#13076,#13077);
#13076 = CARTESIAN_POINT('',(0.,0.));
#13077 = DIRECTION('',(1.,0.));
#13078 = ( GEOMETRIC_REPRESENTATION_CONTEXT(2)
PARAMETRIC_REPRESENTATION_CONTEXT() REPRESENTATION_CONTEXT('2D SPACE',''
  ) );
#13079 = PCURVE('',#9613,#13080);
#13080 = DEFINITIONAL_REPRESENTATION('',(#13081),#13085);
#13081 = CIRCLE('',#13082,29.25);
#13082 = AXIS2_PLACEMENT_2D('',#13083,#13084);
#13083 = CARTESIAN_POINT('',(-28.25,3.1875));
#13084 = DIRECTION('',(0.939692620786,0.342020143326));
#13085 = ( GEOMETRIC_REPRESENTATION_CONTEXT(2)
PARAMETRIC_REPRESENTATION_CONTEXT() REPRESENTATION_CONTEXT('2D SPACE',''
  ) );
#13086 = ORIENTED_EDGE('',*,*,#9092,.F.);
#13087 = ORIENTED_EDGE('',*,*,#9069,.F.);
#13088 = ORIENTED_EDGE('',*,*,#9041,.T.);
#13089 = ADVANCED_FACE('',(#13090),#7962,.T.);
#13090 = FACE_BOUND('',#13091,.T.);
#13091 = EDGE_LOOP('',(#13092,#13114,#13115,#13116));
#13092 = ORIENTED_EDGE('',*,*,#13093,.T.);
#13093 = EDGE_CURVE('',#4670,#4890,#13094,.T.);
#13094 = SURFACE_CURVE('',#13095,(#13100,#13107),.PCURVE_S1.);
#13095 = CIRCLE('',#13096,29.25);
#13096 = AXIS2_PLACEMENT_3D('',#13097,#13098,#13099);
#13097 = CARTESIAN_POINT('',(0.,0.,8.));
#13098 = DIRECTION('',(0.,0.,1.));
#13099 = DIRECTION('',(1.,0.,-0.));
#13100 = PCURVE('',#7962,#13101);
#13101 = DEFINITIONAL_REPRESENTATION('',(#13102),#13106);
#13102 = CIRCLE('',#13103,29.25);
#13103 = AXIS2_PLACEMENT_2D('',#13104,#13105);
#13104 = CARTESIAN_POINT('',(0.,0.));
#13105 = DIRECTION('',(1.,0.));
#13106 = ( GEOMETRIC_REPRESENTATION_CONTEXT(2)
PARAMETRIC_REPRESENTATION_CONTEXT() REPRESENTATION_CONTEXT('2D SPACE',''
  ) );
#13107 = PCURVE('',#9792,#13108);
#13108 = DEFINITIONAL_REPRESENTATION('',(#13109),#13113);
#13109 = CIRCLE('',#13110,29.25);
#13110 = AXIS2_PLACEMENT_2D('',#13111,#13112);
#13111 = CARTESIAN_POINT('',(-28.25,3.1875));
#13112 = DIRECTION('',(0.766044443119,-0.642787609687));
#13113 = ( GEOMETRIC_REPRESENTATION_CONTEXT(2)
PARAMETRIC_REPRESENTATION_CONTEXT() REPRESENTATION_CONTEXT('2D SPACE',''
  ) );
#13114 = ORIENTED_EDGE('',*,*,#7997,.F.);
#13115 = ORIENTED_EDGE('',*,*,#7974,.F.);
#13116 = ORIENTED_EDGE('',*,*,#7946,.T.);
#13117 = ADVANCED_FACE('',(#13118),#8984,.T.);
#13118 = FACE_BOUND('',#13119,.T.);
#13119 = EDGE_LOOP('',(#13120,#13142,#13143,#13144));
#13120 = ORIENTED_EDGE('',*,*,#13121,.T.);
#13121 = EDGE_CURVE('',#4970,#4746,#13122,.T.);
#13122 = SURFACE_CURVE('',#13123,(#13128,#13135),.PCURVE_S1.);
#13123 = CIRCLE('',#13124,29.25);
#13124 = AXIS2_PLACEMENT_3D('',#13125,#13126,#13127);
#13125 = CARTESIAN_POINT('',(0.,0.,8.));
#13126 = DIRECTION('',(0.,0.,1.));
#13127 = DIRECTION('',(1.,0.,-0.));
#13128 = PCURVE('',#8984,#13129);
#13129 = DEFINITIONAL_REPRESENTATION('',(#13130),#13134);
#13130 = CIRCLE('',#13131,29.25);
#13131 = AXIS2_PLACEMENT_2D('',#13132,#13133);
#13132 = CARTESIAN_POINT('',(0.,0.));
#13133 = DIRECTION('',(1.,0.));
#13134 = ( GEOMETRIC_REPRESENTATION_CONTEXT(2)
PARAMETRIC_REPRESENTATION_CONTEXT() REPRESENTATION_CONTEXT('2D SPACE',''
  ) );
#13135 = PCURVE('',#9971,#13136);
#13136 = DEFINITIONAL_REPRESENTATION('',(#13137),#13141);
#13137 = CIRCLE('',#13138,29.25);
#13138 = AXIS2_PLACEMENT_2D('',#13139,#13140);
#13139 = CARTESIAN_POINT('',(-28.25,3.1875));
#13140 = DIRECTION('',(0.766044443119,0.642787609687));
#13141 = ( GEOMETRIC_REPRESENTATION_CONTEXT(2)
PARAMETRIC_REPRESENTATION_CONTEXT() REPRESENTATION_CONTEXT('2D SPACE',''
  ) );
#13142 = ORIENTED_EDGE('',*,*,#9019,.F.);
#13143 = ORIENTED_EDGE('',*,*,#8996,.F.);
#13144 = ORIENTED_EDGE('',*,*,#8968,.T.);
#13145 = ADVANCED_FACE('',(#13146),#8035,.T.);
#13146 = FACE_BOUND('',#13147,.T.);
#13147 = EDGE_LOOP('',(#13148,#13170,#13171,#13172));
#13148 = ORIENTED_EDGE('',*,*,#13149,.T.);
#13149 = EDGE_CURVE('',#4892,#5112,#13150,.T.);
#13150 = SURFACE_CURVE('',#13151,(#13156,#13163),.PCURVE_S1.);
#13151 = CIRCLE('',#13152,29.25);
#13152 = AXIS2_PLACEMENT_3D('',#13153,#13154,#13155);
#13153 = CARTESIAN_POINT('',(0.,0.,8.));
#13154 = DIRECTION('',(0.,0.,1.));
#13155 = DIRECTION('',(1.,0.,-0.));
#13156 = PCURVE('',#8035,#13157);
#13157 = DEFINITIONAL_REPRESENTATION('',(#13158),#13162);
#13158 = CIRCLE('',#13159,29.25);
#13159 = AXIS2_PLACEMENT_2D('',#13160,#13161);
#13160 = CARTESIAN_POINT('',(0.,0.));
#13161 = DIRECTION('',(1.,0.));
#13162 = ( GEOMETRIC_REPRESENTATION_CONTEXT(2)
PARAMETRIC_REPRESENTATION_CONTEXT() REPRESENTATION_CONTEXT('2D SPACE',''
  ) );
#13163 = PCURVE('',#10150,#13164);
#13164 = DEFINITIONAL_REPRESENTATION('',(#13165),#13169);
#13165 = CIRCLE('',#13166,29.25);
#13166 = AXIS2_PLACEMENT_2D('',#13167,#13168);
#13167 = CARTESIAN_POINT('',(-28.25,3.1875));
#13168 = DIRECTION('',(0.5,-0.866025403784));
#13169 = ( GEOMETRIC_REPRESENTATION_CONTEXT(2)
PARAMETRIC_REPRESENTATION_CONTEXT() REPRESENTATION_CONTEXT('2D SPACE',''
  ) );
#13170 = ORIENTED_EDGE('',*,*,#8070,.F.);
#13171 = ORIENTED_EDGE('',*,*,#8047,.F.);
#13172 = ORIENTED_EDGE('',*,*,#8019,.T.);
#13173 = ADVANCED_FACE('',(#13174),#8911,.T.);
#13174 = FACE_BOUND('',#13175,.T.);
#13175 = EDGE_LOOP('',(#13176,#13198,#13199,#13200));
#13176 = ORIENTED_EDGE('',*,*,#13177,.T.);
#13177 = EDGE_CURVE('',#5192,#4968,#13178,.T.);
#13178 = SURFACE_CURVE('',#13179,(#13184,#13191),.PCURVE_S1.);
#13179 = CIRCLE('',#13180,29.25);
#13180 = AXIS2_PLACEMENT_3D('',#13181,#13182,#13183);
#13181 = CARTESIAN_POINT('',(0.,0.,8.));
#13182 = DIRECTION('',(0.,0.,1.));
#13183 = DIRECTION('',(1.,0.,-0.));
#13184 = PCURVE('',#8911,#13185);
#13185 = DEFINITIONAL_REPRESENTATION('',(#13186),#13190);
#13186 = CIRCLE('',#13187,29.25);
#13187 = AXIS2_PLACEMENT_2D('',#13188,#13189);
#13188 = CARTESIAN_POINT('',(0.,0.));
#13189 = DIRECTION('',(1.,0.));
#13190 = ( GEOMETRIC_REPRESENTATION_CONTEXT(2)
PARAMETRIC_REPRESENTATION_CONTEXT() REPRESENTATION_CONTEXT('2D SPACE',''
  ) );
#13191 = PCURVE('',#10329,#13192);
#13192 = DEFINITIONAL_REPRESENTATION('',(#13193),#13197);
#13193 = CIRCLE('',#13194,29.25);
#13194 = AXIS2_PLACEMENT_2D('',#13195,#13196);
#13195 = CARTESIAN_POINT('',(-28.25,3.1875));
#13196 = DIRECTION('',(0.5,0.866025403784));
#13197 = ( GEOMETRIC_REPRESENTATION_CONTEXT(2)
PARAMETRIC_REPRESENTATION_CONTEXT() REPRESENTATION_CONTEXT('2D SPACE',''
  ) );
#13198 = ORIENTED_EDGE('',*,*,#8946,.F.);
#13199 = ORIENTED_EDGE('',*,*,#8923,.F.);
#13200 = ORIENTED_EDGE('',*,*,#8895,.T.);
#13201 = ADVANCED_FACE('',(#13202),#8108,.T.);
#13202 = FACE_BOUND('',#13203,.T.);
#13203 = EDGE_LOOP('',(#13204,#13226,#13227,#13228));
#13204 = ORIENTED_EDGE('',*,*,#13205,.T.);
#13205 = EDGE_CURVE('',#5114,#5334,#13206,.T.);
#13206 = SURFACE_CURVE('',#13207,(#13212,#13219),.PCURVE_S1.);
#13207 = CIRCLE('',#13208,29.25);
#13208 = AXIS2_PLACEMENT_3D('',#13209,#13210,#13211);
#13209 = CARTESIAN_POINT('',(0.,0.,8.));
#13210 = DIRECTION('',(0.,0.,1.));
#13211 = DIRECTION('',(1.,0.,-0.));
#13212 = PCURVE('',#8108,#13213);
#13213 = DEFINITIONAL_REPRESENTATION('',(#13214),#13218);
#13214 = CIRCLE('',#13215,29.25);
#13215 = AXIS2_PLACEMENT_2D('',#13216,#13217);
#13216 = CARTESIAN_POINT('',(0.,0.));
#13217 = DIRECTION('',(1.,0.));
#13218 = ( GEOMETRIC_REPRESENTATION_CONTEXT(2)
PARAMETRIC_REPRESENTATION_CONTEXT() REPRESENTATION_CONTEXT('2D SPACE',''
  ) );
#13219 = PCURVE('',#10508,#13220);
#13220 = DEFINITIONAL_REPRESENTATION('',(#13221),#13225);
#13221 = CIRCLE('',#13222,29.25);
#13222 = AXIS2_PLACEMENT_2D('',#13223,#13224);
#13223 = CARTESIAN_POINT('',(-28.25,3.1875));
#13224 = DIRECTION('',(0.173648177667,-0.984807753012));
#13225 = ( GEOMETRIC_REPRESENTATION_CONTEXT(2)
PARAMETRIC_REPRESENTATION_CONTEXT() REPRESENTATION_CONTEXT('2D SPACE',''
  ) );
#13226 = ORIENTED_EDGE('',*,*,#8143,.F.);
#13227 = ORIENTED_EDGE('',*,*,#8120,.F.);
#13228 = ORIENTED_EDGE('',*,*,#8092,.T.);
#13229 = ADVANCED_FACE('',(#13230),#8838,.T.);
#13230 = FACE_BOUND('',#13231,.T.);
#13231 = EDGE_LOOP('',(#13232,#13254,#13255,#13256));
#13232 = ORIENTED_EDGE('',*,*,#13233,.T.);
#13233 = EDGE_CURVE('',#5414,#5190,#13234,.T.);
#13234 = SURFACE_CURVE('',#13235,(#13240,#13247),.PCURVE_S1.);
#13235 = CIRCLE('',#13236,29.25);
#13236 = AXIS2_PLACEMENT_3D('',#13237,#13238,#13239);
#13237 = CARTESIAN_POINT('',(0.,0.,8.));
#13238 = DIRECTION('',(0.,0.,1.));
#13239 = DIRECTION('',(1.,0.,-0.));
#13240 = PCURVE('',#8838,#13241);
#13241 = DEFINITIONAL_REPRESENTATION('',(#13242),#13246);
#13242 = CIRCLE('',#13243,29.25);
#13243 = AXIS2_PLACEMENT_2D('',#13244,#13245);
#13244 = CARTESIAN_POINT('',(0.,0.));
#13245 = DIRECTION('',(1.,0.));
#13246 = ( GEOMETRIC_REPRESENTATION_CONTEXT(2)
PARAMETRIC_REPRESENTATION_CONTEXT() REPRESENTATION_CONTEXT('2D SPACE',''
  ) );
#13247 = PCURVE('',#10687,#13248);
#13248 = DEFINITIONAL_REPRESENTATION('',(#13249),#13253);
#13249 = CIRCLE('',#13250,29.25);
#13250 = AXIS2_PLACEMENT_2D('',#13251,#13252);
#13251 = CARTESIAN_POINT('',(-28.25,3.1875));
#13252 = DIRECTION('',(0.173648177667,0.984807753012));
#13253 = ( GEOMETRIC_REPRESENTATION_CONTEXT(2)
PARAMETRIC_REPRESENTATION_CONTEXT() REPRESENTATION_CONTEXT('2D SPACE',''
  ) );
#13254 = ORIENTED_EDGE('',*,*,#8873,.F.);
#13255 = ORIENTED_EDGE('',*,*,#8850,.F.);
#13256 = ORIENTED_EDGE('',*,*,#8822,.T.);
#13257 = ADVANCED_FACE('',(#13258),#8181,.T.);
#13258 = FACE_BOUND('',#13259,.T.);
#13259 = EDGE_LOOP('',(#13260,#13282,#13283,#13284));
#13260 = ORIENTED_EDGE('',*,*,#13261,.T.);
#13261 = EDGE_CURVE('',#5336,#5556,#13262,.T.);
#13262 = SURFACE_CURVE('',#13263,(#13268,#13275),.PCURVE_S1.);
#13263 = CIRCLE('',#13264,29.25);
#13264 = AXIS2_PLACEMENT_3D('',#13265,#13266,#13267);
#13265 = CARTESIAN_POINT('',(0.,0.,8.));
#13266 = DIRECTION('',(0.,0.,1.));
#13267 = DIRECTION('',(1.,0.,-0.));
#13268 = PCURVE('',#8181,#13269);
#13269 = DEFINITIONAL_REPRESENTATION('',(#13270),#13274);
#13270 = CIRCLE('',#13271,29.25);
#13271 = AXIS2_PLACEMENT_2D('',#13272,#13273);
#13272 = CARTESIAN_POINT('',(0.,0.));
#13273 = DIRECTION('',(1.,0.));
#13274 = ( GEOMETRIC_REPRESENTATION_CONTEXT(2)
PARAMETRIC_REPRESENTATION_CONTEXT() REPRESENTATION_CONTEXT('2D SPACE',''
  ) );
#13275 = PCURVE('',#10866,#13276);
#13276 = DEFINITIONAL_REPRESENTATION('',(#13277),#13281);
#13277 = CIRCLE('',#13278,29.25);
#13278 = AXIS2_PLACEMENT_2D('',#13279,#13280);
#13279 = CARTESIAN_POINT('',(-28.25,3.1875));
#13280 = DIRECTION('',(-0.173648177667,-0.984807753012));
#13281 = ( GEOMETRIC_REPRESENTATION_CONTEXT(2)
PARAMETRIC_REPRESENTATION_CONTEXT() REPRESENTATION_CONTEXT('2D SPACE',''
  ) );
#13282 = ORIENTED_EDGE('',*,*,#8216,.F.);
#13283 = ORIENTED_EDGE('',*,*,#8193,.F.);
#13284 = ORIENTED_EDGE('',*,*,#8165,.T.);
#13285 = ADVANCED_FACE('',(#13286),#8765,.T.);
#13286 = FACE_BOUND('',#13287,.T.);
#13287 = EDGE_LOOP('',(#13288,#13310,#13311,#13312));
#13288 = ORIENTED_EDGE('',*,*,#13289,.T.);
#13289 = EDGE_CURVE('',#5636,#5412,#13290,.T.);
#13290 = SURFACE_CURVE('',#13291,(#13296,#13303),.PCURVE_S1.);
#13291 = CIRCLE('',#13292,29.25);
#13292 = AXIS2_PLACEMENT_3D('',#13293,#13294,#13295);
#13293 = CARTESIAN_POINT('',(0.,0.,8.));
#13294 = DIRECTION('',(0.,0.,1.));
#13295 = DIRECTION('',(1.,0.,-0.));
#13296 = PCURVE('',#8765,#13297);
#13297 = DEFINITIONAL_REPRESENTATION('',(#13298),#13302);
#13298 = CIRCLE('',#13299,29.25);
#13299 = AXIS2_PLACEMENT_2D('',#13300,#13301);
#13300 = CARTESIAN_POINT('',(0.,0.));
#13301 = DIRECTION('',(1.,0.));
#13302 = ( GEOMETRIC_REPRESENTATION_CONTEXT(2)
PARAMETRIC_REPRESENTATION_CONTEXT() REPRESENTATION_CONTEXT('2D SPACE',''
  ) );
#13303 = PCURVE('',#11045,#13304);
#13304 = DEFINITIONAL_REPRESENTATION('',(#13305),#13309);
#13305 = CIRCLE('',#13306,29.25);
#13306 = AXIS2_PLACEMENT_2D('',#13307,#13308);
#13307 = CARTESIAN_POINT('',(-28.25,3.1875));
#13308 = DIRECTION('',(-0.173648177667,0.984807753012));
#13309 = ( GEOMETRIC_REPRESENTATION_CONTEXT(2)
PARAMETRIC_REPRESENTATION_CONTEXT() REPRESENTATION_CONTEXT('2D SPACE',''
  ) );
#13310 = ORIENTED_EDGE('',*,*,#8800,.F.);
#13311 = ORIENTED_EDGE('',*,*,#8777,.F.);
#13312 = ORIENTED_EDGE('',*,*,#8749,.T.);
#13313 = ADVANCED_FACE('',(#13314),#8254,.T.);
#13314 = FACE_BOUND('',#13315,.T.);
#13315 = EDGE_LOOP('',(#13316,#13338,#13339,#13340));
#13316 = ORIENTED_EDGE('',*,*,#13317,.T.);
#13317 = EDGE_CURVE('',#5558,#5778,#13318,.T.);
#13318 = SURFACE_CURVE('',#13319,(#13324,#13331),.PCURVE_S1.);
#13319 = CIRCLE('',#13320,29.25);
#13320 = AXIS2_PLACEMENT_3D('',#13321,#13322,#13323);
#13321 = CARTESIAN_POINT('',(0.,0.,8.));
#13322 = DIRECTION('',(0.,0.,1.));
#13323 = DIRECTION('',(1.,0.,-0.));
#13324 = PCURVE('',#8254,#13325);
#13325 = DEFINITIONAL_REPRESENTATION('',(#13326),#13330);
#13326 = CIRCLE('',#13327,29.25);
#13327 = AXIS2_PLACEMENT_2D('',#13328,#13329);
#13328 = CARTESIAN_POINT('',(0.,0.));
#13329 = DIRECTION('',(1.,0.));
#13330 = ( GEOMETRIC_REPRESENTATION_CONTEXT(2)
PARAMETRIC_REPRESENTATION_CONTEXT() REPRESENTATION_CONTEXT('2D SPACE',''
  ) );
#13331 = PCURVE('',#11224,#13332);
#13332 = DEFINITIONAL_REPRESENTATION('',(#13333),#13337);
#13333 = CIRCLE('',#13334,29.25);
#13334 = AXIS2_PLACEMENT_2D('',#13335,#13336);
#13335 = CARTESIAN_POINT('',(-28.25,3.1875));
#13336 = DIRECTION('',(-0.5,-0.866025403784));
#13337 = ( GEOMETRIC_REPRESENTATION_CONTEXT(2)
PARAMETRIC_REPRESENTATION_CONTEXT() REPRESENTATION_CONTEXT('2D SPACE',''
  ) );
#13338 = ORIENTED_EDGE('',*,*,#8289,.F.);
#13339 = ORIENTED_EDGE('',*,*,#8266,.F.);
#13340 = ORIENTED_EDGE('',*,*,#8238,.T.);
#13341 = ADVANCED_FACE('',(#13342),#8692,.T.);
#13342 = FACE_BOUND('',#13343,.T.);
#13343 = EDGE_LOOP('',(#13344,#13366,#13367,#13368));
#13344 = ORIENTED_EDGE('',*,*,#13345,.T.);
#13345 = EDGE_CURVE('',#5858,#5634,#13346,.T.);
#13346 = SURFACE_CURVE('',#13347,(#13352,#13359),.PCURVE_S1.);
#13347 = CIRCLE('',#13348,29.25);
#13348 = AXIS2_PLACEMENT_3D('',#13349,#13350,#13351);
#13349 = CARTESIAN_POINT('',(0.,0.,8.));
#13350 = DIRECTION('',(0.,0.,1.));
#13351 = DIRECTION('',(1.,0.,-0.));
#13352 = PCURVE('',#8692,#13353);
#13353 = DEFINITIONAL_REPRESENTATION('',(#13354),#13358);
#13354 = CIRCLE('',#13355,29.25);
#13355 = AXIS2_PLACEMENT_2D('',#13356,#13357);
#13356 = CARTESIAN_POINT('',(0.,0.));
#13357 = DIRECTION('',(1.,0.));
#13358 = ( GEOMETRIC_REPRESENTATION_CONTEXT(2)
PARAMETRIC_REPRESENTATION_CONTEXT() REPRESENTATION_CONTEXT('2D SPACE',''
  ) );
#13359 = PCURVE('',#11403,#13360);
#13360 = DEFINITIONAL_REPRESENTATION('',(#13361),#13365);
#13361 = CIRCLE('',#13362,29.25);
#13362 = AXIS2_PLACEMENT_2D('',#13363,#13364);
#13363 = CARTESIAN_POINT('',(-28.25,3.1875));
#13364 = DIRECTION('',(-0.5,0.866025403784));
#13365 = ( GEOMETRIC_REPRESENTATION_CONTEXT(2)
PARAMETRIC_REPRESENTATION_CONTEXT() REPRESENTATION_CONTEXT('2D SPACE',''
  ) );
#13366 = ORIENTED_EDGE('',*,*,#8727,.F.);
#13367 = ORIENTED_EDGE('',*,*,#8704,.F.);
#13368 = ORIENTED_EDGE('',*,*,#8676,.T.);
#13369 = ADVANCED_FACE('',(#13370),#8327,.T.);
#13370 = FACE_BOUND('',#13371,.T.);
#13371 = EDGE_LOOP('',(#13372,#13394,#13395,#13396));
#13372 = ORIENTED_EDGE('',*,*,#13373,.T.);
#13373 = EDGE_CURVE('',#5780,#6000,#13374,.T.);
#13374 = SURFACE_CURVE('',#13375,(#13380,#13387),.PCURVE_S1.);
#13375 = CIRCLE('',#13376,29.25);
#13376 = AXIS2_PLACEMENT_3D('',#13377,#13378,#13379);
#13377 = CARTESIAN_POINT('',(0.,0.,8.));
#13378 = DIRECTION('',(0.,0.,1.));
#13379 = DIRECTION('',(1.,0.,-0.));
#13380 = PCURVE('',#8327,#13381);
#13381 = DEFINITIONAL_REPRESENTATION('',(#13382),#13386);
#13382 = CIRCLE('',#13383,29.25);
#13383 = AXIS2_PLACEMENT_2D('',#13384,#13385);
#13384 = CARTESIAN_POINT('',(0.,0.));
#13385 = DIRECTION('',(1.,0.));
#13386 = ( GEOMETRIC_REPRESENTATION_CONTEXT(2)
PARAMETRIC_REPRESENTATION_CONTEXT() REPRESENTATION_CONTEXT('2D SPACE',''
  ) );
#13387 = PCURVE('',#11582,#13388);
#13388 = DEFINITIONAL_REPRESENTATION('',(#13389),#13393);
#13389 = CIRCLE('',#13390,29.25);
#13390 = AXIS2_PLACEMENT_2D('',#13391,#13392);
#13391 = CARTESIAN_POINT('',(-28.25,3.1875));
#13392 = DIRECTION('',(-0.766044443119,-0.642787609687));
#13393 = ( GEOMETRIC_REPRESENTATION_CONTEXT(2)
PARAMETRIC_REPRESENTATION_CONTEXT() REPRESENTATION_CONTEXT('2D SPACE',''
  ) );
#13394 = ORIENTED_EDGE('',*,*,#8362,.F.);
#13395 = ORIENTED_EDGE('',*,*,#8339,.F.);
#13396 = ORIENTED_EDGE('',*,*,#8311,.T.);
#13397 = ADVANCED_FACE('',(#13398),#8619,.T.);
#13398 = FACE_BOUND('',#13399,.T.);
#13399 = EDGE_LOOP('',(#13400,#13422,#13423,#13424));
#13400 = ORIENTED_EDGE('',*,*,#13401,.T.);
#13401 = EDGE_CURVE('',#6080,#5856,#13402,.T.);
#13402 = SURFACE_CURVE('',#13403,(#13408,#13415),.PCURVE_S1.);
#13403 = CIRCLE('',#13404,29.25);
#13404 = AXIS2_PLACEMENT_3D('',#13405,#13406,#13407);
#13405 = CARTESIAN_POINT('',(0.,0.,8.));
#13406 = DIRECTION('',(0.,0.,1.));
#13407 = DIRECTION('',(1.,0.,-0.));
#13408 = PCURVE('',#8619,#13409);
#13409 = DEFINITIONAL_REPRESENTATION('',(#13410),#13414);
#13410 = CIRCLE('',#13411,29.25);
#13411 = AXIS2_PLACEMENT_2D('',#13412,#13413);
#13412 = CARTESIAN_POINT('',(0.,0.));
#13413 = DIRECTION('',(1.,0.));
#13414 = ( GEOMETRIC_REPRESENTATION_CONTEXT(2)
PARAMETRIC_REPRESENTATION_CONTEXT() REPRESENTATION_CONTEXT('2D SPACE',''
  ) );
#13415 = PCURVE('',#11761,#13416);
#13416 = DEFINITIONAL_REPRESENTATION('',(#13417),#13421);
#13417 = CIRCLE('',#13418,29.25);
#13418 = AXIS2_PLACEMENT_2D('',#13419,#13420);
#13419 = CARTESIAN_POINT('',(-28.25,3.1875));
#13420 = DIRECTION('',(-0.766044443119,0.642787609687));
#13421 = ( GEOMETRIC_REPRESENTATION_CONTEXT(2)
PARAMETRIC_REPRESENTATION_CONTEXT() REPRESENTATION_CONTEXT('2D SPACE',''
  ) );
#13422 = ORIENTED_EDGE('',*,*,#8654,.F.);
#13423 = ORIENTED_EDGE('',*,*,#8631,.F.);
#13424 = ORIENTED_EDGE('',*,*,#8603,.T.);
#13425 = ADVANCED_FACE('',(#13426),#8400,.T.);
#13426 = FACE_BOUND('',#13427,.T.);
#13427 = EDGE_LOOP('',(#13428,#13450,#13451,#13452));
#13428 = ORIENTED_EDGE('',*,*,#13429,.T.);
#13429 = EDGE_CURVE('',#6002,#6222,#13430,.T.);
#13430 = SURFACE_CURVE('',#13431,(#13436,#13443),.PCURVE_S1.);
#13431 = CIRCLE('',#13432,29.25);
#13432 = AXIS2_PLACEMENT_3D('',#13433,#13434,#13435);
#13433 = CARTESIAN_POINT('',(0.,0.,8.));
#13434 = DIRECTION('',(0.,0.,1.));
#13435 = DIRECTION('',(1.,0.,-0.));
#13436 = PCURVE('',#8400,#13437);
#13437 = DEFINITIONAL_REPRESENTATION('',(#13438),#13442);
#13438 = CIRCLE('',#13439,29.25);
#13439 = AXIS2_PLACEMENT_2D('',#13440,#13441);
#13440 = CARTESIAN_POINT('',(0.,0.));
#13441 = DIRECTION('',(1.,0.));
#13442 = ( GEOMETRIC_REPRESENTATION_CONTEXT(2)
PARAMETRIC_REPRESENTATION_CONTEXT() REPRESENTATION_CONTEXT('2D SPACE',''
  ) );
#13443 = PCURVE('',#11940,#13444);
#13444 = DEFINITIONAL_REPRESENTATION('',(#13445),#13449);
#13445 = CIRCLE('',#13446,29.25);
#13446 = AXIS2_PLACEMENT_2D('',#13447,#13448);
#13447 = CARTESIAN_POINT('',(-28.25,3.1875));
#13448 = DIRECTION('',(-0.939692620786,-0.342020143326));
#13449 = ( GEOMETRIC_REPRESENTATION_CONTEXT(2)
PARAMETRIC_REPRESENTATION_CONTEXT() REPRESENTATION_CONTEXT('2D SPACE',''
  ) );
#13450 = ORIENTED_EDGE('',*,*,#8435,.F.);
#13451 = ORIENTED_EDGE('',*,*,#8412,.F.);
#13452 = ORIENTED_EDGE('',*,*,#8384,.T.);
#13453 = ADVANCED_FACE('',(#13454),#8546,.T.);
#13454 = FACE_BOUND('',#13455,.T.);
#13455 = EDGE_LOOP('',(#13456,#13478,#13479,#13480));
#13456 = ORIENTED_EDGE('',*,*,#13457,.T.);
#13457 = EDGE_CURVE('',#6302,#6078,#13458,.T.);
#13458 = SURFACE_CURVE('',#13459,(#13464,#13471),.PCURVE_S1.);
#13459 = CIRCLE('',#13460,29.25);
#13460 = AXIS2_PLACEMENT_3D('',#13461,#13462,#13463);
#13461 = CARTESIAN_POINT('',(0.,0.,8.));
#13462 = DIRECTION('',(0.,0.,1.));
#13463 = DIRECTION('',(1.,0.,-0.));
#13464 = PCURVE('',#8546,#13465);
#13465 = DEFINITIONAL_REPRESENTATION('',(#13466),#13470);
#13466 = CIRCLE('',#13467,29.25);
#13467 = AXIS2_PLACEMENT_2D('',#13468,#13469);
#13468 = CARTESIAN_POINT('',(0.,0.));
#13469 = DIRECTION('',(1.,0.));
#13470 = ( GEOMETRIC_REPRESENTATION_CONTEXT(2)
PARAMETRIC_REPRESENTATION_CONTEXT() REPRESENTATION_CONTEXT('2D SPACE',''
  ) );
#13471 = PCURVE('',#12119,#13472);
#13472 = DEFINITIONAL_REPRESENTATION('',(#13473),#13477);
#13473 = CIRCLE('',#13474,29.25);
#13474 = AXIS2_PLACEMENT_2D('',#13475,#13476);
#13475 = CARTESIAN_POINT('',(-28.25,3.1875));
#13476 = DIRECTION('',(-0.939692620786,0.342020143326));
#13477 = ( GEOMETRIC_REPRESENTATION_CONTEXT(2)
PARAMETRIC_REPRESENTATION_CONTEXT() REPRESENTATION_CONTEXT('2D SPACE',''
  ) );
#13478 = ORIENTED_EDGE('',*,*,#8581,.F.);
#13479 = ORIENTED_EDGE('',*,*,#8558,.F.);
#13480 = ORIENTED_EDGE('',*,*,#8530,.T.);
#13481 = ADVANCED_FACE('',(#13482),#8473,.T.);
#13482 = FACE_BOUND('',#13483,.T.);
#13483 = EDGE_LOOP('',(#13484,#13506,#13507,#13508));
#13484 = ORIENTED_EDGE('',*,*,#13485,.T.);
#13485 = EDGE_CURVE('',#6224,#6300,#13486,.T.);
#13486 = SURFACE_CURVE('',#13487,(#13492,#13499),.PCURVE_S1.);
#13487 = CIRCLE('',#13488,29.25);
#13488 = AXIS2_PLACEMENT_3D('',#13489,#13490,#13491);
#13489 = CARTESIAN_POINT('',(0.,0.,8.));
#13490 = DIRECTION('',(0.,0.,1.));
#13491 = DIRECTION('',(1.,0.,-0.));
#13492 = PCURVE('',#8473,#13493);
#13493 = DEFINITIONAL_REPRESENTATION('',(#13494),#13498);
#13494 = CIRCLE('',#13495,29.25);
#13495 = AXIS2_PLACEMENT_2D('',#13496,#13497);
#13496 = CARTESIAN_POINT('',(0.,0.));
#13497 = DIRECTION('',(1.,0.));
#13498 = ( GEOMETRIC_REPRESENTATION_CONTEXT(2)
PARAMETRIC_REPRESENTATION_CONTEXT() REPRESENTATION_CONTEXT('2D SPACE',''
  ) );
#13499 = PCURVE('',#12298,#13500);
#13500 = DEFINITIONAL_REPRESENTATION('',(#13501),#13505);
#13501 = CIRCLE('',#13502,29.25);
#13502 = AXIS2_PLACEMENT_2D('',#13503,#13504);
#13503 = CARTESIAN_POINT('',(-28.25,3.1875));
#13504 = DIRECTION('',(-1.,-1.224646799147E-16));
#13505 = ( GEOMETRIC_REPRESENTATION_CONTEXT(2)
PARAMETRIC_REPRESENTATION_CONTEXT() REPRESENTATION_CONTEXT('2D SPACE',''
  ) );
#13506 = ORIENTED_EDGE('',*,*,#8508,.F.);
#13507 = ORIENTED_EDGE('',*,*,#8485,.F.);
#13508 = ORIENTED_EDGE('',*,*,#8457,.T.);
#13509 = ADVANCED_FACE('',(#13510),#9455,.T.);
#13510 = FACE_BOUND('',#13511,.T.);
#13511 = EDGE_LOOP('',(#13512,#13513,#13514,#13515));
#13512 = ORIENTED_EDGE('',*,*,#9441,.F.);
#13513 = ORIENTED_EDGE('',*,*,#9679,.T.);
#13514 = ORIENTED_EDGE('',*,*,#9858,.T.);
#13515 = ORIENTED_EDGE('',*,*,#13516,.F.);
#13516 = EDGE_CURVE('',#9414,#9836,#13517,.T.);
#13517 = SURFACE_CURVE('',#13518,(#13522,#13529),.PCURVE_S1.);
#13518 = LINE('',#13519,#13520);
#13519 = CARTESIAN_POINT('',(36.798508796715,10.00149521762,8.));
#13520 = VECTOR('',#13521,1.);
#13521 = DIRECTION('',(-0.342020143326,0.939692620786,0.));
#13522 = PCURVE('',#9455,#13523);
#13523 = DEFINITIONAL_REPRESENTATION('',(#13524),#13528);
#13524 = LINE('',#13525,#13526);
#13525 = CARTESIAN_POINT('',(8.,0.));
#13526 = VECTOR('',#13527,1.);
#13527 = DIRECTION('',(0.,-1.));
#13528 = ( GEOMETRIC_REPRESENTATION_CONTEXT(2)
PARAMETRIC_REPRESENTATION_CONTEXT() REPRESENTATION_CONTEXT('2D SPACE',''
  ) );
#13529 = PCURVE('',#9429,#13530);
#13530 = DEFINITIONAL_REPRESENTATION('',(#13531),#13535);
#13531 = LINE('',#13532,#13533);
#13532 = CARTESIAN_POINT('',(9.75,1.33226762955E-15));
#13533 = VECTOR('',#13534,1.);
#13534 = DIRECTION('',(0.,1.));
#13535 = ( GEOMETRIC_REPRESENTATION_CONTEXT(2)
PARAMETRIC_REPRESENTATION_CONTEXT() REPRESENTATION_CONTEXT('2D SPACE',''
  ) );
#13536 = ADVANCED_FACE('',(#13537),#9429,.T.);
#13537 = FACE_BOUND('',#13538,.T.);
#13538 = EDGE_LOOP('',(#13539,#13540,#13541,#13542));
#13539 = ORIENTED_EDGE('',*,*,#9835,.F.);
#13540 = ORIENTED_EDGE('',*,*,#13038,.F.);
#13541 = ORIENTED_EDGE('',*,*,#9413,.T.);
#13542 = ORIENTED_EDGE('',*,*,#13516,.T.);
#13543 = ADVANCED_FACE('',(#13544),#9488,.T.);
#13544 = FACE_BOUND('',#13545,.T.);
#13545 = EDGE_LOOP('',(#13546,#13547,#13548,#13549,#13550));
#13546 = ORIENTED_EDGE('',*,*,#9472,.F.);
#13547 = ORIENTED_EDGE('',*,*,#13009,.F.);
#13548 = ORIENTED_EDGE('',*,*,#12985,.F.);
#13549 = ORIENTED_EDGE('',*,*,#9526,.T.);
#13550 = ORIENTED_EDGE('',*,*,#12961,.T.);
#13551 = ADVANCED_FACE('',(#13552),#9639,.T.);
#13552 = FACE_BOUND('',#13553,.T.);
#13553 = EDGE_LOOP('',(#13554,#13555,#13556,#13557));
#13554 = ORIENTED_EDGE('',*,*,#9907,.F.);
#13555 = ORIENTED_EDGE('',*,*,#9728,.T.);
#13556 = ORIENTED_EDGE('',*,*,#9625,.T.);
#13557 = ORIENTED_EDGE('',*,*,#13558,.F.);
#13558 = EDGE_CURVE('',#9885,#9598,#13559,.T.);
#13559 = SURFACE_CURVE('',#13560,(#13564,#13571),.PCURVE_S1.);
#13560 = LINE('',#13561,#13562);
#13561 = CARTESIAN_POINT('',(34.618130383014,-15.99203567513,8.));
#13562 = VECTOR('',#13563,1.);
#13563 = DIRECTION('',(0.342020143326,0.939692620786,0.));
#13564 = PCURVE('',#9639,#13565);
#13565 = DEFINITIONAL_REPRESENTATION('',(#13566),#13570);
#13566 = LINE('',#13567,#13568);
#13567 = CARTESIAN_POINT('',(8.,0.));
#13568 = VECTOR('',#13569,1.);
#13569 = DIRECTION('',(0.,-1.));
#13570 = ( GEOMETRIC_REPRESENTATION_CONTEXT(2)
PARAMETRIC_REPRESENTATION_CONTEXT() REPRESENTATION_CONTEXT('2D SPACE',''
  ) );
#13571 = PCURVE('',#9613,#13572);
#13572 = DEFINITIONAL_REPRESENTATION('',(#13573),#13577);
#13573 = LINE('',#13574,#13575);
#13574 = CARTESIAN_POINT('',(9.75,8.881784197001E-16));
#13575 = VECTOR('',#13576,1.);
#13576 = DIRECTION('',(0.,1.));
#13577 = ( GEOMETRIC_REPRESENTATION_CONTEXT(2)
PARAMETRIC_REPRESENTATION_CONTEXT() REPRESENTATION_CONTEXT('2D SPACE',''
  ) );
#13578 = ADVANCED_FACE('',(#13579),#9613,.T.);
#13579 = FACE_BOUND('',#13580,.T.);
#13580 = EDGE_LOOP('',(#13581,#13582,#13583,#13584));
#13581 = ORIENTED_EDGE('',*,*,#9597,.F.);
#13582 = ORIENTED_EDGE('',*,*,#13065,.F.);
#13583 = ORIENTED_EDGE('',*,*,#9884,.T.);
#13584 = ORIENTED_EDGE('',*,*,#13558,.T.);
#13585 = ADVANCED_FACE('',(#13586),#9818,.T.);
#13586 = FACE_BOUND('',#13587,.T.);
#13587 = EDGE_LOOP('',(#13588,#13589,#13590,#13591));
#13588 = ORIENTED_EDGE('',*,*,#9804,.F.);
#13589 = ORIENTED_EDGE('',*,*,#10037,.T.);
#13590 = ORIENTED_EDGE('',*,*,#10216,.T.);
#13591 = ORIENTED_EDGE('',*,*,#13592,.F.);
#13592 = EDGE_CURVE('',#9777,#10194,#13593,.T.);
#13593 = SURFACE_CURVE('',#13594,(#13598,#13605),.PCURVE_S1.);
#13594 = LINE('',#13595,#13596);
#13595 = CARTESIAN_POINT('',(31.158574344397,21.984162505647,8.));
#13596 = VECTOR('',#13597,1.);
#13597 = DIRECTION('',(-0.642787609687,0.766044443119,0.));
#13598 = PCURVE('',#9818,#13599);
#13599 = DEFINITIONAL_REPRESENTATION('',(#13600),#13604);
#13600 = LINE('',#13601,#13602);
#13601 = CARTESIAN_POINT('',(8.,0.));
#13602 = VECTOR('',#13603,1.);
#13603 = DIRECTION('',(0.,-1.));
#13604 = ( GEOMETRIC_REPRESENTATION_CONTEXT(2)
PARAMETRIC_REPRESENTATION_CONTEXT() REPRESENTATION_CONTEXT('2D SPACE',''
  ) );
#13605 = PCURVE('',#9792,#13606);
#13606 = DEFINITIONAL_REPRESENTATION('',(#13607),#13611);
#13607 = LINE('',#13608,#13609);
#13608 = CARTESIAN_POINT('',(9.75,-2.6645352591E-15));
#13609 = VECTOR('',#13610,1.);
#13610 = DIRECTION('',(0.,1.));
#13611 = ( GEOMETRIC_REPRESENTATION_CONTEXT(2)
PARAMETRIC_REPRESENTATION_CONTEXT() REPRESENTATION_CONTEXT('2D SPACE',''
  ) );
#13612 = ADVANCED_FACE('',(#13613),#9792,.T.);
#13613 = FACE_BOUND('',#13614,.T.);
#13614 = EDGE_LOOP('',(#13615,#13616,#13617,#13618));
#13615 = ORIENTED_EDGE('',*,*,#10193,.F.);
#13616 = ORIENTED_EDGE('',*,*,#13093,.F.);
#13617 = ORIENTED_EDGE('',*,*,#9776,.T.);
#13618 = ORIENTED_EDGE('',*,*,#13592,.T.);
#13619 = ADVANCED_FACE('',(#13620),#9997,.T.);
#13620 = FACE_BOUND('',#13621,.T.);
#13621 = EDGE_LOOP('',(#13622,#13623,#13624,#13625));
#13622 = ORIENTED_EDGE('',*,*,#10265,.F.);
#13623 = ORIENTED_EDGE('',*,*,#10086,.T.);
#13624 = ORIENTED_EDGE('',*,*,#9983,.T.);
#13625 = ORIENTED_EDGE('',*,*,#13626,.F.);
#13626 = EDGE_CURVE('',#10243,#9956,#13627,.T.);
#13627 = SURFACE_CURVE('',#13628,(#13632,#13639),.PCURVE_S1.);
#13628 = LINE('',#13629,#13630);
#13629 = CARTESIAN_POINT('',(27.060803332645,-26.86769583053,8.));
#13630 = VECTOR('',#13631,1.);
#13631 = DIRECTION('',(0.642787609687,0.766044443119,0.));
#13632 = PCURVE('',#9997,#13633);
#13633 = DEFINITIONAL_REPRESENTATION('',(#13634),#13638);
#13634 = LINE('',#13635,#13636);
#13635 = CARTESIAN_POINT('',(8.,0.));
#13636 = VECTOR('',#13637,1.);
#13637 = DIRECTION('',(0.,-1.));
#13638 = ( GEOMETRIC_REPRESENTATION_CONTEXT(2)
PARAMETRIC_REPRESENTATION_CONTEXT() REPRESENTATION_CONTEXT('2D SPACE',''
  ) );
#13639 = PCURVE('',#9971,#13640);
#13640 = DEFINITIONAL_REPRESENTATION('',(#13641),#13645);
#13641 = LINE('',#13642,#13643);
#13642 = CARTESIAN_POINT('',(9.75,-2.6645352591E-15));
#13643 = VECTOR('',#13644,1.);
#13644 = DIRECTION('',(0.,1.));
#13645 = ( GEOMETRIC_REPRESENTATION_CONTEXT(2)
PARAMETRIC_REPRESENTATION_CONTEXT() REPRESENTATION_CONTEXT('2D SPACE',''
  ) );
#13646 = ADVANCED_FACE('',(#13647),#9971,.T.);
#13647 = FACE_BOUND('',#13648,.T.);
#13648 = EDGE_LOOP('',(#13649,#13650,#13651,#13652));
#13649 = ORIENTED_EDGE('',*,*,#9955,.F.);
#13650 = ORIENTED_EDGE('',*,*,#13121,.F.);
#13651 = ORIENTED_EDGE('',*,*,#10242,.T.);
#13652 = ORIENTED_EDGE('',*,*,#13626,.T.);
#13653 = ADVANCED_FACE('',(#13654),#10176,.T.);
#13654 = FACE_BOUND('',#13655,.T.);
#13655 = EDGE_LOOP('',(#13656,#13657,#13658,#13659));
#13656 = ORIENTED_EDGE('',*,*,#10162,.F.);
#13657 = ORIENTED_EDGE('',*,*,#10395,.T.);
#13658 = ORIENTED_EDGE('',*,*,#10574,.T.);
#13659 = ORIENTED_EDGE('',*,*,#13660,.F.);
#13660 = EDGE_CURVE('',#10135,#10552,#13661,.T.);
#13661 = SURFACE_CURVE('',#13662,(#13666,#13673),.PCURVE_S1.);
#13662 = LINE('',#13663,#13664);
#13663 = CARTESIAN_POINT('',(21.760455974563,31.315215343809,8.));
#13664 = VECTOR('',#13665,1.);
#13665 = DIRECTION('',(-0.866025403784,0.5,0.));
#13666 = PCURVE('',#10176,#13667);
#13667 = DEFINITIONAL_REPRESENTATION('',(#13668),#13672);
#13668 = LINE('',#13669,#13670);
#13669 = CARTESIAN_POINT('',(8.,0.));
#13670 = VECTOR('',#13671,1.);
#13671 = DIRECTION('',(0.,-1.));
#13672 = ( GEOMETRIC_REPRESENTATION_CONTEXT(2)
PARAMETRIC_REPRESENTATION_CONTEXT() REPRESENTATION_CONTEXT('2D SPACE',''
  ) );
#13673 = PCURVE('',#10150,#13674);
#13674 = DEFINITIONAL_REPRESENTATION('',(#13675),#13679);
#13675 = LINE('',#13676,#13677);
#13676 = CARTESIAN_POINT('',(9.75,8.881784197001E-16));
#13677 = VECTOR('',#13678,1.);
#13678 = DIRECTION('',(0.,1.));
#13679 = ( GEOMETRIC_REPRESENTATION_CONTEXT(2)
PARAMETRIC_REPRESENTATION_CONTEXT() REPRESENTATION_CONTEXT('2D SPACE',''
  ) );
#13680 = ADVANCED_FACE('',(#13681),#10150,.T.);
#13681 = FACE_BOUND('',#13682,.T.);
#13682 = EDGE_LOOP('',(#13683,#13684,#13685,#13686));
#13683 = ORIENTED_EDGE('',*,*,#10551,.F.);
#13684 = ORIENTED_EDGE('',*,*,#13149,.F.);
#13685 = ORIENTED_EDGE('',*,*,#10134,.T.);
#13686 = ORIENTED_EDGE('',*,*,#13660,.T.);
#13687 = ADVANCED_FACE('',(#13688),#10355,.T.);
#13688 = FACE_BOUND('',#13689,.T.);
#13689 = EDGE_LOOP('',(#13690,#13691,#13692,#13693));
#13690 = ORIENTED_EDGE('',*,*,#10623,.F.);
#13691 = ORIENTED_EDGE('',*,*,#10444,.T.);
#13692 = ORIENTED_EDGE('',*,*,#10341,.T.);
#13693 = ORIENTED_EDGE('',*,*,#13694,.F.);
#13694 = EDGE_CURVE('',#10601,#10314,#13695,.T.);
#13695 = SURFACE_CURVE('',#13696,(#13700,#13707),.PCURVE_S1.);
#13696 = LINE('',#13697,#13698);
#13697 = CARTESIAN_POINT('',(16.239544025437,-34.5027153438,8.));
#13698 = VECTOR('',#13699,1.);
#13699 = DIRECTION('',(0.866025403784,0.5,0.));
#13700 = PCURVE('',#10355,#13701);
#13701 = DEFINITIONAL_REPRESENTATION('',(#13702),#13706);
#13702 = LINE('',#13703,#13704);
#13703 = CARTESIAN_POINT('',(8.,0.));
#13704 = VECTOR('',#13705,1.);
#13705 = DIRECTION('',(0.,-1.));
#13706 = ( GEOMETRIC_REPRESENTATION_CONTEXT(2)
PARAMETRIC_REPRESENTATION_CONTEXT() REPRESENTATION_CONTEXT('2D SPACE',''
  ) );
#13707 = PCURVE('',#10329,#13708);
#13708 = DEFINITIONAL_REPRESENTATION('',(#13709),#13713);
#13709 = LINE('',#13710,#13711);
#13710 = CARTESIAN_POINT('',(9.75,-8.881784197001E-16));
#13711 = VECTOR('',#13712,1.);
#13712 = DIRECTION('',(0.,1.));
#13713 = ( GEOMETRIC_REPRESENTATION_CONTEXT(2)
PARAMETRIC_REPRESENTATION_CONTEXT() REPRESENTATION_CONTEXT('2D SPACE',''
  ) );
#13714 = ADVANCED_FACE('',(#13715),#10329,.T.);
#13715 = FACE_BOUND('',#13716,.T.);
#13716 = EDGE_LOOP('',(#13717,#13718,#13719,#13720));
#13717 = ORIENTED_EDGE('',*,*,#10313,.F.);
#13718 = ORIENTED_EDGE('',*,*,#13177,.F.);
#13719 = ORIENTED_EDGE('',*,*,#10600,.T.);
#13720 = ORIENTED_EDGE('',*,*,#13694,.T.);
#13721 = ADVANCED_FACE('',(#13722),#10534,.T.);
#13722 = FACE_BOUND('',#13723,.T.);
#13723 = EDGE_LOOP('',(#13724,#13725,#13726,#13727));
#13724 = ORIENTED_EDGE('',*,*,#10520,.F.);
#13725 = ORIENTED_EDGE('',*,*,#10753,.T.);
#13726 = ORIENTED_EDGE('',*,*,#10932,.T.);
#13727 = ORIENTED_EDGE('',*,*,#13728,.F.);
#13728 = EDGE_CURVE('',#10493,#10910,#13729,.T.);
#13729 = SURFACE_CURVE('',#13730,(#13734,#13741),.PCURVE_S1.);
#13730 = LINE('',#13731,#13732);
#13731 = CARTESIAN_POINT('',(9.73770546407,36.869191048151,8.));
#13732 = VECTOR('',#13733,1.);
#13733 = DIRECTION('',(-0.984807753012,0.173648177667,0.));
#13734 = PCURVE('',#10534,#13735);
#13735 = DEFINITIONAL_REPRESENTATION('',(#13736),#13740);
#13736 = LINE('',#13737,#13738);
#13737 = CARTESIAN_POINT('',(8.,0.));
#13738 = VECTOR('',#13739,1.);
#13739 = DIRECTION('',(0.,-1.));
#13740 = ( GEOMETRIC_REPRESENTATION_CONTEXT(2)
PARAMETRIC_REPRESENTATION_CONTEXT() REPRESENTATION_CONTEXT('2D SPACE',''
  ) );
#13741 = PCURVE('',#10508,#13742);
#13742 = DEFINITIONAL_REPRESENTATION('',(#13743),#13747);
#13743 = LINE('',#13744,#13745);
#13744 = CARTESIAN_POINT('',(9.75,1.7763568394E-15));
#13745 = VECTOR('',#13746,1.);
#13746 = DIRECTION('',(0.,1.));
#13747 = ( GEOMETRIC_REPRESENTATION_CONTEXT(2)
PARAMETRIC_REPRESENTATION_CONTEXT() REPRESENTATION_CONTEXT('2D SPACE',''
  ) );
#13748 = ADVANCED_FACE('',(#13749),#10508,.T.);
#13749 = FACE_BOUND('',#13750,.T.);
#13750 = EDGE_LOOP('',(#13751,#13752,#13753,#13754));
#13751 = ORIENTED_EDGE('',*,*,#10909,.F.);
#13752 = ORIENTED_EDGE('',*,*,#13205,.F.);
#13753 = ORIENTED_EDGE('',*,*,#10492,.T.);
#13754 = ORIENTED_EDGE('',*,*,#13728,.T.);
#13755 = ADVANCED_FACE('',(#13756),#10713,.T.);
#13756 = FACE_BOUND('',#13757,.T.);
#13757 = EDGE_LOOP('',(#13758,#13759,#13760,#13761));
#13758 = ORIENTED_EDGE('',*,*,#10981,.F.);
#13759 = ORIENTED_EDGE('',*,*,#10802,.T.);
#13760 = ORIENTED_EDGE('',*,*,#10699,.T.);
#13761 = ORIENTED_EDGE('',*,*,#13762,.F.);
#13762 = EDGE_CURVE('',#10959,#10672,#13763,.T.);
#13763 = SURFACE_CURVE('',#13764,(#13768,#13775),.PCURVE_S1.);
#13764 = LINE('',#13765,#13766);
#13765 = CARTESIAN_POINT('',(3.459556038617,-37.97619818077,8.));
#13766 = VECTOR('',#13767,1.);
#13767 = DIRECTION('',(0.984807753012,0.173648177667,0.));
#13768 = PCURVE('',#10713,#13769);
#13769 = DEFINITIONAL_REPRESENTATION('',(#13770),#13774);
#13770 = LINE('',#13771,#13772);
#13771 = CARTESIAN_POINT('',(8.,0.));
#13772 = VECTOR('',#13773,1.);
#13773 = DIRECTION('',(0.,-1.));
#13774 = ( GEOMETRIC_REPRESENTATION_CONTEXT(2)
PARAMETRIC_REPRESENTATION_CONTEXT() REPRESENTATION_CONTEXT('2D SPACE',''
  ) );
#13775 = PCURVE('',#10687,#13776);
#13776 = DEFINITIONAL_REPRESENTATION('',(#13777),#13781);
#13777 = LINE('',#13778,#13779);
#13778 = CARTESIAN_POINT('',(9.75,4.440892098501E-16));
#13779 = VECTOR('',#13780,1.);
#13780 = DIRECTION('',(0.,1.));
#13781 = ( GEOMETRIC_REPRESENTATION_CONTEXT(2)
PARAMETRIC_REPRESENTATION_CONTEXT() REPRESENTATION_CONTEXT('2D SPACE',''
  ) );
#13782 = ADVANCED_FACE('',(#13783),#10687,.T.);
#13783 = FACE_BOUND('',#13784,.T.);
#13784 = EDGE_LOOP('',(#13785,#13786,#13787,#13788));
#13785 = ORIENTED_EDGE('',*,*,#10671,.F.);
#13786 = ORIENTED_EDGE('',*,*,#13233,.F.);
#13787 = ORIENTED_EDGE('',*,*,#10958,.T.);
#13788 = ORIENTED_EDGE('',*,*,#13762,.T.);
#13789 = ADVANCED_FACE('',(#13790),#10892,.T.);
#13790 = FACE_BOUND('',#13791,.T.);
#13791 = EDGE_LOOP('',(#13792,#13793,#13794,#13795));
#13792 = ORIENTED_EDGE('',*,*,#10878,.F.);
#13793 = ORIENTED_EDGE('',*,*,#11111,.T.);
#13794 = ORIENTED_EDGE('',*,*,#11290,.T.);
#13795 = ORIENTED_EDGE('',*,*,#13796,.F.);
#13796 = EDGE_CURVE('',#10851,#11268,#13797,.T.);
#13797 = SURFACE_CURVE('',#13798,(#13802,#13809),.PCURVE_S1.);
#13798 = LINE('',#13799,#13800);
#13799 = CARTESIAN_POINT('',(-3.459556038617,37.976198180777,8.));
#13800 = VECTOR('',#13801,1.);
#13801 = DIRECTION('',(-0.984807753012,-0.173648177667,0.));
#13802 = PCURVE('',#10892,#13803);
#13803 = DEFINITIONAL_REPRESENTATION('',(#13804),#13808);
#13804 = LINE('',#13805,#13806);
#13805 = CARTESIAN_POINT('',(8.,0.));
#13806 = VECTOR('',#13807,1.);
#13807 = DIRECTION('',(0.,-1.));
#13808 = ( GEOMETRIC_REPRESENTATION_CONTEXT(2)
PARAMETRIC_REPRESENTATION_CONTEXT() REPRESENTATION_CONTEXT('2D SPACE',''
  ) );
#13809 = PCURVE('',#10866,#13810);
#13810 = DEFINITIONAL_REPRESENTATION('',(#13811),#13815);
#13811 = LINE('',#13812,#13813);
#13812 = CARTESIAN_POINT('',(9.75,4.440892098501E-16));
#13813 = VECTOR('',#13814,1.);
#13814 = DIRECTION('',(0.,1.));
#13815 = ( GEOMETRIC_REPRESENTATION_CONTEXT(2)
PARAMETRIC_REPRESENTATION_CONTEXT() REPRESENTATION_CONTEXT('2D SPACE',''
  ) );
#13816 = ADVANCED_FACE('',(#13817),#10866,.T.);
#13817 = FACE_BOUND('',#13818,.T.);
#13818 = EDGE_LOOP('',(#13819,#13820,#13821,#13822));
#13819 = ORIENTED_EDGE('',*,*,#11267,.F.);
#13820 = ORIENTED_EDGE('',*,*,#13261,.F.);
#13821 = ORIENTED_EDGE('',*,*,#10850,.T.);
#13822 = ORIENTED_EDGE('',*,*,#13796,.T.);
#13823 = ADVANCED_FACE('',(#13824),#11071,.T.);
#13824 = FACE_BOUND('',#13825,.T.);
#13825 = EDGE_LOOP('',(#13826,#13827,#13828,#13829));
#13826 = ORIENTED_EDGE('',*,*,#11339,.F.);
#13827 = ORIENTED_EDGE('',*,*,#11160,.T.);
#13828 = ORIENTED_EDGE('',*,*,#11057,.T.);
#13829 = ORIENTED_EDGE('',*,*,#13830,.F.);
#13830 = EDGE_CURVE('',#11317,#11030,#13831,.T.);
#13831 = SURFACE_CURVE('',#13832,(#13836,#13843),.PCURVE_S1.);
#13832 = LINE('',#13833,#13834);
#13833 = CARTESIAN_POINT('',(-9.73770546407,-36.86919104815,8.));
#13834 = VECTOR('',#13835,1.);
#13835 = DIRECTION('',(0.984807753012,-0.173648177667,0.));
#13836 = PCURVE('',#11071,#13837);
#13837 = DEFINITIONAL_REPRESENTATION('',(#13838),#13842);
#13838 = LINE('',#13839,#13840);
#13839 = CARTESIAN_POINT('',(8.,0.));
#13840 = VECTOR('',#13841,1.);
#13841 = DIRECTION('',(0.,-1.));
#13842 = ( GEOMETRIC_REPRESENTATION_CONTEXT(2)
PARAMETRIC_REPRESENTATION_CONTEXT() REPRESENTATION_CONTEXT('2D SPACE',''
  ) );
#13843 = PCURVE('',#11045,#13844);
#13844 = DEFINITIONAL_REPRESENTATION('',(#13845),#13849);
#13845 = LINE('',#13846,#13847);
#13846 = CARTESIAN_POINT('',(9.75,8.881784197001E-16));
#13847 = VECTOR('',#13848,1.);
#13848 = DIRECTION('',(0.,1.));
#13849 = ( GEOMETRIC_REPRESENTATION_CONTEXT(2)
PARAMETRIC_REPRESENTATION_CONTEXT() REPRESENTATION_CONTEXT('2D SPACE',''
  ) );
#13850 = ADVANCED_FACE('',(#13851),#11045,.T.);
#13851 = FACE_BOUND('',#13852,.T.);
#13852 = EDGE_LOOP('',(#13853,#13854,#13855,#13856));
#13853 = ORIENTED_EDGE('',*,*,#11029,.F.);
#13854 = ORIENTED_EDGE('',*,*,#13289,.F.);
#13855 = ORIENTED_EDGE('',*,*,#11316,.T.);
#13856 = ORIENTED_EDGE('',*,*,#13830,.T.);
#13857 = ADVANCED_FACE('',(#13858),#11250,.T.);
#13858 = FACE_BOUND('',#13859,.T.);
#13859 = EDGE_LOOP('',(#13860,#13861,#13862,#13863));
#13860 = ORIENTED_EDGE('',*,*,#11236,.F.);
#13861 = ORIENTED_EDGE('',*,*,#11469,.T.);
#13862 = ORIENTED_EDGE('',*,*,#11648,.T.);
#13863 = ORIENTED_EDGE('',*,*,#13864,.F.);
#13864 = EDGE_CURVE('',#11209,#11626,#13865,.T.);
#13865 = SURFACE_CURVE('',#13866,(#13870,#13877),.PCURVE_S1.);
#13866 = LINE('',#13867,#13868);
#13867 = CARTESIAN_POINT('',(-16.23954402543,34.502715343809,8.));
#13868 = VECTOR('',#13869,1.);
#13869 = DIRECTION('',(-0.866025403784,-0.5,0.));
#13870 = PCURVE('',#11250,#13871);
#13871 = DEFINITIONAL_REPRESENTATION('',(#13872),#13876);
#13872 = LINE('',#13873,#13874);
#13873 = CARTESIAN_POINT('',(8.,0.));
#13874 = VECTOR('',#13875,1.);
#13875 = DIRECTION('',(0.,-1.));
#13876 = ( GEOMETRIC_REPRESENTATION_CONTEXT(2)
PARAMETRIC_REPRESENTATION_CONTEXT() REPRESENTATION_CONTEXT('2D SPACE',''
  ) );
#13877 = PCURVE('',#11224,#13878);
#13878 = DEFINITIONAL_REPRESENTATION('',(#13879),#13883);
#13879 = LINE('',#13880,#13881);
#13880 = CARTESIAN_POINT('',(9.75,8.881784197001E-16));
#13881 = VECTOR('',#13882,1.);
#13882 = DIRECTION('',(0.,1.));
#13883 = ( GEOMETRIC_REPRESENTATION_CONTEXT(2)
PARAMETRIC_REPRESENTATION_CONTEXT() REPRESENTATION_CONTEXT('2D SPACE',''
  ) );
#13884 = ADVANCED_FACE('',(#13885),#11224,.T.);
#13885 = FACE_BOUND('',#13886,.T.);
#13886 = EDGE_LOOP('',(#13887,#13888,#13889,#13890));
#13887 = ORIENTED_EDGE('',*,*,#11625,.F.);
#13888 = ORIENTED_EDGE('',*,*,#13317,.F.);
#13889 = ORIENTED_EDGE('',*,*,#11208,.T.);
#13890 = ORIENTED_EDGE('',*,*,#13864,.T.);
#13891 = ADVANCED_FACE('',(#13892),#11429,.T.);
#13892 = FACE_BOUND('',#13893,.T.);
#13893 = EDGE_LOOP('',(#13894,#13895,#13896,#13897));
#13894 = ORIENTED_EDGE('',*,*,#11697,.F.);
#13895 = ORIENTED_EDGE('',*,*,#11518,.T.);
#13896 = ORIENTED_EDGE('',*,*,#11415,.T.);
#13897 = ORIENTED_EDGE('',*,*,#13898,.F.);
#13898 = EDGE_CURVE('',#11675,#11388,#13899,.T.);
#13899 = SURFACE_CURVE('',#13900,(#13904,#13911),.PCURVE_S1.);
#13900 = LINE('',#13901,#13902);
#13901 = CARTESIAN_POINT('',(-21.76045597456,-31.3152153438,8.));
#13902 = VECTOR('',#13903,1.);
#13903 = DIRECTION('',(0.866025403784,-0.5,0.));
#13904 = PCURVE('',#11429,#13905);
#13905 = DEFINITIONAL_REPRESENTATION('',(#13906),#13910);
#13906 = LINE('',#13907,#13908);
#13907 = CARTESIAN_POINT('',(8.,0.));
#13908 = VECTOR('',#13909,1.);
#13909 = DIRECTION('',(0.,-1.));
#13910 = ( GEOMETRIC_REPRESENTATION_CONTEXT(2)
PARAMETRIC_REPRESENTATION_CONTEXT() REPRESENTATION_CONTEXT('2D SPACE',''
  ) );
#13911 = PCURVE('',#11403,#13912);
#13912 = DEFINITIONAL_REPRESENTATION('',(#13913),#13917);
#13913 = LINE('',#13914,#13915);
#13914 = CARTESIAN_POINT('',(9.75,-8.881784197001E-16));
#13915 = VECTOR('',#13916,1.);
#13916 = DIRECTION('',(0.,1.));
#13917 = ( GEOMETRIC_REPRESENTATION_CONTEXT(2)
PARAMETRIC_REPRESENTATION_CONTEXT() REPRESENTATION_CONTEXT('2D SPACE',''
  ) );
#13918 = ADVANCED_FACE('',(#13919),#11403,.T.);
#13919 = FACE_BOUND('',#13920,.T.);
#13920 = EDGE_LOOP('',(#13921,#13922,#13923,#13924));
#13921 = ORIENTED_EDGE('',*,*,#11387,.F.);
#13922 = ORIENTED_EDGE('',*,*,#13345,.F.);
#13923 = ORIENTED_EDGE('',*,*,#11674,.T.);
#13924 = ORIENTED_EDGE('',*,*,#13898,.T.);
#13925 = ADVANCED_FACE('',(#13926),#11608,.T.);
#13926 = FACE_BOUND('',#13927,.T.);
#13927 = EDGE_LOOP('',(#13928,#13929,#13930,#13931));
#13928 = ORIENTED_EDGE('',*,*,#11594,.F.);
#13929 = ORIENTED_EDGE('',*,*,#11827,.T.);
#13930 = ORIENTED_EDGE('',*,*,#12006,.T.);
#13931 = ORIENTED_EDGE('',*,*,#13932,.F.);
#13932 = EDGE_CURVE('',#11567,#11984,#13933,.T.);
#13933 = SURFACE_CURVE('',#13934,(#13938,#13945),.PCURVE_S1.);
#13934 = LINE('',#13935,#13936);
#13935 = CARTESIAN_POINT('',(-27.06080333264,26.86769583053,8.));
#13936 = VECTOR('',#13937,1.);
#13937 = DIRECTION('',(-0.642787609687,-0.766044443119,0.));
#13938 = PCURVE('',#11608,#13939);
#13939 = DEFINITIONAL_REPRESENTATION('',(#13940),#13944);
#13940 = LINE('',#13941,#13942);
#13941 = CARTESIAN_POINT('',(8.,0.));
#13942 = VECTOR('',#13943,1.);
#13943 = DIRECTION('',(0.,-1.));
#13944 = ( GEOMETRIC_REPRESENTATION_CONTEXT(2)
PARAMETRIC_REPRESENTATION_CONTEXT() REPRESENTATION_CONTEXT('2D SPACE',''
  ) );
#13945 = PCURVE('',#11582,#13946);
#13946 = DEFINITIONAL_REPRESENTATION('',(#13947),#13951);
#13947 = LINE('',#13948,#13949);
#13948 = CARTESIAN_POINT('',(9.75,-2.6645352591E-15));
#13949 = VECTOR('',#13950,1.);
#13950 = DIRECTION('',(0.,1.));
#13951 = ( GEOMETRIC_REPRESENTATION_CONTEXT(2)
PARAMETRIC_REPRESENTATION_CONTEXT() REPRESENTATION_CONTEXT('2D SPACE',''
  ) );
#13952 = ADVANCED_FACE('',(#13953),#11582,.T.);
#13953 = FACE_BOUND('',#13954,.T.);
#13954 = EDGE_LOOP('',(#13955,#13956,#13957,#13958));
#13955 = ORIENTED_EDGE('',*,*,#11983,.F.);
#13956 = ORIENTED_EDGE('',*,*,#13373,.F.);
#13957 = ORIENTED_EDGE('',*,*,#11566,.T.);
#13958 = ORIENTED_EDGE('',*,*,#13932,.T.);
#13959 = ADVANCED_FACE('',(#13960),#11787,.T.);
#13960 = FACE_BOUND('',#13961,.T.);
#13961 = EDGE_LOOP('',(#13962,#13963,#13964,#13965));
#13962 = ORIENTED_EDGE('',*,*,#12055,.F.);
#13963 = ORIENTED_EDGE('',*,*,#11876,.T.);
#13964 = ORIENTED_EDGE('',*,*,#11773,.T.);
#13965 = ORIENTED_EDGE('',*,*,#13966,.F.);
#13966 = EDGE_CURVE('',#12033,#11746,#13967,.T.);
#13967 = SURFACE_CURVE('',#13968,(#13972,#13979),.PCURVE_S1.);
#13968 = LINE('',#13969,#13970);
#13969 = CARTESIAN_POINT('',(-31.15857434439,-21.98416250564,8.));
#13970 = VECTOR('',#13971,1.);
#13971 = DIRECTION('',(0.642787609687,-0.766044443119,0.));
#13972 = PCURVE('',#11787,#13973);
#13973 = DEFINITIONAL_REPRESENTATION('',(#13974),#13978);
#13974 = LINE('',#13975,#13976);
#13975 = CARTESIAN_POINT('',(8.,0.));
#13976 = VECTOR('',#13977,1.);
#13977 = DIRECTION('',(0.,-1.));
#13978 = ( GEOMETRIC_REPRESENTATION_CONTEXT(2)
PARAMETRIC_REPRESENTATION_CONTEXT() REPRESENTATION_CONTEXT('2D SPACE',''
  ) );
#13979 = PCURVE('',#11761,#13980);
#13980 = DEFINITIONAL_REPRESENTATION('',(#13981),#13985);
#13981 = LINE('',#13982,#13983);
#13982 = CARTESIAN_POINT('',(9.75,-1.7763568394E-15));
#13983 = VECTOR('',#13984,1.);
#13984 = DIRECTION('',(0.,1.));
#13985 = ( GEOMETRIC_REPRESENTATION_CONTEXT(2)
PARAMETRIC_REPRESENTATION_CONTEXT() REPRESENTATION_CONTEXT('2D SPACE',''
  ) );
#13986 = ADVANCED_FACE('',(#13987),#11761,.T.);
#13987 = FACE_BOUND('',#13988,.T.);
#13988 = EDGE_LOOP('',(#13989,#13990,#13991,#13992));
#13989 = ORIENTED_EDGE('',*,*,#11745,.F.);
#13990 = ORIENTED_EDGE('',*,*,#13401,.F.);
#13991 = ORIENTED_EDGE('',*,*,#12032,.T.);
#13992 = ORIENTED_EDGE('',*,*,#13966,.T.);
#13993 = ADVANCED_FACE('',(#13994),#11966,.T.);
#13994 = FACE_BOUND('',#13995,.T.);
#13995 = EDGE_LOOP('',(#13996,#13997,#13998,#13999));
#13996 = ORIENTED_EDGE('',*,*,#11952,.F.);
#13997 = ORIENTED_EDGE('',*,*,#12185,.T.);
#13998 = ORIENTED_EDGE('',*,*,#12364,.T.);
#13999 = ORIENTED_EDGE('',*,*,#14000,.F.);
#14000 = EDGE_CURVE('',#11925,#12342,#14001,.T.);
#14001 = SURFACE_CURVE('',#14002,(#14006,#14013),.PCURVE_S1.);
#14002 = LINE('',#14003,#14004);
#14003 = CARTESIAN_POINT('',(-34.61813038301,15.992035675131,8.));
#14004 = VECTOR('',#14005,1.);
#14005 = DIRECTION('',(-0.342020143326,-0.939692620786,0.));
#14006 = PCURVE('',#11966,#14007);
#14007 = DEFINITIONAL_REPRESENTATION('',(#14008),#14012);
#14008 = LINE('',#14009,#14010);
#14009 = CARTESIAN_POINT('',(8.,0.));
#14010 = VECTOR('',#14011,1.);
#14011 = DIRECTION('',(0.,-1.));
#14012 = ( GEOMETRIC_REPRESENTATION_CONTEXT(2)
PARAMETRIC_REPRESENTATION_CONTEXT() REPRESENTATION_CONTEXT('2D SPACE',''
  ) );
#14013 = PCURVE('',#11940,#14014);
#14014 = DEFINITIONAL_REPRESENTATION('',(#14015),#14019);
#14015 = LINE('',#14016,#14017);
#14016 = CARTESIAN_POINT('',(9.75,2.6645352591E-15));
#14017 = VECTOR('',#14018,1.);
#14018 = DIRECTION('',(0.,1.));
#14019 = ( GEOMETRIC_REPRESENTATION_CONTEXT(2)
PARAMETRIC_REPRESENTATION_CONTEXT() REPRESENTATION_CONTEXT('2D SPACE',''
  ) );
#14020 = ADVANCED_FACE('',(#14021),#11940,.T.);
#14021 = FACE_BOUND('',#14022,.T.);
#14022 = EDGE_LOOP('',(#14023,#14024,#14025,#14026));
#14023 = ORIENTED_EDGE('',*,*,#12341,.F.);
#14024 = ORIENTED_EDGE('',*,*,#13429,.F.);
#14025 = ORIENTED_EDGE('',*,*,#11924,.T.);
#14026 = ORIENTED_EDGE('',*,*,#14000,.T.);
#14027 = ADVANCED_FACE('',(#14028),#12145,.T.);
#14028 = FACE_BOUND('',#14029,.T.);
#14029 = EDGE_LOOP('',(#14030,#14031,#14032,#14033));
#14030 = ORIENTED_EDGE('',*,*,#12413,.F.);
#14031 = ORIENTED_EDGE('',*,*,#12234,.T.);
#14032 = ORIENTED_EDGE('',*,*,#12131,.T.);
#14033 = ORIENTED_EDGE('',*,*,#14034,.F.);
#14034 = EDGE_CURVE('',#12391,#12104,#14035,.T.);
#14035 = SURFACE_CURVE('',#14036,(#14040,#14047),.PCURVE_S1.);
#14036 = LINE('',#14037,#14038);
#14037 = CARTESIAN_POINT('',(-36.79850879671,-10.00149521762,8.));
#14038 = VECTOR('',#14039,1.);
#14039 = DIRECTION('',(0.342020143326,-0.939692620786,0.));
#14040 = PCURVE('',#12145,#14041);
#14041 = DEFINITIONAL_REPRESENTATION('',(#14042),#14046);
#14042 = LINE('',#14043,#14044);
#14043 = CARTESIAN_POINT('',(8.,0.));
#14044 = VECTOR('',#14045,1.);
#14045 = DIRECTION('',(0.,-1.));
#14046 = ( GEOMETRIC_REPRESENTATION_CONTEXT(2)
PARAMETRIC_REPRESENTATION_CONTEXT() REPRESENTATION_CONTEXT('2D SPACE',''
  ) );
#14047 = PCURVE('',#12119,#14048);
#14048 = DEFINITIONAL_REPRESENTATION('',(#14049),#14053);
#14049 = LINE('',#14050,#14051);
#14050 = CARTESIAN_POINT('',(9.75,4.440892098501E-16));
#14051 = VECTOR('',#14052,1.);
#14052 = DIRECTION('',(0.,1.));
#14053 = ( GEOMETRIC_REPRESENTATION_CONTEXT(2)
PARAMETRIC_REPRESENTATION_CONTEXT() REPRESENTATION_CONTEXT('2D SPACE',''
  ) );
#14054 = ADVANCED_FACE('',(#14055),#12119,.T.);
#14055 = FACE_BOUND('',#14056,.T.);
#14056 = EDGE_LOOP('',(#14057,#14058,#14059,#14060));
#14057 = ORIENTED_EDGE('',*,*,#12103,.F.);
#14058 = ORIENTED_EDGE('',*,*,#13457,.F.);
#14059 = ORIENTED_EDGE('',*,*,#12390,.T.);
#14060 = ORIENTED_EDGE('',*,*,#14034,.T.);
#14061 = ADVANCED_FACE('',(#14062),#12324,.T.);
#14062 = FACE_BOUND('',#14063,.T.);
#14063 = EDGE_LOOP('',(#14064,#14065,#14066,#14067));
#14064 = ORIENTED_EDGE('',*,*,#12310,.F.);
#14065 = ORIENTED_EDGE('',*,*,#12511,.T.);
#14066 = ORIENTED_EDGE('',*,*,#12484,.T.);
#14067 = ORIENTED_EDGE('',*,*,#14068,.F.);
#14068 = EDGE_CURVE('',#12283,#12462,#14069,.T.);
#14069 = SURFACE_CURVE('',#14070,(#14074,#14081),.PCURVE_S1.);
#14070 = LINE('',#14071,#14072);
#14071 = CARTESIAN_POINT('',(-38.,3.1875,8.));
#14072 = VECTOR('',#14073,1.);
#14073 = DIRECTION('',(-1.224646799147E-16,-1.,0.));
#14074 = PCURVE('',#12324,#14075);
#14075 = DEFINITIONAL_REPRESENTATION('',(#14076),#14080);
#14076 = LINE('',#14077,#14078);
#14077 = CARTESIAN_POINT('',(8.,0.));
#14078 = VECTOR('',#14079,1.);
#14079 = DIRECTION('',(0.,-1.));
#14080 = ( GEOMETRIC_REPRESENTATION_CONTEXT(2)
PARAMETRIC_REPRESENTATION_CONTEXT() REPRESENTATION_CONTEXT('2D SPACE',''
  ) );
#14081 = PCURVE('',#12298,#14082);
#14082 = DEFINITIONAL_REPRESENTATION('',(#14083),#14087);
#14083 = LINE('',#14084,#14085);
#14084 = CARTESIAN_POINT('',(9.75,3.058522094685E-16));
#14085 = VECTOR('',#14086,1.);
#14086 = DIRECTION('',(0.,1.));
#14087 = ( GEOMETRIC_REPRESENTATION_CONTEXT(2)
PARAMETRIC_REPRESENTATION_CONTEXT() REPRESENTATION_CONTEXT('2D SPACE',''
  ) );
#14088 = ADVANCED_FACE('',(#14089),#12298,.T.);
#14089 = FACE_BOUND('',#14090,.T.);
#14090 = EDGE_LOOP('',(#14091,#14092,#14093,#14094));
#14091 = ORIENTED_EDGE('',*,*,#12461,.F.);
#14092 = ORIENTED_EDGE('',*,*,#13485,.F.);
#14093 = ORIENTED_EDGE('',*,*,#12282,.T.);
#14094 = ORIENTED_EDGE('',*,*,#14068,.T.);
#14095 = ( GEOMETRIC_REPRESENTATION_CONTEXT(3)
GLOBAL_UNCERTAINTY_ASSIGNED_CONTEXT((#14099))
GLOBAL_UNIT_ASSIGNED_CONTEXT((#14096,#14097,#14098))
REPRESENTATION_CONTEXT('Context #1',
  '3D Context with UNIT and UNCERTAINTY') );
#14096 = ( LENGTH_UNIT() NAMED_UNIT(*) SI_UNIT(.MILLI.,.METRE.) );
#14097 = ( NAMED_UNIT(*) PLANE_ANGLE_UNIT() SI_UNIT($,.RADIAN.) );
#14098 = ( NAMED_UNIT(*) SI_UNIT($,.STERADIAN.) SOLID_ANGLE_UNIT() );
#14099 = UNCERTAINTY_MEASURE_WITH_UNIT(LENGTH_MEASURE(1.E-07),#14096,
  'distance_accuracy_value','confusion accuracy');
#14100 = PRODUCT_RELATED_PRODUCT_CATEGORY('part',$,(#7));
ENDSEC;
END-ISO-10303-21;
